machine_id,time,degra_level_observed,region,route,speed,load,brake_temperature,vibration_level,rul,segment_id
1,0,0,1,1,33.75225598,0.718433838,0,0.047835328,88,1
1,1,0.04207868,1,0,90.88474345,0.637161407,3.031550052,0,87,1
1,2,0,1,1,29.91599421,0.539072974,0,0.142555479,86,1
1,3,0,1,1,33.88895968,0.630980436,0,0,85,1
1,4,0,1,1,32.33754671,0.53844812,7.716751568,0.059370785,84,1
1,5,0.007096182,1,1,25.205587,0.712222397,2.880612397,0.043890977,83,1
1,6,0.013584177,1,1,29.07568818,0.556284412,0,0,82,1
1,7,0.158648154,1,1,29.22735259,0.581544584,3.536116812,0.419781799,81,1
1,8,0.528194458,1,0,103.7261643,0.660921773,0.91687574,0.135311773,80,1
1,9,0.523882518,1,0,103.015747,0.838542126,0,0.127453969,79,1
1,10,0.602570602,1,1,27.43878635,0.543000094,0,0.031836526,78,1
1,11,0.771019746,1,1,35.64486146,0.612982621,3.378333601,0.145836037,77,1
1,12,0.796978014,1,1,25.87759392,0.689436645,0,0.176634158,76,1
1,13,0.860692888,1,1,32.71577134,0.557826396,0,0.136906667,75,1
1,14,0.74166303,1,1,30.58342905,0.646246226,3.655227003,0.131490777,74,1
1,15,1.233591905,1,1,31.11797774,0.692268723,0,0,73,1
1,16,0.718665649,1,0,102.0238358,0.687506189,0,0.169615891,72,1
1,17,0.672095777,1,1,28.40164392,0.577340101,0,0,71,1
1,18,0.863825211,1,1,28.62428874,0.773871498,2.329659205,0.187875696,70,1
1,19,1.14475781,1,1,34.84139177,0.456090389,1.677575428,0,69,1
1,20,1.04000303,1,1,30.81376533,0.6829996,4.972218844,0,68,1
1,21,0.902343703,1,1,33.96673618,0.589504859,0.325478025,0.091060735,67,1
1,22,0.940069165,1,1,34.28987941,0.605246934,0,0.233873389,66,1
1,23,1.64605631,1,1,24.33356393,0.532432138,0,0,65,1
1,24,1.499951457,1,0,100.9969802,0.693425902,0.700557597,0.068557379,64,1
1,25,1.5659039,1,1,30.79269846,0.686936406,1.421582859,0.119209854,63,1
1,26,1.652317366,1,1,32.28387619,0.558184772,0.363274644,0.184316434,62,1
1,27,1.934731689,1,0,97.32783474,0.504793402,7.04014853,0,61,1
1,28,1.89977217,1,1,27.6529883,0.625626778,8.401863906,0.220174474,60,1
1,29,1.985601442,1,0,103.1257182,0.690915877,0,0.169586514,59,1
1,30,1.761006605,1,1,27.88350844,0.616405545,2.143290286,0,58,1
1,31,1.844767744,1,1,22.76443764,0.492107405,4.976629914,0.246665718,57,1
1,32,2.006498135,1,1,31.99887113,0.533829461,2.4115532,0.062004378,56,1
1,33,1.936558873,1,0,109.0945981,0.588750969,7.566976151,0.310747934,55,1
1,34,2.316736433,1,1,25.3319116,0.603833611,6.694199445,0.332232398,54,1
1,35,2.480822287,1,0,97.62676847,0.70840818,7.383691009,0.175905378,53,1
1,36,2.344742194,1,0,103.0409655,0.648150927,7.285537177,0.016502806,52,1
1,37,2.646103591,1,0,89.87759502,0.631590317,8.897269993,0.22377223,51,1
1,38,2.684595895,1,1,31.16338106,0.626562581,7.76713376,0.125797608,50,1
1,39,3.005871424,1,1,28.80322186,0.522027617,5.571151317,0,49,1
1,40,2.664095024,1,1,31.09998342,0.760296124,5.642265141,0.157534883,48,1
1,41,2.651431062,1,1,31.7843553,0.770707656,7.739754488,0.110359963,47,1
1,42,2.797867442,1,1,26.80124234,0.531719772,2.775535978,0.102790782,46,1
1,43,2.802554036,1,1,23.11656926,0.687892461,10.92575065,0.217980453,45,1
1,44,2.618086551,1,0,89.70435594,0.522819458,8.352555233,0.3475413,44,1
1,45,2.959039376,1,1,34.19063284,0.824050456,4.188806515,0.244938858,43,1
1,46,3.157567663,1,1,32.07204717,0.525423554,11.27962136,0.244297882,42,1
1,47,3.217370606,1,1,31.33855731,0.543083257,7.710089141,0.080327017,41,1
1,48,2.95750638,1,1,26.939516,0.610298278,7.062961054,0.173027601,40,1
1,49,3.151129194,1,1,30.78524284,0.608513883,7.526588637,0.124165822,39,1
1,50,3.190912653,1,1,21.62658528,0.575746575,9.029567841,0.07199317,38,1
1,51,3.599560912,1,0,101.9648074,0.801170358,12.91132014,0.467150654,37,1
1,52,3.380693569,1,1,34.91369756,0.574447807,6.099473149,0.014730198,36,1
1,53,3.140648037,1,0,93.24418266,0.55185476,12.41701915,0.214969863,35,1
1,54,3.214288026,1,1,25.8930666,0.708226287,10.28824979,0.45597143,34,1
1,55,3.324091959,1,1,34.65786506,0.662872463,12.42512443,0.067888736,33,1
1,56,3.547986558,1,1,29.79618737,0.558898597,6.772384174,0.548357075,32,1
1,57,3.077346132,1,0,96.81511564,0.50181679,7.169747855,0,31,1
1,58,3.128517626,1,1,30.86293959,0.782286492,7.278889642,0.206299326,30,1
1,59,3.43716822,1,1,29.40680837,0.65295998,10.5769626,0.254636991,29,1
1,60,3.432177026,1,1,31.09691251,0.583284643,2.318716011,0.485011619,28,1
1,61,3.577033933,1,1,32.14378219,0.777952966,8.403333247,0.367617127,27,1
1,62,3.755117657,1,0,91.42871678,0.487561446,7.805000703,0.386724744,26,1
1,63,3.686554647,1,0,112.06566,0.606425445,8.229162852,0.499990916,25,1
1,64,4.263407538,1,0,110.23011,0.513672798,8.403431788,0.540670011,24,1
1,65,3.779945478,1,1,33.21663397,0.584916854,6.64063806,0.309296666,23,1
1,66,4.597418908,1,1,29.18278551,0.658134821,16.42526896,0.42317392,22,1
1,67,4.555302294,1,0,100.6340943,0.688771246,15.08346174,0.439876361,21,1
1,68,5.042624929,1,0,99.65897119,0.540054339,12.90794325,0.508347902,20,1
1,69,5.77508507,1,1,25.60923817,0.590965022,19.45900576,0.484211986,19,1
1,70,5.441429577,1,1,23.36803641,0.627440516,18.66526665,0.85863274,18,1
1,71,5.594154569,1,0,103.4195993,0.575960423,17.18276195,0.49846993,17,1
1,72,6.32883535,1,1,35.01378913,0.67818891,20.72667322,1.122763384,16,1
1,73,6.002501187,1,1,29.2274716,0.554783105,19.51636513,1.004229285,15,1
1,74,6.200410023,1,0,101.6974775,0.642034702,22.37745802,0.849372232,14,1
1,75,6.625934377,1,0,100.6334285,0.647200199,26.14277154,0.825270399,13,1
1,76,6.973671136,1,1,39.38422306,0.539053031,25.93786954,1.25070159,12,1
1,77,6.65099185,1,1,22.68278999,0.565306665,20.23374033,1.127698186,11,1
1,78,7.353387723,1,0,108.4409753,0.551468983,26.29116592,1.334837144,10,1
1,79,7.362636588,1,1,19.26355485,0.608110774,31.18448123,1.559228869,9,1
1,80,7.757162332,1,1,27.35280286,0.536691289,25.56876094,1.54698312,8,1
1,81,7.634003609,1,1,21.21135804,0.477672842,22.73911554,1.620884821,7,1
1,82,7.39433966,1,0,90.98804193,0.514698809,21.10922041,1.523506462,6,1
1,83,8.124000111,1,1,44.52533585,0.507220703,33.11985877,1.710122742,5,1
1,84,8.341525084,1,1,31.70777775,0.797247131,28.1020568,1.40955085,4,1
1,85,9.179720118,1,1,28.77361077,0.702111124,33.67609387,2.200173758,3,1
1,86,8.918745536,1,0,97.3669075,0.61099507,34.98002534,2.07424742,2,1
1,87,9.952944793,1,0,98.33278379,0.597738617,38.08758505,2.546686043,1,1
1,88,10.07841547,1,0,96.11270947,0.671531219,1.60647543,0,0,1
1,88,0,1,0,96.11270947,0.671531219,1.60647543,0,125,2
1,89,0.191804232,1,1,30.77714664,0.659553007,4.653458314,0.017351196,124,2
1,90,0.332976374,1,1,30.00042197,0.552221563,5.270685683,0,123,2
1,91,0.169798008,1,0,99.31899381,0.833694197,1.940849213,0.205309209,122,2
1,92,0.183274996,1,1,31.92923276,0.548071645,0,0,121,2
1,93,0,1,1,31.30578858,0.513136219,4.667859779,0.012712059,120,2
1,94,0.005916418,1,1,31.31374613,0.672391707,0.002431218,0.059318377,119,2
1,95,0.272359621,1,0,106.4920694,0.6698194,0,0.102372763,118,2
1,96,0.332297938,1,1,27.64237596,0.650749087,0,0,117,2
1,97,0.330773779,1,1,28.53914407,0.61402854,0,0.081601048,116,2
1,98,0.410529969,1,1,30.76281256,0.771526564,0,0,115,2
1,99,0.335385242,1,1,28.81574868,0.642028609,6.328932176,0.011308498,114,2
1,100,0.38571661,1,0,97.39659793,0.448705188,1.076701621,0,113,2
1,101,0.575305608,1,1,38.63675107,0.470991226,0,0,112,2
1,102,0.386219519,1,1,28.35737388,0.618244932,4.708449689,0.256154657,111,2
1,103,0.57614579,1,1,28.32771914,0.754381826,2.337502262,0.056097116,110,2
1,104,0.614986972,1,1,38.66155803,0.742118555,0,0,109,2
1,105,0.666500962,1,1,38.71967263,0.668276682,0,0,108,2
1,106,0.889135627,1,1,28.51714523,0.631031948,3.28658908,0.008918551,107,2
1,107,0.858089055,1,0,106.9270875,0.506547004,5.211092057,0.090952005,106,2
1,108,0.522341332,1,1,29.04674471,0.741502076,0,0.149609204,105,2
1,109,0.945051045,1,0,112.7445231,0.697454835,0,0.095290504,104,2
1,110,0.561180769,1,1,29.66523414,0.507176647,0,0,103,2
1,111,0.529412725,1,1,37.55614217,0.688130747,0.822269788,0,102,2
1,112,0.63189563,1,1,24.93141317,0.627655576,0,0,101,2
1,113,0.781273793,1,1,26.64429861,0.655578314,0.988539806,0.123862503,100,2
1,114,0.597147221,1,1,33.04380736,0.395248416,2.44712183,0,99,2
1,115,0.443716988,1,1,30.36016787,0.665766395,1.543033395,0,98,2
1,116,0.70681533,1,1,19.68380862,0.565267024,0,0,97,2
1,117,0.726742799,1,0,88.9288392,0.771972271,3.791072735,0,96,2
1,118,0.801840383,1,1,34.23291993,0.567283,5.101309327,0,95,2
1,119,0.608796689,1,1,35.34235778,0.647665168,1.899674052,0,94,2
1,120,1.107957468,1,1,31.3517162,0.53804284,0.982283094,0.205141237,93,2
1,121,1.133289742,1,1,29.23738734,0.662716753,0,0,92,2
1,122,1.13881398,1,1,24.70731959,0.611876463,7.676269241,0.160663373,91,2
1,123,1.057076669,1,1,26.28205886,0.542152365,0,0,90,2
1,124,1.119714337,1,1,34.22192595,0.625519972,6.522489693,0.080228627,89,2
1,125,1.093833975,1,1,34.28396991,0.708559373,2.219610131,0.147366048,88,2
1,126,0.905031339,1,0,116.2935717,0.603861197,4.944270716,0.082517503,87,2
1,127,1.120750655,1,0,111.2297805,0.578607423,2.173249619,0.072222906,86,2
1,128,1.308157502,1,0,109.1668548,0.464151412,0,0.045758082,85,2
1,129,1.205636486,1,0,88.79105444,0.544963737,4.938581945,0,84,2
1,130,1.236972647,1,1,32.62093921,0.652004784,0,0,83,2
1,131,1.334885966,1,0,83.82927594,0.629812725,4.436937059,0.244196369,82,2
1,132,1.233973469,1,0,103.2157004,0.694572729,0,0,81,2
1,133,1.591298993,1,1,26.6881252,0.63820151,2.861348688,0,80,2
1,134,1.402171509,1,0,101.6044796,0.677383837,4.240745833,0.120159813,79,2
1,135,1.461605299,1,0,98.7427201,0.644054976,6.938112578,0,78,2
1,136,1.685692979,1,0,97.24381179,0.676494092,2.764641389,0.092459898,77,2
1,137,2.040580981,1,0,99.17720483,0.707329271,2.777345364,0.023994666,76,2
1,138,2.006594646,1,1,23.51763836,0.476158827,3.488665916,0,75,2
1,139,1.762502067,1,1,26.6086778,0.699320756,2.683549315,0,74,2
1,140,1.552409306,1,1,30.98895041,0.733299116,3.299912326,0.0611004,73,2
1,141,2.095564347,1,1,29.65431033,0.759735955,2.747277475,0,72,2
1,142,2.37717135,1,1,25.81300888,0.564937331,3.731689844,0.101208082,71,2
1,143,1.988377188,1,1,25.55933073,0.588575698,1.835267128,0.017172356,70,2
1,144,1.885069928,1,1,38.60384916,0.486159215,3.875546095,0.060954698,69,2
1,145,2.24135651,1,0,92.71619243,0.671847075,7.358329489,0,68,2
1,146,1.805447395,1,1,20.84547087,0.717207066,1.288823822,0,67,2
1,147,2.279414905,1,0,96.26269833,0.517402125,6.429309575,0.292397566,66,2
1,148,2.124829878,1,1,32.1394522,0.605452932,0.235131825,0.022986739,65,2
1,149,2.13533017,1,1,31.80960927,0.756443532,3.024171657,0.050065142,64,2
1,150,2.081342564,1,1,22.61571092,0.731099608,7.425338526,0,63,2
1,151,2.231668138,1,1,35.57296222,0.662715078,4.936262157,0,62,2
1,152,2.072885357,1,1,31.74387947,0.819478622,7.138283663,0.010050073,61,2
1,153,1.982121178,1,0,100.4856679,0.640396426,0.267690647,0.38349316,60,2
1,154,2.258817707,1,1,25.77169484,0.657684404,3.914111376,0.042268745,59,2
1,155,2.466121375,1,1,31.56954106,0.541040486,5.064089199,0.167296356,58,2
1,156,2.206569271,1,0,85.48911595,0.512638955,6.95869431,0.170687401,57,2
1,157,2.382151799,1,0,97.94765889,0.818100483,5.319242125,0,56,2
1,158,2.568637493,1,0,93.26536219,0.659148212,6.162802849,0.184121244,55,2
1,159,2.611185299,1,1,28.57818081,0.642909931,0,0,54,2
1,160,2.492020635,1,1,28.30370758,0.73076252,2.626257679,0.060055422,53,2
1,161,2.255669903,1,1,30.03169531,0.884144739,1.972721475,0.310157677,52,2
1,162,2.573954675,1,1,37.16607253,0.633529384,5.554379341,0.027490957,51,2
1,163,2.605005456,1,1,29.71608403,0.607336608,3.272963443,0.174546344,50,2
1,164,2.691761648,1,1,32.15150679,0.539223647,2.948695093,0.153432438,49,2
1,165,2.845667802,1,1,33.06242955,0.69093589,7.365311081,0.082046138,48,2
1,166,2.797326211,1,1,31.83265704,0.595752493,0.913816557,0.073727221,47,2
1,167,2.940256656,1,1,28.45663472,0.717932079,6.275188373,0.314721269,46,2
1,168,3.035427447,1,1,28.32196316,0.425296167,8.333563705,0.305739899,45,2
1,169,3.210853647,1,1,36.81931115,0.713895865,6.522986902,0,44,2
1,170,3.114827126,1,1,22.48748272,0.327924483,7.362007049,0.273357949,43,2
1,171,3.150453348,1,1,42.10207506,0.667865794,4.484756487,0.437191285,42,2
1,172,3.68220492,1,1,32.32540105,0.468281531,11.00373382,0.34430684,41,2
1,173,3.700426447,1,1,30.49738737,0.615767301,9.276121325,0.272162274,40,2
1,174,3.731897595,1,0,102.4125166,0.691209968,7.561051649,0.530350312,39,2
1,175,3.564543622,1,0,106.2847079,0.787271061,13.33880475,0.371499179,38,2
1,176,3.754054472,1,1,25.56152172,0.7579558,11.72251322,0.357186929,37,2
1,177,4.323959533,1,0,109.8267497,0.580123795,9.196627697,0.644903139,36,2
1,178,4.134552554,1,0,100.9204007,0.650200249,15.25315626,0.678225235,35,2
1,179,4.132518855,1,1,28.19114761,0.530265157,6.896890711,0.305504255,34,2
1,180,4.210559711,1,1,32.26166975,0.467801459,11.65163743,0.676891399,33,2
1,181,4.069640421,1,0,96.22860078,0.739158632,13.91610921,0.412983717,32,2
1,182,4.594614939,1,1,26.06717112,0.455730551,14.29596635,0.592127591,31,2
1,183,4.900514305,1,1,31.23832951,0.606454704,11.49985173,0.502763395,30,2
1,184,4.735184523,1,1,29.20407564,0.64471619,16.99740726,0.796489564,29,2
1,185,4.855191912,1,1,33.5342482,0.690643963,12.23506335,0.705228341,28,2
1,186,5.178643761,1,1,32.78266721,0.654019166,19.3034715,0.5197827,27,2
1,187,5.221330572,1,1,29.56452914,0.593669045,16.20190855,0.746992778,26,2
1,188,5.345537543,1,1,24.83868665,0.499930188,13.35485786,0.514583104,25,2
1,189,5.372418326,1,1,27.4311448,0.535497635,14.68303031,0.784892144,24,2
1,190,6.108019571,1,1,31.67147564,0.629491572,15.7524581,0.747114296,23,2
1,191,5.994336614,1,0,106.3012919,0.698318634,19.5929838,0.798078362,22,2
1,192,6.205374132,1,0,95.42958699,0.679220158,20.49595509,1.084861084,21,2
1,193,6.381099545,1,1,22.7593637,0.617579341,19.05314519,0.984776481,20,2
1,194,6.290082894,1,0,93.70213649,0.643361706,18.5120771,0.976124356,19,2
1,195,6.426592351,1,1,36.6809305,0.749172365,20.26559292,0.978791418,18,2
1,196,6.450546613,1,1,31.81727169,0.38338517,26.74804131,0.963078477,17,2
1,197,6.607050398,1,1,28.5311054,0.517164064,21.03582989,1.122348588,16,2
1,198,6.630315177,1,0,113.9810757,0.506715894,22.50565934,1.282383821,15,2
1,199,6.549335303,1,1,31.17724184,0.785488981,25.53815619,0.894881959,14,2
1,200,6.621747906,1,1,31.24518061,0.806507251,23.0958217,1.358950756,13,2
1,201,6.875600269,1,1,27.88043124,0.459201452,18.50982534,0.855419058,12,2
1,202,6.741333923,1,0,97.03475375,0.572318525,25.0240387,1.22492986,11,2
1,203,6.99420152,1,1,31.2082986,0.44688116,25.77383552,1.237863569,10,2
1,204,6.921365399,1,1,27.11230556,0.751822088,22.10875531,1.271294016,9,2
1,205,7.646219794,1,1,26.81692358,0.678490527,22.79833987,1.664260225,8,2
1,206,8.083452154,1,1,32.24049682,0.455817635,30.16406452,1.698308102,7,2
1,207,8.428735985,1,0,92.75984364,0.647904978,31.17343723,1.854250941,6,2
1,208,8.768484714,1,1,32.23161074,0.543717476,32.76206622,1.715007424,5,2
1,209,8.531305621,1,1,33.56910068,0.648541819,32.16723026,1.737703302,4,2
1,210,8.924603143,1,0,110.1582519,0.580312124,33.45003589,2.031327829,3,2
1,211,9.173214267,1,0,101.8823941,0.562410773,30.9864258,2.26536985,2,2
1,212,9.904797049,1,0,96.26583357,0.583213534,38.97714285,2.335470696,1,2
1,213,10.1425566,1,1,24.79706974,0.383099333,0,0.078733317,0,2
1,213,0,1,1,24.79706974,0.383099333,0,0.078733317,117,3
1,214,0.267243765,1,1,42.74663976,0.58385044,0,0.005649035,116,3
1,215,0,1,1,28.44758012,0.595755071,0,0.029312072,115,3
1,216,0,1,1,24.43305979,0.682333481,0,0,114,3
1,217,0.331025983,1,1,22.5279719,0.69429704,1.092010315,0.059077174,113,3
1,218,0.26613511,1,1,30.85980166,0.59064485,0.427546357,0.143193551,112,3
1,219,0.340912398,1,0,104.3067974,0.451310206,6.735647063,0,111,3
1,220,0.311435783,1,1,28.04768025,0.809159868,0,0,110,3
1,221,0.823142437,1,0,111.6752133,0.514003297,0.004535776,0,109,3
1,222,0.491391422,1,0,102.2358018,0.537472642,3.567562756,0,108,3
1,223,0.181801055,1,1,36.06259418,0.591998196,0,0,107,3
1,224,0.829630327,1,1,29.91218587,0.534135057,0,0,106,3
1,225,0.639025321,1,0,99.42888561,0.453812145,0,0.214335242,105,3
1,226,0.675863043,1,1,32.41033418,0.572105497,1.500502623,0,104,3
1,227,0.551997417,1,1,33.92422018,0.651614342,3.739454728,0,103,3
1,228,0.64734739,1,0,90.78218852,0.707958156,1.72854199,0,102,3
1,229,0.78055923,1,0,116.678216,0.666396226,0,0,101,3
1,230,0.573587084,1,1,29.16536035,0.706054953,0,0.047564696,100,3
1,231,0.836516169,1,1,36.25862504,0.572245075,0,0,99,3
1,232,0.817528807,1,1,27.49577515,0.580836619,3.345512525,0.197044024,98,3
1,233,0.810144437,1,0,105.535612,0.77421481,4.727259205,0,97,3
1,234,0.813010386,1,1,27.87613136,0.655785089,0.976702781,0,96,3
1,235,0.7276316,1,1,34.76026827,0.399199637,2.176849139,0,95,3
1,236,0.757697985,1,0,94.52308566,0.392341765,1.249992249,0.082180136,94,3
1,237,0.623122292,1,0,93.59390719,0.604266901,9.962853573,0,93,3
1,238,0.998777512,1,1,28.77469674,0.521295994,0,0.118648942,92,3
1,239,1.029829571,1,1,35.24586811,0.526781485,0,0.185383708,91,3
1,240,0.964099637,1,0,103.9098427,0.602223755,1.150856843,0.324948974,90,3
1,241,0.971001774,1,1,29.93176604,0.694543731,1.540844379,0.056588642,89,3
1,242,1.160665681,1,1,29.93957675,0.603308365,0,0.274550484,88,3
1,243,1.2927292,1,1,22.18261026,0.69295227,0.786460979,0.083691694,87,3
1,244,1.430134706,1,1,24.88859859,0.614759473,0,0,86,3
1,245,1.370331691,1,1,18.59631077,0.474713497,3.699712788,0.233286631,85,3
1,246,1.222999851,1,1,37.30589433,0.652636065,0,0,84,3
1,247,1.088217184,1,1,24.2991954,0.512423779,1.010166939,0,83,3
1,248,1.230988429,1,1,30.29137165,0.679251248,5.189787547,0.273731629,82,3
1,249,1.3481176,1,0,101.9470061,0.640189275,5.338778033,0,81,3
1,250,1.344644893,1,0,105.649058,0.462390167,6.315029751,0,80,3
1,251,1.483184822,1,1,35.00872699,0.743149876,3.779645414,0.009789214,79,3
1,252,1.770246552,1,1,20.70082297,0.634280848,2.265355108,0.156186139,78,3
1,253,1.580896341,1,1,38.98797261,0.676007124,0,0.218864396,77,3
1,254,1.643708992,1,1,25.53434689,0.625522496,7.437608406,0.191333176,76,3
1,255,1.7194515,1,1,24.92466047,0.829252931,2.424552756,0,75,3
1,256,1.844655037,1,1,35.68024342,0.532292327,3.439908643,0,74,3
1,257,1.973351741,1,1,33.19813205,0.668631929,2.737431153,0,73,3
1,258,1.817919157,1,0,104.447598,0.69837879,6.694482306,0.139350413,72,3
1,259,2.13670936,1,0,102.3855399,0.446016253,0,0.278684708,71,3
1,260,2.267583426,1,0,96.10665629,0.496393271,6.690310219,0.028591981,70,3
1,261,2.589825614,1,1,38.6449767,0.760299426,1.97627214,0.170121061,69,3
1,262,2.214425869,1,1,36.7531256,0.625582684,6.076866155,0.025687384,68,3
1,263,2.699590822,1,0,92.34570041,0.664076497,9.91797495,0,67,3
1,264,2.571427149,1,1,23.48673942,0.619257655,6.03723651,0.159869925,66,3
1,265,2.316180895,1,0,112.5829282,0.713798699,0,0.306672902,65,3
1,266,2.697321323,1,0,101.7415112,0.628798604,0.226305273,0.244741208,64,3
1,267,2.366651138,1,1,24.58786401,0.609272179,2.961710343,0.072261622,63,3
1,268,2.609913569,1,0,91.24779123,0.675499548,8.517608809,0.190461195,62,3
1,269,2.530467116,1,1,21.06646244,0.612108903,1.931273024,0.287358972,61,3
1,270,3.071545657,1,1,35.29611869,0.726961051,6.151021067,0.091016341,60,3
1,271,2.993749853,1,0,94.0846827,0.516007484,2.272214753,0.115444696,59,3
1,272,2.585991193,1,1,31.89640017,0.753110478,6.136150319,0.312600734,58,3
1,273,2.851179645,1,1,29.33885672,0.499956778,7.129297952,0.140446284,57,3
1,274,3.158797195,1,1,31.08615597,0.604169042,3.707436018,0.107493186,56,3
1,275,3.123923214,1,1,31.26442407,0.573981592,9.064557135,0.11471915,55,3
1,276,2.888598964,1,0,102.1801698,0.584178108,9.509271493,0.249417236,54,3
1,277,3.104722058,1,1,31.36602011,0.510434466,8.505610381,0.184238907,53,3
1,278,3.554300745,1,0,110.0644386,0.508169415,9.563300509,0.375440179,52,3
1,279,3.210967639,1,1,20.69077423,0.627288361,6.833133139,0.131672828,51,3
1,280,4.38257103,1,1,29.41194572,0.745796349,10.15630095,0.467620273,50,3
1,281,4.774373376,1,1,31.97966937,0.780521187,10.79257713,0.387459764,49,3
1,282,4.519135361,1,0,97.34135442,0.549088175,10.71766603,0.343922281,48,3
1,283,4.516063089,1,1,28.36868997,0.767125895,11.99564173,0.22245634,47,3
1,284,4.377882558,1,1,28.32030387,0.814883388,12.82362821,0.381617461,46,3
1,285,4.333934512,1,1,38.76845513,0.615047501,13.24156069,0.398216319,45,3
1,286,4.56219987,1,1,31.82737236,0.942262734,10.67314131,0.460848128,44,3
1,287,4.617872358,1,1,26.46367735,0.721277153,10.48398057,0.525048034,43,3
1,288,4.524115773,1,1,27.55124909,0.715237502,14.11433669,0.880018113,42,3
1,289,4.643855875,1,1,31.39287957,0.625775889,15.70538418,0.467553816,41,3
1,290,4.513484622,1,0,102.9747613,0.430680673,15.47991924,0.66403082,40,3
1,291,4.630416872,1,1,25.0899029,0.480147453,12.79845326,0.6791686,39,3
1,292,4.570891504,1,1,30.41990502,0.55502675,9.866669038,0.545345495,38,3
1,293,4.554670275,1,0,90.60477384,0.583682992,12.90694265,0.735413809,37,3
1,294,4.645093241,1,1,29.76706365,0.652263795,10.57194886,0.228447163,36,3
1,295,5.078832363,1,1,33.62141339,0.630677603,10.38897516,0.362214359,35,3
1,296,5.041031614,1,1,20.2070428,0.623145437,14.31222833,0.788972764,34,3
1,297,5.221732162,1,0,99.2760592,0.621579121,17.31222333,0.574800895,33,3
1,298,5.357429482,1,1,34.73824805,0.513266876,14.88761897,0.724307403,32,3
1,299,5.212564045,1,1,24.53338071,0.653269033,19.4743654,0.563868064,31,3
1,300,5.302945055,1,1,27.84330281,0.374207382,14.97089883,0.691428601,30,3
1,301,5.385804073,1,1,25.83481639,0.568604478,18.9680367,0.848161661,29,3
1,302,5.730453406,1,0,100.2700679,0.593202733,17.30971552,0.626724782,28,3
1,303,5.636197393,1,1,26.61991347,0.53814557,17.43687344,1.037361657,27,3
1,304,6.152341168,1,0,89.25050551,0.663346537,15.48547406,0.918961987,26,3
1,305,5.821970832,1,1,29.26278755,0.783204977,14.33519401,0.61289391,25,3
1,306,5.700029057,1,1,40.30149085,0.601834221,17.10270113,0.847946547,24,3
1,307,5.800668232,1,0,100.4894371,0.516752846,21.3374602,0.946144365,23,3
1,308,6.36351063,1,0,102.7792331,0.679935575,22.6271881,0.877659296,22,3
1,309,6.530795225,1,0,106.911836,0.740128142,22.67137415,0.867381607,21,3
1,310,6.579667867,1,1,25.18540818,0.677318707,20.69923381,1.044742123,20,3
1,311,6.685776092,1,0,86.834411,0.592586712,17.36869193,1.190128773,19,3
1,312,6.881146545,1,1,30.59612931,0.567232444,16.59675661,1.158468703,18,3
1,313,6.911151868,1,1,39.4108744,0.607405387,25.43711238,1.083769294,17,3
1,314,6.96489525,1,1,28.83865335,0.631948695,26.7562557,1.124477072,16,3
1,315,7.025558244,1,0,103.1382685,0.74090812,27.35348095,1.119127511,15,3
1,316,7.06256617,1,1,31.54810041,0.683332055,20.23634163,1.140550827,14,3
1,317,7.119843131,1,0,99.3848628,0.718406313,18.3715385,1.399675073,13,3
1,318,7.438397073,1,0,101.4812681,0.713016762,30.44212851,1.251775947,12,3
1,319,7.56315327,1,1,36.00153129,0.653313282,23.68285954,1.391794238,11,3
1,320,7.365028936,1,1,31.67920628,0.331317929,26.31020707,1.29945917,10,3
1,321,7.869823156,1,1,11.75793587,0.452031026,29.50326394,1.359867259,9,3
1,322,8.10922173,1,0,103.3427054,0.508134488,31.88915263,1.496633441,8,3
1,323,8.539640928,1,0,109.5937869,0.575974353,27.57538203,1.750666949,7,3
1,324,8.240182385,1,1,29.99040073,0.665180984,32.89823154,1.610010083,6,3
1,325,8.844951254,1,0,100.9171898,0.524142968,36.44997023,2.005070361,5,3
1,326,8.842132265,1,1,29.82194632,0.487903201,37.66913831,1.728122186,4,3
1,327,9.093272363,1,0,94.80465534,0.716813142,34.80876058,1.77821514,3,3
1,328,9.395340946,1,0,98.02042976,0.613759173,39.65518432,2.187982085,2,3
1,329,9.764151754,1,1,33.084071,0.524406144,34.72678403,1.923295785,1,3
1,330,10.27586833,1,1,35.52339608,0.583143679,2.334327558,0,0,3
2,0,0,0,0,95.90129433,0.528671048,0,0.044277943,107,5
2,1,0.061909439,0,1,34.85811491,0.621204091,2.634336823,0,106,5
2,2,0.075956124,0,0,94.51483586,0.742188163,0,0.116577601,105,5
2,3,0,0,1,29.39088059,0.563952015,0,0,104,5
2,4,0.158464803,0,0,94.4096212,0.622194775,0,0.051456692,103,5
2,5,0.564156587,0,1,32.9277126,0.583591503,1.396732485,0,102,5
2,6,0.745548798,0,1,37.68626502,0.546966408,0,0.407739792,101,5
2,7,0.550574775,0,1,31.83107596,0.411751509,0.915789753,0.168128681,100,5
2,8,0.701987664,0,0,106.872041,0.626549864,2.392778745,0,99,5
2,9,1.039710816,0,0,85.64573453,0.675068729,0,0.250561752,98,5
2,10,0.655415725,0,1,24.14001121,0.810855435,3.297882899,0.245644159,97,5
2,11,0.857834514,0,1,21.60354819,0.438432584,0,0.15909948,96,5
2,12,0.578523842,0,1,31.68935625,0.663635752,0,0,95,5
2,13,0.895369266,0,1,25.93662489,0.703814819,0,0.159882468,94,5
2,14,0.936524114,0,0,91.53111856,0.759669927,3.698993079,0.016128687,93,5
2,15,0.771328951,0,1,32.35644948,0.682122431,0,0,92,5
2,16,0.780711173,0,0,96.2699619,0.683596529,0,0.103815813,91,5
2,17,0.758882725,0,1,31.68010346,0.610592405,0,0,90,5
2,18,0.853715835,0,1,34.83195384,0.490602166,1.646609847,0.034074396,89,5
2,19,0.981676411,0,1,30.3349234,0.746199482,4.808539094,0,88,5
2,20,1.393192032,0,1,27.28401649,0.609507706,2.485871932,0,87,5
2,21,1.116814018,0,1,34.34228572,0.650648219,1.314874647,0,86,5
2,22,1.347836925,0,1,35.14168895,0.829144715,2.880089965,0.06988591,85,5
2,23,0.957172428,0,0,99.95977389,0.69550235,4.534449275,0.233010365,84,5
2,24,1.154476372,0,1,37.17318884,0.586121119,1.462988495,0,83,5
2,25,1.15316761,0,1,34.35255365,0.342248395,0,0,82,5
2,26,1.05324088,0,1,41.83039805,0.622162719,4.73917663,0,81,5
2,27,1.184312526,0,1,25.24196961,0.617219675,3.192402015,0.031899837,80,5
2,28,1.180376689,0,1,39.29168217,0.518530126,0.301160385,0,79,5
2,29,1.612013987,0,0,102.8465579,0.774539941,1.886571131,0.076442315,78,5
2,30,1.459149938,0,0,87.23529424,0.512256176,2.045566821,0,77,5
2,31,1.430813786,0,0,96.06418959,0.62377607,3.190378406,0,76,5
2,32,1.702306924,0,1,27.39818482,0.698364986,8.341770106,0.070565245,75,5
2,33,1.689956252,0,0,92.83170406,0.724731327,1.605553599,0.150135109,74,5
2,34,1.477703978,0,0,96.74216399,0.545355072,1.125454162,0.039671659,73,5
2,35,1.845497715,0,1,27.25035768,0.603202126,2.54783446,0,72,5
2,36,2.562836524,0,1,30.93430115,0.569996312,1.948462904,0.090824982,71,5
2,37,2.494383578,0,1,30.17703237,0.610879317,0,0.064528791,70,5
2,38,2.58023959,0,1,34.62773522,0.490396995,7.943383256,0.439126008,69,5
2,39,2.699089704,0,1,26.05917724,0.614097195,4.771771024,0.413676181,68,5
2,40,2.955590335,0,1,23.95664752,0.531727029,4.553278177,0.305541699,67,5
2,41,2.49266103,0,1,26.1491617,0.710184006,6.782133151,0.196988276,66,5
2,42,2.597309599,0,1,31.60297622,0.551266738,4.367631794,0.187975729,65,5
2,43,2.650998004,0,0,113.1840428,0.603217657,10.91653805,0,64,5
2,44,3.111139093,0,0,105.1937733,0.477458531,3.081949159,0,63,5
2,45,3.470696654,0,0,105.0564864,0.596682074,14.46323218,0.266732937,62,5
2,46,3.387494994,0,0,100.2583969,0.534081098,5.613263959,0.249781959,61,5
2,47,3.405231095,0,1,34.44972221,0.788500297,6.224730092,0.457689806,60,5
2,48,3.748287603,0,1,31.39164105,0.489218314,9.004419496,0.564491004,59,5
2,49,4.00331937,0,1,27.08247115,0.496887288,6.356577035,0.273165926,58,5
2,50,3.470890495,0,1,34.53057925,0.667093289,9.482441622,0.207652423,57,5
2,51,3.652203166,0,1,36.69862672,0.633259507,8.456112869,0.605906121,56,5
2,52,3.658594864,0,1,23.07206739,0.913492807,7.279587401,0.499843807,55,5
2,53,3.908526542,0,1,23.7054587,0.505297731,12.07205074,0.270075235,54,5
2,54,3.77975062,0,1,34.15304844,0.693383657,6.648431222,0.377455024,53,5
2,55,3.635558366,0,0,91.59719077,0.597905185,14.95606582,0.321653127,52,5
2,56,3.802869695,0,0,93.38075697,0.67954895,11.30031975,0.497290682,51,5
2,57,4.323046611,0,0,116.1574128,0.739685544,9.219352922,0.469969259,50,5
2,58,3.909489616,0,1,33.31487037,0.669089262,10.79664382,0.297577563,49,5
2,59,4.061402676,0,1,32.65675856,0.587110082,8.895327022,0.262321525,48,5
2,60,4.06024302,0,0,103.4657009,0.662501911,12.00108657,0.372099421,47,5
2,61,4.136798372,0,0,102.1883006,0.713339438,11.33626838,0.335876467,46,5
2,62,3.99401307,0,1,23.96844039,0.542110495,10.50975644,0.339885497,45,5
2,63,4.243675886,0,1,37.75581661,0.674289679,11.05148373,0.29301057,44,5
2,64,4.656286437,0,1,34.07570144,0.687290781,9.129267223,0.409736076,43,5
2,65,4.580331222,0,1,30.33024126,0.47936524,13.3221511,0.420256483,42,5
2,66,4.657941144,0,1,30.15784284,0.791575018,12.63702364,0.559806608,41,5
2,67,4.456978762,0,1,28.21796579,0.687787189,10.95811559,0.576951922,40,5
2,68,4.642492491,0,1,34.25496745,0.520171978,10.90335615,0.379691283,39,5
2,69,4.434861119,0,0,96.7620641,0.750565234,8.958884298,0.425622713,38,5
2,70,4.921584061,0,1,30.09031041,0.638643018,11.19791888,0.752894821,37,5
2,71,4.907300634,0,1,32.58799189,0.508999844,8.996182616,0.651632345,36,5
2,72,4.808662774,0,0,94.92166188,0.739366836,13.25518844,0.607635789,35,5
2,73,4.823100581,0,1,39.65472708,0.3961382,17.2443274,0.709729419,34,5
2,74,4.865341133,0,1,34.29995683,0.648791664,4.967626732,0.730763655,33,5
2,75,4.191508131,0,0,90.00356706,0.640796642,14.34374898,0.62257872,32,5
2,76,5.432133986,0,0,104.2503828,0.581685207,9.138789196,0.673675347,31,5
2,77,4.843014921,0,1,27.92389176,0.585463651,16.00379335,0.630683165,30,5
2,78,5.146067623,0,0,107.3798188,0.650752605,14.86382245,0.484544584,29,5
2,79,5.008455147,0,1,34.23473375,0.47119699,15.65545456,0.575664773,28,5
2,80,6.119731872,0,1,24.55598158,0.591921284,22.59399298,0.609485377,27,5
2,81,6.092105545,0,0,97.45250877,0.510500254,19.11111568,1.024676298,26,5
2,82,6.201693579,0,1,26.63079136,0.633629749,22.55862417,0.415255878,25,5
2,83,6.052414075,0,1,29.47910985,0.790170493,14.15797575,0.725012127,24,5
2,84,6.101763548,0,1,32.16493045,0.729268266,19.85075431,0.854238663,23,5
2,85,6.285766982,0,1,36.99122635,0.514033761,19.84799609,1.188540892,22,5
2,86,6.413587034,0,1,33.8691861,0.7159077,22.76244814,1.357950337,21,5
2,87,6.195173745,0,1,30.35995834,0.53092357,21.95423729,1.194453381,20,5
2,88,6.508438685,0,1,24.16795263,0.746939006,19.39507096,1.049476634,19,5
2,89,6.310252941,0,0,93.47121884,0.649072124,19.51472317,0.946443391,18,5
2,90,6.08491663,0,1,26.5687155,0.657202599,15.86245207,0.976367168,17,5
2,91,6.846851321,0,1,32.54984366,0.616837779,18.83773842,1.213938646,16,5
2,92,6.721620954,0,0,97.33259023,0.552593617,13.00978442,1.022457969,15,5
2,93,6.773640187,0,1,22.14416607,0.75801237,25.4450958,1.171837774,14,5
2,94,6.654574631,0,1,40.38338782,0.686718063,22.08665472,0.850855165,13,5
2,95,6.86521125,0,1,26.98552709,0.671459418,22.81842384,1.384695893,12,5
2,96,6.824269354,0,0,103.0179283,0.703499263,24.95222262,1.246805044,11,5
2,97,7.072150168,0,1,35.72519219,0.542823079,21.13450881,1.446412111,10,5
2,98,7.502849174,0,1,33.09757763,0.541535251,21.71251082,1.490766646,9,5
2,99,7.321423787,0,0,110.7449476,0.6301088,26.39319334,1.362207407,8,5
2,100,7.700189705,0,1,35.64688349,0.505940729,32.84853538,1.729129532,7,5
2,101,7.752228422,0,1,35.32926756,0.542532441,27.95743934,1.400531402,6,5
2,102,8.154446646,0,1,29.65077126,0.776274546,26.84174318,1.594664207,5,5
2,103,8.81823826,0,1,27.29269867,0.587043544,34.93899862,1.83699282,4,5
2,104,8.739732954,0,1,32.75970413,0.661881671,30.34529064,1.985923294,3,5
2,105,9.827227782,0,0,104.7038182,0.491448316,41.81756194,2.039160931,2,5
2,106,10.02596042,0,0,96.23762919,0.566975958,34.00305625,2.294984678,1,5
2,107,10.49795632,0,1,35.24351204,0.556417093,1.557633065,0.096757012,0,5
2,107,0,0,1,35.24351204,0.556417093,1.557633065,0.096757012,129,6
2,108,0.062552506,0,1,35.74348745,0.622656027,1.700034569,0,128,6
2,109,0.309113535,0,1,36.44035502,0.534967901,4.61430682,0,127,6
2,110,0.02969615,0,1,31.3627866,0.749288055,0,0,126,6
2,111,0.159298069,0,0,100.1480552,0.725055344,0,0.095545907,125,6
2,112,0.064226328,0,1,32.81201059,0.632812085,0,0,124,6
2,113,0.225998766,0,0,89.62295218,0.619121179,0,0.094456328,123,6
2,114,0.146915187,0,1,32.65000051,0.856513526,1.537371669,0.109421973,122,6
2,115,0.231243108,0,0,106.4149033,0.720408586,4.670159773,0,121,6
2,116,0.304010674,0,1,33.54059799,0.58801898,2.384607783,0,120,6
2,117,0.426297753,0,1,34.10226787,0.563946554,2.282760909,0.216636771,119,6
2,118,0.360134758,0,1,33.7900166,0.748521775,1.455355778,0,118,6
2,119,0.353408642,0,1,33.336346,0.477690709,1.993911762,0,117,6
2,120,0.436640424,0,1,32.23461861,0.535233347,0,0,116,6
2,121,0.360602695,0,1,31.4106455,0.6481267,0,0,115,6
2,122,0.184527135,0,1,36.32753224,0.498003697,0,0,114,6
2,123,0.362331574,0,0,103.7684274,0.58943073,0,0.192607458,113,6
2,124,0.218096984,0,1,35.5292955,0.537472466,5.143171587,0,112,6
2,125,0.493850805,0,1,23.67277957,0.65667925,5.546992414,0.055234535,111,6
2,126,0.757871341,0,1,26.62070357,0.493004252,0.66550885,0,110,6
2,127,0.681262957,0,1,26.26521913,0.528955336,2.678748704,0,109,6
2,128,0.741619146,0,1,32.02377685,0.642581903,1.782153226,0.03135954,108,6
2,129,1.068716769,0,1,37.17754162,0.640251736,5.603507976,0.179652915,107,6
2,130,1.172710694,0,1,21.98108835,0.630303972,4.380189711,0,106,6
2,131,0.894848212,0,1,31.28511962,0.424804929,4.958526428,0,105,6
2,132,1.069845228,0,1,33.10582435,0.580549197,0,0.198087618,104,6
2,133,1.152121045,0,1,20.39875938,0.651850541,1.492886918,0.086507099,103,6
2,134,0.946982569,0,0,92.08710831,0.816961598,0,0,102,6
2,135,1.229013105,0,1,33.61937954,0.617427703,7.074209234,0,101,6
2,136,1.576025141,0,1,29.90400567,0.666524749,1.511819692,0.098509585,100,6
2,137,1.547459593,0,0,99.75315015,0.638208012,0,0.01476337,99,6
2,138,1.730146447,0,1,34.10325353,0.720247855,1.14655045,0.224556869,98,6
2,139,1.348685275,0,0,95.13952015,0.831621463,3.703805927,0.095137392,97,6
2,140,1.751491341,0,1,18.40023995,0.609325589,1.645824272,0,96,6
2,141,1.830247117,0,0,93.61763815,0.550552436,0,0.311510889,95,6
2,142,1.642305574,0,1,29.34049144,0.490057722,0,0.217126909,94,6
2,143,1.711931045,0,1,19.69909217,0.610501916,3.750965963,0.014117374,93,6
2,144,1.659144345,0,1,34.30568943,0.717652144,0.251562847,0,92,6
2,145,1.726463812,0,0,97.17299406,0.833561632,2.894353081,0.386146142,91,6
2,146,2.07095243,0,1,23.2160064,0.573371247,5.576691448,0.095248005,90,6
2,147,1.94065659,0,1,36.75026559,0.572239888,2.010844758,0.101950502,89,6
2,148,2.165155332,0,0,105.1325245,0.574365125,0.69356879,0.058467139,88,6
2,149,2.013000319,0,1,25.43626311,0.632633701,5.757718065,0.192098023,87,6
2,150,2.182748502,0,0,110.3212763,0.602578814,1.933888285,0.047619716,86,6
2,151,2.212694741,0,1,35.23211448,0.544471954,3.860110614,0.322230859,85,6
2,152,2.239713743,0,1,29.55641209,0.667237279,4.39719099,0.243766504,84,6
2,153,2.448165837,0,0,92.28768495,0.612301611,6.933957411,0.033243854,83,6
2,154,2.415510063,0,1,25.48305659,0.780729211,1.768646291,0.327880223,82,6
2,155,1.937160504,0,1,35.14108821,0.675508838,1.010085753,0.203643985,81,6
2,156,2.265297958,0,0,93.75293629,0.604619444,7.795810797,0.093217919,80,6
2,157,2.360044581,0,1,28.06825098,0.510871726,0.924891852,0.108816521,79,6
2,158,2.484165551,0,1,37.06699469,0.77909662,5.67374493,0.165146517,78,6
2,159,2.396795069,0,1,29.88903761,0.743662842,8.785278263,0.235951847,77,6
2,160,2.239536305,0,1,26.81600725,0.626138947,3.201560786,0.054336976,76,6
2,161,2.352157015,0,1,24.45612098,0.551046215,4.119948485,0.200069605,75,6
2,162,2.525994116,0,1,31.00644514,0.665766477,3.671870648,0.190047992,74,6
2,163,2.564941157,0,1,23.54610926,0.661923124,7.477658896,0,73,6
2,164,2.606158583,0,1,32.58298066,0.692863152,6.855671306,0.321459794,72,6
2,165,2.255694988,0,1,28.75330113,0.574155733,2.109520448,0.046287554,71,6
2,166,2.478502563,0,0,95.66736481,0.678853953,6.489495029,0.238796675,70,6
2,167,2.856314761,0,1,34.23057786,0.799882207,6.661020417,0.318505593,69,6
2,168,2.585366217,0,1,32.34635018,0.637713675,1.074230737,0.033968337,68,6
2,169,2.753425001,0,0,92.59392604,0.666608929,11.36433684,0.200988807,67,6
2,170,2.893991605,0,1,29.7544048,0.477281346,4.278967974,0.179355286,66,6
2,171,3.098162849,0,1,28.52562152,0.638379411,6.435974114,0,65,6
2,172,3.368103877,0,1,21.8826624,0.729908442,7.312276828,0.064084378,64,6
2,173,3.210011201,0,0,97.91694995,0.573461541,8.134939873,0.067263042,63,6
2,174,3.495431303,0,1,30.55012555,0.715950867,4.188281447,0.169403112,62,6
2,175,3.30418486,0,0,99.84853892,0.539145519,9.859256107,0.26230682,61,6
2,176,3.191011038,0,0,100.2787672,0.645526172,5.479430583,0.344068723,60,6
2,177,3.546868805,0,0,109.875176,0.649990087,8.222642875,0.212805581,59,6
2,178,3.593267244,0,0,110.4318017,0.451338779,8.501955164,0,58,6
2,179,3.388480671,0,1,27.29433866,0.777199935,2.92400939,0.351039471,57,6
2,180,3.247188289,0,0,91.8630357,0.720420365,11.88210622,0.254594723,56,6
2,181,3.6494291,0,0,105.8685147,0.615322468,6.069026473,0.085239772,55,6
2,182,3.79266129,0,1,34.92531386,0.697468476,11.6095201,0.609315293,54,6
2,183,4.000560271,0,1,31.45196487,0.660305727,7.624856326,0.187196336,53,6
2,184,3.687874496,0,0,103.9524354,0.433753622,12.7576394,0.416286186,52,6
2,185,3.824956769,0,1,32.33819657,0.658758309,5.523905134,0.153794005,51,6
2,186,4.223954462,0,0,92.45934206,0.751808689,9.860579763,0.310193351,50,6
2,187,4.096066289,0,0,95.7826607,0.522834598,8.953880182,0.495446539,49,6
2,188,4.055433024,0,1,18.94849378,0.600696612,14.43374485,0.042683938,48,6
2,189,4.110495009,0,1,29.28125952,0.686400988,7.992523811,0.237549731,47,6
2,190,4.363017254,0,1,28.62024475,0.432603197,13.97522554,0.720717495,46,6
2,191,4.687644624,0,1,24.71829563,0.642629472,18.25767499,0.575385574,45,6
2,192,4.565124094,0,1,27.79451992,0.635151883,9.795023026,0.475230435,44,6
2,193,4.602451639,0,1,24.32142609,0.360350868,11.65255663,0.271502029,43,6
2,194,5.142997911,0,1,29.95756421,0.613191408,18.80096833,0.626972503,42,6
2,195,4.82763366,0,1,36.25620701,0.723091815,21.15418378,0.746259949,41,6
2,196,4.927917302,0,1,38.87385723,0.589698294,13.87324848,0.475329397,40,6
2,197,5.306847749,0,1,27.96021241,0.610658453,11.75962965,0.46416679,39,6
2,198,5.219917814,0,1,39.29596904,0.631735189,14.70513846,0.622897867,38,6
2,199,5.318552658,0,0,106.3156119,0.661778364,16.02011695,0.514493426,37,6
2,200,5.072962504,0,1,28.24835238,0.555481937,18.73953525,0.951165201,36,6
2,201,5.229019279,0,0,97.97718916,0.407662085,15.37737653,0.878260952,35,6
2,202,5.52830429,0,1,26.42733423,0.682505835,21.28826371,0.535268123,34,6
2,203,5.390356139,0,1,23.91588539,0.827836457,12.98973369,0.521212631,33,6
2,204,5.995425782,0,1,25.67839173,0.576718476,19.65981412,1.042513837,32,6
2,205,5.849860756,0,1,24.54154614,0.698411662,21.26107368,1.013585148,31,6
2,206,6.184443113,0,1,29.00645351,0.51329332,13.51151593,0.802385704,30,6
2,207,6.059768865,0,1,28.5735421,0.415073282,18.57439594,0.887886571,29,6
2,208,6.218368008,0,1,25.22511297,0.585869983,20.88769773,0.999819385,28,6
2,209,6.269237114,0,1,28.13130028,0.57127639,19.2733834,1.121736223,27,6
2,210,6.319164885,0,1,27.60221198,0.549156657,21.17448135,1.136641342,26,6
2,211,6.251828309,0,1,32.07665934,0.669802872,15.32573034,0.944159602,25,6
2,212,6.471852597,0,1,27.12960114,0.65941762,22.01589174,0.977324708,24,6
2,213,6.72341658,0,1,25.56851616,0.746710003,20.13120277,1.242506149,23,6
2,214,6.26996803,0,1,42.18352135,0.853480302,22.16699529,1.288042172,22,6
2,215,6.538177911,0,0,106.165156,0.531593059,22.82777658,1.005393187,21,6
2,216,6.54941306,0,1,30.77994232,0.362407965,18.90900524,1.290365453,20,6
2,217,6.502358244,0,1,36.44937902,0.641733312,22.21655259,1.037836806,19,6
2,218,6.747047952,0,1,22.93885981,0.805938952,22.44061025,1.315158235,18,6
2,219,6.713893624,0,1,39.41207444,0.616203941,22.99651181,1.09845633,17,6
2,220,7.101161354,0,0,103.7505638,0.789609244,26.60820041,1.002905242,16,6
2,221,7.399800746,0,1,31.09858241,0.629906049,20.81483192,1.469561127,15,6
2,222,7.737722461,0,0,114.2175566,0.809876989,21.92988802,1.577642248,14,6
2,223,7.265245177,0,1,32.15557045,0.629730846,25.27422194,1.489444715,13,6
2,224,7.341949854,0,1,37.92368464,0.702215064,29.28697144,1.359330775,12,6
2,225,7.447717341,0,1,27.68679665,0.655116161,25.51695661,1.112722502,11,6
2,226,7.645687414,0,1,33.52730576,0.821609765,21.92970159,1.543001666,10,6
2,227,7.703418929,0,0,104.9259399,0.530868798,23.80417901,1.47046115,9,6
2,228,7.771450654,0,1,23.91083538,0.571284923,29.5472214,1.322804836,8,6
2,229,7.695449508,0,0,98.4494919,0.652908171,27.89716755,1.627330907,7,6
2,230,7.615960407,0,1,31.61986127,0.456026367,26.41180444,1.40699862,6,6
2,231,8.297912465,0,0,105.7127156,0.704792772,32.9622615,1.418171145,5,6
2,232,8.841855408,0,1,29.2060397,0.576257365,31.67331195,2.027141706,4,6
2,233,8.642534325,0,1,20.69622959,0.573091844,33.10960463,2.12418506,3,6
2,234,8.947552913,0,1,27.66139664,0.756302561,39.99973968,2.059412186,2,6
2,235,9.515739061,0,1,20.53636955,0.53264338,39.43671268,2.494246463,1,6
2,236,10.1197556,0,1,21.41570241,0.55856991,0,0.042402244,0,6
2,236,0,0,1,21.41570241,0.55856991,0,0.042402244,123,7
2,237,0.022893562,0,1,31.31372966,0.784396413,0,0.175707961,122,7
2,238,0.168195567,0,0,100.8900809,0.695986275,3.88963556,0.11522661,121,7
2,239,0.297418646,0,0,93.63325067,0.572739974,0,0,120,7
2,240,1.10477254,0,1,29.90512078,0.727896587,1.629430669,0.053237421,119,7
2,241,1.057428454,0,1,33.3296657,0.416185491,0,0,118,7
2,242,0.5857682,0,1,36.21180109,0.600925282,0,0,117,7
2,243,1.019376333,0,1,22.4808528,0.522480102,0.238941427,0.050625112,116,7
2,244,1.056483781,0,1,29.70242076,0.682256871,0,0.036552133,115,7
2,245,0.847854025,0,1,35.80009744,0.562325185,5.23237693,0,114,7
2,246,1.427178352,0,1,25.10864308,0.673160912,1.378190095,0,113,7
2,247,0.988884935,0,1,28.45587428,0.644354773,2.606206929,0.329297289,112,7
2,248,1.199490662,0,1,35.84219236,0.55714209,0.529497853,0,111,7
2,249,1.245589838,0,1,34.30108508,0.548151094,0,0.165528024,110,7
2,250,1.299275467,0,0,89.66823451,0.468034228,3.593741398,0,109,7
2,251,1.417686018,0,0,115.4758983,0.665614779,6.671333405,0,108,7
2,252,1.633077223,0,0,97.02562999,0.641930647,0,0.100465574,107,7
2,253,1.641944772,0,1,33.5621651,0.823352056,0.355599494,0,106,7
2,254,1.541764906,0,0,118.5832491,0.425892008,2.251768522,0.036844995,105,7
2,255,1.519875677,0,1,26.32648331,0.671934464,0.017894712,0.250213493,104,7
2,256,1.733378052,0,1,25.83029206,0.622541222,7.134395747,0.265324003,103,7
2,257,1.958005852,0,1,45.73910642,0.736397452,3.946193666,0.184461011,102,7
2,258,1.568922989,0,1,31.97478857,0.670415776,2.881613354,0.201707616,101,7
2,259,2.084371646,0,0,101.760245,0.595721011,2.491989154,0,100,7
2,260,2.134277732,0,0,98.67745008,0.76557802,0.013001915,0.231804227,99,7
2,261,1.847341735,0,1,38.21949319,0.721712849,6.676683421,0.024393171,98,7
2,262,2.077815257,0,0,101.6347138,0.637321325,0.740371732,0.365412309,97,7
2,263,2.091426796,0,0,108.6624586,0.57758376,0.86505967,0,96,7
2,264,1.995236552,0,1,21.46830568,0.57387536,2.900546603,0.285313981,95,7
2,265,2.020702073,0,0,103.7473697,0.756672595,4.466133068,0.022795126,94,7
2,266,2.355785349,0,1,28.93455195,0.451110828,4.548068807,0.064967233,93,7
2,267,2.323684003,0,1,34.20485492,0.597691544,4.130579841,0.359099605,92,7
2,268,2.36308721,0,1,25.26161385,0.534712192,8.456365076,0,91,7
2,269,2.31782793,0,1,33.94879365,0.583763009,5.457993393,0,90,7
2,270,2.096426818,0,0,108.2018096,0.572229407,7.514859062,0.364745307,89,7
2,271,2.380622188,0,0,84.234192,0.644681236,6.478201456,0.021828363,88,7
2,272,2.457668703,0,0,100.6377384,0.552436188,1.609629771,0,87,7
2,273,2.347559192,0,0,102.7060383,0.583195468,3.977065625,0.237122516,86,7
2,274,2.341216011,0,1,26.04963931,0.555872732,6.862664564,0,85,7
2,275,2.386718415,0,1,32.16721621,0.509729976,6.746145992,0.144816857,84,7
2,276,2.477965678,0,0,87.45046164,0.602024057,5.427439218,0.29067593,83,7
2,277,2.003136953,0,0,89.43503886,0.656165777,3.348151777,0.18219358,82,7
2,278,2.20863062,0,1,23.24620292,0.702432704,6.028062836,0.253066683,81,7
2,279,2.422639075,0,1,29.65707528,0.610558073,6.10187479,0.33383548,80,7
2,280,2.469193863,0,1,34.7693731,0.593156961,7.148028327,0.096118498,79,7
2,281,2.711609926,0,1,34.35029534,0.678843909,6.755366164,0.309308953,78,7
2,282,2.428137532,0,0,92.03622589,0.731248837,0.256769746,0.136215317,77,7
2,283,2.627666461,0,0,93.51322139,0.696324986,3.468625265,0.222258687,76,7
2,284,2.575512782,0,0,92.41312264,0.596004098,7.925912909,0.20762678,75,7
2,285,2.776982319,0,0,87.5930693,0.674084869,7.387190462,0,74,7
2,286,2.651962635,0,0,103.6050452,0.396817095,2.131877785,0.183479162,73,7
2,287,3.064725102,0,1,26.93680594,0.561076525,8.596351957,0.373888362,72,7
2,288,2.954214561,0,0,103.8441715,0.605303474,9.647731769,0.236517864,71,7
2,289,3.023344503,0,1,28.82257901,0.784011101,3.712085639,0.13569572,70,7
2,290,3.255674361,0,1,30.03199878,0.460343734,3.325941131,0.453616807,69,7
2,291,2.965125312,0,0,102.0637178,0.474176428,5.841330981,0.05758661,68,7
2,292,3.180324864,0,0,101.5035884,0.583840575,1.038873973,0.138406606,67,7
2,293,2.882671749,0,1,38.37124429,0.69773041,9.173556846,0,66,7
2,294,3.361728808,0,1,27.90686342,0.711400441,7.411030478,0,65,7
2,295,3.063556761,0,1,31.78779371,0.392228818,3.892761594,0.315935241,64,7
2,296,3.390978378,0,1,30.55137738,0.692150784,11.00128202,0.434297475,63,7
2,297,3.298011633,0,1,34.63331887,0.470629269,3.601678023,0.285955331,62,7
2,298,2.914632516,0,0,101.290309,0.462309795,5.474507773,0.142395075,61,7
2,299,3.078563933,0,1,31.45876411,0.508789323,8.851544766,0.253024434,60,7
2,300,3.472932841,0,1,25.81358029,0.554337053,5.354900706,0.113648787,59,7
2,301,3.258876743,0,1,28.19132287,0.399626785,8.602522924,0.274417778,58,7
2,302,3.459439148,0,0,112.9651076,0.574906775,11.45653689,0.261848995,57,7
2,303,3.359379957,0,1,27.59885092,0.61255581,3.707149034,0,56,7
2,304,3.32770544,0,1,29.66868653,0.771747221,8.690036286,0.368478686,55,7
2,305,3.376820448,0,1,28.01528574,0.654419818,4.569849588,0.056735428,54,7
2,306,3.39735655,0,1,28.93042715,0.595117104,8.299409897,0.374597283,53,7
2,307,3.512846315,0,0,105.1036037,0.464011185,6.302538446,0.301404981,52,7
2,308,3.562152978,0,1,34.43779238,0.613864485,6.919764698,0.099494531,51,7
2,309,3.378640823,0,1,29.17567791,0.692227768,6.256438708,0.219935538,50,7
2,310,3.286966965,0,1,24.57816403,0.848084106,10.23517778,0.074991459,49,7
2,311,3.459239097,0,1,30.76239933,0.896825463,10.0815818,0.442741621,48,7
2,312,3.649163701,0,1,22.43879688,0.602821232,8.154069495,0.537757929,47,7
2,313,3.824031856,0,0,88.9861121,0.688684351,10.73964148,0.185332567,46,7
2,314,3.795293164,0,1,22.8831464,0.554386694,7.938676759,0.278148087,45,7
2,315,4.101914326,0,1,23.4718052,0.663563865,13.28627766,0.512728602,44,7
2,316,4.089507904,0,0,98.45014684,0.650346831,10.63037107,0.412673174,43,7
2,317,4.058163344,0,1,26.73604061,0.579549456,9.275058457,0.378662718,42,7
2,318,3.89629813,0,0,100.1252115,0.670643423,11.74815964,0.358994381,41,7
2,319,4.256553476,0,1,28.53127606,0.561841854,14.96354516,0.255220171,40,7
2,320,4.722315292,0,1,33.94950802,0.548571521,18.10084756,0.692037769,39,7
2,321,4.663450118,0,1,24.88700691,0.689856131,10.41868403,0.581783557,38,7
2,322,4.974313474,0,1,30.84818076,0.81319881,15.95046429,0.649776913,37,7
2,323,4.982751577,0,0,95.14037837,0.685067416,12.86636986,0.503806403,36,7
2,324,4.975256803,0,1,29.15669988,0.626670963,12.24717544,0.639107296,35,7
2,325,5.231906296,0,1,29.77232387,0.704479829,18.95349905,0.599925805,34,7
2,326,5.334460645,0,1,22.94238893,0.487278218,16.86170543,0.914498037,33,7
2,327,5.414537137,0,1,24.11516311,0.810601045,22.46365076,0.528592763,32,7
2,328,5.532220917,0,0,101.6134828,0.601883155,14.01260266,0.915598355,31,7
2,329,5.706208888,0,1,26.3377185,0.788340752,20.87375467,0.881592502,30,7
2,330,5.754627209,0,1,19.9123845,0.555873802,14.82726573,0.878818075,29,7
2,331,5.677590734,0,1,32.09847825,0.742364443,18.00991466,1.164243019,28,7
2,332,5.84853632,0,1,28.72761878,0.602051199,19.04332388,0.788958187,27,7
2,333,6.370137964,0,0,103.8080159,0.555536941,24.86124796,1.246002555,26,7
2,334,6.448109069,0,1,32.84806146,0.633922728,20.64330203,0.721808882,25,7
2,335,6.650008993,0,1,34.1965496,0.545418941,20.43815112,1.170188399,24,7
2,336,6.233967259,0,1,36.11720314,0.618816215,20.4057803,1.295083189,23,7
2,337,6.597886605,0,0,92.59995592,0.582852873,18.20557304,1.291920248,22,7
2,338,6.57060306,0,1,34.99917513,0.593499578,23.86178232,1.046738934,21,7
2,339,6.575867849,0,1,35.40427717,0.611832548,25.85867347,0.907310398,20,7
2,340,6.608985655,0,1,28.20325684,0.658213685,20.30481804,1.461289022,19,7
2,341,6.595345305,0,0,109.0024465,0.642723735,22.11079574,1.009057132,18,7
2,342,7.204417803,0,1,27.5645214,0.493188472,22.65163482,1.347336753,17,7
2,343,6.978836328,0,1,33.93174247,0.645257387,23.04353995,1.406558872,16,7
2,344,7.535356742,0,1,24.30582426,0.61491378,25.19665256,1.212462098,15,7
2,345,7.358224976,0,0,106.5096856,0.580538251,26.99050785,1.086259837,14,7
2,346,7.518860655,0,0,96.6415893,0.7289216,25.36722822,1.446091968,13,7
2,347,7.525100059,0,0,97.51588692,0.67754964,24.00435089,1.434797187,12,7
2,348,7.529034383,0,1,22.84337124,0.492400102,26.71569581,1.376973544,11,7
2,349,7.554214653,0,1,37.89759067,0.703550092,32.7971426,1.369392507,10,7
2,350,7.357017963,0,0,92.53134867,0.645733192,25.93904784,1.476600132,9,7
2,351,7.70707387,0,1,31.0637349,0.649973898,23.35641669,1.66237836,8,7
2,352,7.845549351,0,0,82.95456366,0.415817054,27.68934457,1.526998357,7,7
2,353,7.803173607,0,1,30.43203023,0.580599179,28.69356937,1.541284876,6,7
2,354,7.948166066,0,1,38.10000728,0.598773023,29.08917158,1.53244597,5,7
2,355,8.154472579,0,1,34.67007322,0.832535033,33.03338977,1.350333693,4,7
2,356,8.509434429,0,0,101.2976723,0.495009129,30.75783579,1.72689348,3,7
2,357,8.86005316,0,1,23.69672523,0.574193291,43.89541152,1.935823822,2,7
2,358,10.03048429,0,1,31.78865639,0.714273639,39.10528823,2.853486681,1,7
2,359,9.991837383,0,0,108.1587417,0.521307827,0,0,0,7
2,359,0,0,0,108.1587417,0.521307827,0,0,83,8
2,360,0.121448696,0,1,27.1399923,0.581789947,2.540482416,0.00835166,82,8
2,361,0.286929032,0,1,39.15914241,0.544006771,4.30016565,0.159695204,81,8
2,362,0.493548759,0,1,32.09218133,0.629250367,2.721231057,0,80,8
2,363,0.511258574,0,0,91.97676262,0.504320386,1.414738118,0,79,8
2,364,0.734652463,0,1,26.04389607,0.498281177,5.573849347,0,78,8
2,365,0.320967877,0,1,33.06520923,0.615778192,1.552549643,0.12971395,77,8
2,366,0.591775128,0,1,16.29401946,0.540781201,0,0.16485377,76,8
2,367,0.333827612,0,1,24.57784098,0.511236625,4.261703258,0.201579754,75,8
2,368,0.654403498,0,1,21.41022839,0.647669017,2.454477866,0.015493345,74,8
2,369,0.625013231,0,1,30.86481825,0.496055798,9.260246676,0.198606068,73,8
2,370,0.970360946,0,1,28.20939657,0.788195664,0,0.41692233,72,8
2,371,0.841222483,0,1,25.32952538,0.516292432,0,0.187426395,71,8
2,372,1.165209224,0,0,92.86059661,0.74033995,0.199491452,0.054348999,70,8
2,373,0.779917635,0,1,26.92290331,0.726602792,7.434496928,0.253821638,69,8
2,374,0.873732665,0,1,28.53364872,0.602850976,0,0,68,8
2,375,0.571331405,0,1,19.83908077,0.580888449,1.760658532,0,67,8
2,376,1.575264667,0,0,105.6258085,0.692940152,6.434715086,0,66,8
2,377,1.840656123,0,1,33.16369422,0.654539461,0.94969052,0,65,8
2,378,2.176081502,0,0,101.7963017,0.581902862,2.746748628,0.201171221,64,8
2,379,1.906654074,0,1,18.82652891,0.727628284,2.246472167,0,63,8
2,380,1.852292391,0,1,29.81703268,0.809417201,0.416122953,0.372550665,62,8
2,381,1.838748973,0,1,27.632148,0.870829498,7.503817553,0.17907484,61,8
2,382,2.811947166,0,1,25.79778751,0.573969862,3.61413362,0.10522675,60,8
2,383,2.750631894,0,0,105.9598221,0.661116877,1.18096881,0.276247956,59,8
2,384,2.563718235,0,0,99.37256778,0.705582389,6.007118316,0.223437332,58,8
2,385,3.205695381,0,1,30.86422215,0.600648211,8.701273579,0.302273912,57,8
2,386,3.207615809,0,1,32.61559723,0.438377657,5.316125442,0,56,8
2,387,4.068789994,0,1,29.40779177,0.65621313,11.102773,0.434324561,55,8
2,388,3.726129463,0,1,28.79132178,0.569823991,12.66156691,0.090489363,54,8
2,389,4.11812037,0,1,32.6726676,0.658736346,8.119185431,0.46588975,53,8
2,390,4.070221519,0,1,27.92907135,0.681791908,11.42442391,0.469082878,52,8
2,391,4.319904829,0,0,97.74871893,0.763108053,10.34584186,0.449462138,51,8
2,392,4.140971817,0,1,33.57855121,0.557373095,15.53060326,0.445764626,50,8
2,393,4.157154424,0,0,89.28178612,0.797179364,11.54408779,0.423242538,49,8
2,394,4.470725555,0,1,26.46506118,0.518590916,12.63911126,0.5442145,48,8
2,395,4.469643447,0,1,31.22531968,0.642268998,8.367912275,0.617351328,47,8
2,396,4.564902394,0,1,32.33993441,0.523840314,13.71851356,0.506573468,46,8
2,397,4.339202949,0,1,37.99279407,0.591520885,14.29775696,0.318347604,45,8
2,398,4.675833181,0,1,29.04454166,0.5835324,9.067793479,0.795166411,44,8
2,399,4.724658796,0,1,34.68485358,0.684686567,12.44659827,0.432884705,43,8
2,400,4.346868327,0,1,30.39171637,0.724519785,17.21528887,0.511861223,42,8
2,401,4.376828429,0,1,31.2149327,0.657383868,8.576242434,0.519978868,41,8
2,402,4.436190244,0,1,28.30437856,0.520376657,14.37752902,0.345616914,40,8
2,403,4.768243336,0,1,39.63118664,0.542781703,15.14337776,0.618768577,39,8
2,404,4.620510834,0,1,24.64386853,0.625813487,14.864886,0.506187394,38,8
2,405,4.776492795,0,1,28.26413124,0.558858729,6.972879972,0.710643888,37,8
2,406,4.628411981,0,0,92.92739493,0.731248296,12.03585596,0.736728425,36,8
2,407,4.693118309,0,0,103.6331968,0.563600617,16.13091186,0.467691978,35,8
2,408,4.663931221,0,1,29.43584736,0.720530982,9.506504632,0.4929439,34,8
2,409,4.735430379,0,1,24.37126005,0.477742737,18.66941697,0.458570605,33,8
2,410,4.856328707,0,1,25.92831436,0.726689041,12.12083026,0.840170688,32,8
2,411,5.091911832,0,0,107.8064347,0.542384232,15.97802867,0.612654121,31,8
2,412,5.369319596,0,1,27.86208147,0.466425681,20.29546005,0.861649461,30,8
2,413,5.751964813,0,0,92.48679621,0.496565791,17.25929419,1.065796715,29,8
2,414,5.62441195,0,1,35.21690369,0.70127225,16.0949996,0.671831952,28,8
2,415,5.626700327,0,0,110.7381266,0.560828371,17.3228111,0.607631878,27,8
2,416,5.730312039,0,1,32.8029749,0.585342599,16.36200996,0.86149538,26,8
2,417,5.9214745,0,1,39.6178958,0.728045399,19.02775345,0.679133454,25,8
2,418,6.260164349,0,0,96.21306472,0.732153252,21.57397571,0.947997105,24,8
2,419,6.46220745,0,1,34.18557872,0.648480337,22.08603089,0.928542705,23,8
2,420,6.6526142,0,1,31.54014953,0.750364953,16.87576182,1.265101683,22,8
2,421,6.503217435,0,1,33.36412822,0.824844214,22.02302877,0.977038305,21,8
2,422,6.668083138,0,1,33.30213159,0.641739993,22.37171264,1.197457037,20,8
2,423,6.560568768,0,1,45.71800606,0.551857277,22.71295401,1.230314653,19,8
2,424,6.771654567,0,1,31.8940529,0.525195229,29.07068624,1.07436801,18,8
2,425,6.898044139,0,1,25.34362689,0.625040409,27.19665797,1.218969615,17,8
2,426,6.899869621,0,1,26.69345514,0.506574616,27.60526745,1.121176002,16,8
2,427,7.078714275,0,0,103.2964515,0.666203264,14.53167321,1.203053278,15,8
2,428,7.240309521,0,1,32.77996069,0.589948905,24.61265867,1.211889532,14,8
2,429,7.28838947,0,1,26.21305038,0.634735824,26.02065672,1.211537572,13,8
2,430,7.494809334,0,0,88.32656927,0.621945683,26.75351311,1.402485468,12,8
2,431,7.530087057,0,0,89.03596427,0.626042535,28.19514146,1.37079332,11,8
2,432,8.176892151,0,1,37.79504791,0.806489879,23.28779603,1.506795349,10,8
2,433,7.858099066,0,1,37.42368133,0.601590053,26.06167278,1.79952123,9,8
2,434,7.975966449,0,1,23.19804181,0.613555679,28.55449025,1.657484877,8,8
2,435,8.387875434,0,0,103.0762811,0.59593846,31.32102719,2.00258265,7,8
2,436,8.552965663,0,1,23.56574928,0.536052595,27.6281015,1.705278859,6,8
2,437,8.612378618,0,0,86.63737168,0.49064233,31.3351565,1.974577909,5,8
2,438,9.128113525,0,1,33.00743412,0.680305757,39.35622799,1.728905103,4,8
2,439,9.229170181,0,1,32.63481223,0.52448431,38.8851858,2.402662398,3,8
2,440,9.518938086,0,1,27.66990264,0.700355814,33.31138179,2.409190428,2,8
2,441,9.777888551,0,1,27.74989098,0.451337814,36.63708248,2.147511212,1,8
2,442,10.3192504,0,1,22.43959493,0.511383212,2.922450682,0,0,8
3,0,0,2,0,102.2872694,0.829323258,0.853313755,0,93,10
3,1,0,2,0,104.0526956,0.67775996,4.690588728,0.042333867,92,10
3,2,0,2,1,31.88084448,0.664481068,0,0,91,10
3,3,0.148750583,2,1,31.05627224,0.641147583,2.55237693,0.087550528,90,10
3,4,0,2,1,33.54590237,0.73342903,0,0.086185402,89,10
3,5,0.188738853,2,1,31.311645,0.751377189,0,0,88,10
3,6,0.106502832,2,0,105.054241,0.624851267,4.347214295,0,87,10
3,7,0.191288172,2,0,104.2399919,0.545909158,0,0.116192441,86,10
3,8,0.32977933,2,1,25.80275056,0.673499454,0,0,85,10
3,9,0.34664338,2,1,29.67758556,0.685489104,0,0,84,10
3,10,0.260621123,2,0,99.3423857,0.653086117,0,0,83,10
3,11,0.369262419,2,0,114.9578088,0.807640092,0.541453888,0.095117763,82,10
3,12,0.178702122,2,1,31.28642103,0.795455926,2.077493647,0.030655136,81,10
3,13,0.532692758,2,1,25.71632201,0.766382816,0,0.671386708,80,10
3,14,0.515174406,2,1,27.11589277,0.887262687,0.081294157,0.070680362,79,10
3,15,0.611149985,2,1,36.25880899,0.600108535,1.499895015,0.207508526,78,10
3,16,0.519418739,2,0,95.0199146,0.627939138,0,0,77,10
3,17,0.540730036,2,1,25.084286,0.701866057,0,0.028476537,76,10
3,18,1.084790992,2,1,31.97960434,0.743438886,0.535700108,0,75,10
3,19,0.530825995,2,0,104.9090137,0.654738199,0.545573191,0.05649577,74,10
3,20,0.659945224,2,1,34.42121131,0.811342169,0.956893756,0.014960537,73,10
3,21,0.631425819,2,1,38.76856397,0.72238533,3.588396511,0,72,10
3,22,0.895632965,2,1,31.66116788,0.845546545,0.74003187,0.176325602,71,10
3,23,1.254010537,2,0,107.4840585,0.68625824,0,0.067876412,70,10
3,24,1.294671485,2,1,28.0504017,0.637063967,0,0.012186937,69,10
3,25,1.36002102,2,0,101.8703123,0.819754881,2.716065227,0,68,10
3,26,1.388087839,2,1,28.53741702,0.823064572,0,0,67,10
3,27,1.887574243,2,1,33.21418983,0.610480824,0,0.330883,66,10
3,28,1.514986801,2,0,104.2647734,0.645498854,4.679018163,0.20126776,65,10
3,29,1.711004839,2,1,22.98732211,0.648077443,3.31567177,0.175625096,64,10
3,30,1.358215687,2,0,110.3313601,0.604483554,0,0.067445766,63,10
3,31,1.489492609,2,1,31.34107939,0.936814965,0,0.280971418,62,10
3,32,1.228798047,2,0,96.63311045,0.748254736,0,0,61,10
3,33,1.75475796,2,0,100.9240056,0.710401532,6.382716618,0.321372716,60,10
3,34,1.547009432,2,1,31.7043125,0.594748718,0,0,59,10
3,35,1.715278744,2,1,25.38611363,0.516167518,3.477070063,0.085779105,58,10
3,36,1.538582499,2,0,114.4542523,0.635439067,4.747438966,0.10262356,57,10
3,37,1.357828303,2,1,26.42568049,0.676935714,1.416980113,0,56,10
3,38,1.958822378,2,1,36.21261121,0.678218465,0.061196841,0.241365868,55,10
3,39,1.813626075,2,1,26.61653786,0.842405644,7.120400953,0,54,10
3,40,1.630414961,2,0,89.7720847,0.761187624,2.037731046,0,53,10
3,41,1.963392596,2,0,92.13047964,0.728128031,2.014256496,0.376220411,52,10
3,42,1.69920486,2,1,36.65545961,0.682679153,5.427428013,0.26332979,51,10
3,43,1.85015291,2,0,103.8954056,0.714918614,4.585914169,0.36218147,50,10
3,44,2.258129621,2,0,100.289543,1,2.959959479,0.244753188,49,10
3,45,2.24174321,2,1,29.15757411,0.627545064,0.59235192,0.005824346,48,10
3,46,2.488221812,2,1,38.89049367,0.847601424,8.283943198,0.422912199,47,10
3,47,2.350108376,2,1,29.60254893,0.880699457,0.917498553,0.214980464,46,10
3,48,2.388924776,2,0,110.708646,0.86222683,6.429017953,0,45,10
3,49,2.448624006,2,1,34.63178766,0.608143415,6.069637416,0.166455929,44,10
3,50,2.753741496,2,1,23.06156032,0.605254803,0,0.31980672,43,10
3,51,3.162735957,2,0,99.13783851,0.88708836,9.73972717,0.095347611,42,10
3,52,2.763715308,2,0,93.99101051,0.78162113,3.842661487,0.16340697,41,10
3,53,2.988212555,2,1,30.36492244,0.753179931,6.333613356,0.142457289,40,10
3,54,3.18634077,2,1,26.49318282,0.689198177,0,0.111318607,39,10
3,55,3.87205299,2,1,28.03063079,0.689697391,17.00226754,0.515801228,38,10
3,56,3.795471379,2,0,102.7952496,0.682088058,15.13097939,0.476649596,37,10
3,57,3.780400416,2,1,29.86590214,0.58298287,13.37316321,0.459857516,36,10
3,58,3.612986469,2,1,25.56278625,1,7.121349007,0.13585199,35,10
3,59,4.080882256,2,1,28.50817187,0.798920436,11.01967451,0.406196429,34,10
3,60,3.775937936,2,0,110.4806765,0.744598778,14.82272389,0.302356863,33,10
3,61,4.065282305,2,0,104.8390056,0.723560083,15.61177989,0.221812291,32,10
3,62,4.223255921,2,1,30.06274485,0.45792825,8.223308701,0.490142785,31,10
3,63,3.978800338,2,0,109.4596226,0.732583379,11.98525173,0.351285122,30,10
3,64,4.071121242,2,1,25.58879316,0.629266416,8.886809741,0.467164378,29,10
3,65,3.83267961,2,1,22.995373,0.487557606,13.42004508,0.335625195,28,10
3,66,4.120551628,2,1,38.20945179,0.650729636,15.43959823,0.368996193,27,10
3,67,4.329342891,2,1,23.77678699,0.749414114,11.57397816,0.731725438,26,10
3,68,4.431033857,2,1,34.48228767,0.71961547,16.6979744,0.653932791,25,10
3,69,4.597660569,2,1,32.6718805,0.879330133,15.1040877,0.509479526,24,10
3,70,4.863728402,2,1,29.72163793,0.715276951,11.26695934,0.547074249,23,10
3,71,5.079775223,2,1,36.17545114,0.843303054,11.50149139,0.453965783,22,10
3,72,4.867801922,2,0,108.3524501,0.693787037,18.65933235,0.887257282,21,10
3,73,4.986898827,2,0,103.116934,0.810437813,14.74841521,0.467674669,20,10
3,74,5.841867322,2,1,23.22203849,0.738131449,10.89155901,0.766982144,19,10
3,75,5.488728352,2,1,33.60393994,0.792426595,11.66516721,0.623974843,18,10
3,76,5.88043474,2,0,104.9224934,0.6314091,24.09024689,0.823540285,17,10
3,77,5.673412215,2,0,88.96992049,0.708509366,22.54356457,0.669698409,16,10
3,78,5.779631757,2,1,30.17815927,0.818324413,17.0636113,0.790197129,15,10
3,79,5.841072005,2,0,79.51670402,0.851153142,14.90815059,1.071645132,14,10
3,80,6.263777568,2,0,105.3199273,0.634573824,16.19770594,1.089826035,13,10
3,81,6.161743169,2,1,37.58963685,0.551896755,21.07494036,1.09269725,12,10
3,82,6.481140985,2,1,25.22561435,0.636744524,25.91458655,1.058905315,11,10
3,83,6.884037822,2,0,114.5057486,0.532723794,20.48231508,1.110374657,10,10
3,84,6.868107914,2,0,100.1649415,0.779151699,22.93921539,1.239653972,9,10
3,85,7.129333302,2,0,102.8856248,0.610076741,21.69176674,1.16977798,8,10
3,86,7.750367238,2,1,35.19603579,0.603340445,20.68580902,1.75886944,7,10
3,87,7.486054596,2,1,31.90308581,0.74736394,26.22554858,1.452020252,6,10
3,88,7.975577731,2,1,23.7862038,0.674585854,28.3752415,1.563740519,5,10
3,89,9.01166789,2,0,109.4379232,0.704687085,35.18621801,2.048075175,4,10
3,90,9.114539543,2,0,93.51382365,0.714285676,38.08986489,2.135103481,3,10
3,91,9.016353093,2,1,22.11493675,0.725847122,38.86140503,1.986235222,2,10
3,92,9.586088237,2,1,39.95124111,0.782843446,38.15997821,2.331585854,1,10
3,93,10.3146698,2,0,100.2163618,0.574202159,4.836792217,0,0,10
3,93,0,2,0,100.2163618,0.574202159,4.836792217,0,84,11
3,94,0.378645932,2,0,94.82532242,0.727871582,1.53860034,0.103867953,83,11
3,95,0.368254859,2,1,27.57022496,0.896612068,1.16668126,0,82,11
3,96,0.443240358,2,1,24.63253368,0.955458652,0,0,81,11
3,97,0.437052552,2,1,26.53785188,0.600813954,0,0.101969345,80,11
3,98,0.663316155,2,0,104.8257641,0.795865013,0,0.004675291,79,11
3,99,0.82196212,2,1,30.59946022,0.691814072,5.875391177,0.224800375,78,11
3,100,0.734630833,2,1,21.76364063,0.77403324,0,0.073247967,77,11
3,101,1.089141836,2,1,23.00713374,0.802439484,0,0.084874069,76,11
3,102,0.955793831,2,1,34.40614443,0.709575715,0.537363709,0.0163794,75,11
3,103,0.835871407,2,1,27.26708059,0.736984697,3.064924494,0,74,11
3,104,1.16113607,2,1,30.23250096,0.629863763,0,0,73,11
3,105,1.200591577,2,1,37.54952957,0.527495834,3.328145641,0.079499367,72,11
3,106,1.384049042,2,0,84.52809415,0.80993069,2.415236886,0.042240774,71,11
3,107,1.47015454,2,1,21.79159975,0.66387992,2.013978923,0.178651099,70,11
3,108,1.00229015,2,0,93.21860405,0.804567113,7.641539332,0.089351499,69,11
3,109,1.07943058,2,0,86.32981413,0.828297131,1.533937932,0,68,11
3,110,1.407114121,2,0,99.99138551,0.686618154,4.98842846,0.001092158,67,11
3,111,1.527163311,2,1,31.8685371,0.703780174,4.583946367,0.218241645,66,11
3,112,1.774840037,2,1,35.45007886,0.862947942,0.40621225,0,65,11
3,113,1.813097815,2,1,45.17906541,0.738598785,4.063662136,0.214721228,64,11
3,114,1.876317358,2,0,110.7915619,0.745633575,1.144577562,0.030516549,63,11
3,115,2.324998844,2,0,97.47057959,0.764432273,5.108732234,0.086673638,62,11
3,116,2.048400993,2,1,26.30084872,0.606047514,3.108073201,0.208486254,61,11
3,117,2.372205585,2,0,107.756422,0.682080211,2.153595721,0.043738314,60,11
3,118,1.953695917,2,1,31.92711045,0.589249016,3.745167698,0,59,11
3,119,2.345213342,2,1,37.15151728,0.570418548,6.081269289,0.15278014,58,11
3,120,2.305183746,2,0,101.4608385,0.830959398,6.606809276,0.316639219,57,11
3,121,2.082009389,2,1,25.71655124,0.553739901,2.133950043,0.281580887,56,11
3,122,2.686993236,2,0,96.4405017,0.82293531,0.269495532,0.143864951,55,11
3,123,2.543428427,2,1,31.54660762,0.864914014,0.678010836,0,54,11
3,124,2.169777982,2,1,24.04957114,0.599802216,2.316365109,0,53,11
3,125,2.589931278,2,1,21.56403473,0.65670153,11.14009758,0,52,11
3,126,2.393486126,2,1,35.09208048,0.873281063,3.295718577,0.246315495,51,11
3,127,2.479307337,2,1,24.80263124,0.743682829,9.98197925,0.061482954,50,11
3,128,2.757530431,2,1,29.58470779,0.702772609,5.174137083,0.265243676,49,11
3,129,2.550944611,2,1,37.3444142,0.857406356,4.34069059,0.352538809,48,11
3,130,2.785196907,2,1,29.0182501,0.783956029,5.045236435,0.284170774,47,11
3,131,3.249320145,2,1,25.43987249,0.562610339,9.246262188,0.260947381,46,11
3,132,3.259333483,2,1,32.62159769,0.786840246,8.399976336,0,45,11
3,133,3.021674286,2,0,104.2571578,0.660289098,7.855656188,0.031232342,44,11
3,134,3.221615773,2,0,101.2199903,0.685445041,2.797662639,0.239045157,43,11
3,135,2.941637937,2,1,29.33888962,0.752270568,1.82303708,0.402113158,42,11
3,136,3.626438612,2,1,26.049945,0.690594867,7.852144444,0.059490531,41,11
3,137,3.42720241,2,1,30.41660154,0.911633164,0,0.399763766,40,11
3,138,3.328954144,2,1,36.84624978,0.461568371,2.604623324,0.291698086,39,11
3,139,3.736038218,2,0,102.379634,0.776434775,12.07234137,0,38,11
3,140,3.742626697,2,0,108.1157911,0.654908048,15.09188989,0.173651668,37,11
3,141,3.715340312,2,1,29.33050293,0.72155163,9.285760735,0.228635016,36,11
3,142,3.588590201,2,1,29.28296469,0.775423836,7.911770051,0.234491459,35,11
3,143,3.90193737,2,0,100.186108,0.730379055,14.2922251,0.509146942,34,11
3,144,4.580857264,2,1,34.80217696,0.677743871,15.68792042,0.828096283,33,11
3,145,4.766655991,2,1,30.83219219,0.678169848,11.15825799,0.474077523,32,11
3,146,4.450648679,2,0,112.03565,0.720697492,9.648096185,0.336004553,31,11
3,147,5.040731015,2,1,35.02091931,0.740700084,10.95046197,0.532841328,30,11
3,148,5.121382699,2,1,37.6479829,0.637349796,12.69276666,0.707096089,29,11
3,149,4.753214326,2,0,109.3022692,0.648694015,10.11039147,0.562225123,28,11
3,150,4.825119933,2,1,33.72783296,0.64200996,10.72105951,0.634911519,27,11
3,151,5.169262451,2,1,23.24154595,0.599814141,19.9291192,0.678882441,26,11
3,152,5.191219435,2,1,31.63784964,0.683784838,11.69479819,0.778788395,25,11
3,153,5.111621665,2,1,27.59175473,0.711731897,16.46114384,0.841929574,24,11
3,154,5.186339943,2,1,27.68831349,0.735689638,9.926621465,0.594691972,23,11
3,155,5.02471313,2,0,96.44122066,0.83609877,11.50413674,0.802432307,22,11
3,156,5.321878311,2,1,21.0768068,0.875421238,15.48113098,0.556838978,21,11
3,157,5.238374,2,0,111.9072408,0.729205061,13.19688235,0.773675997,20,11
3,158,5.649378302,2,1,21.23934671,0.640570395,15.35903335,0.629005271,19,11
3,159,5.729014596,2,0,96.1845827,0.638650273,13.07421853,0.841729362,18,11
3,160,5.644751357,2,1,29.4543619,0.655343262,17.18057543,0.452825533,17,11
3,161,5.76261106,2,0,102.3889495,0.538622833,14.55140998,0.556641225,16,11
3,162,6.069315054,2,1,25.15604542,0.706191696,16.38756299,0.93489223,15,11
3,163,6.225693882,2,1,23.0096746,0.67714141,17.83421983,0.974955627,14,11
3,164,5.979091011,2,0,107.3464567,0.663147634,15.68485438,0.88338364,13,11
3,165,5.981293286,2,1,31.49151659,0.721503676,19.23686876,1.121396419,12,11
3,166,6.333551511,2,1,31.37546143,0.783853285,21.45499037,0.948238471,11,11
3,167,6.519537527,2,0,103.2983402,0.600793873,19.77357797,1.081220646,10,11
3,168,6.578827994,2,1,32.75051758,0.693944366,21.5656864,0.94103708,9,11
3,169,6.583219584,2,0,102.4423227,0.786533616,21.2891764,1.054751699,8,11
3,170,7.724145369,2,1,37.34230234,0.64756991,24.08938802,1.522820224,7,11
3,171,8.285083742,2,1,34.60175228,0.615943017,30.49791609,1.544260072,6,11
3,172,8.066838328,2,0,88.78959849,0.617026281,25.14502921,1.739905474,5,11
3,173,8.58119917,2,0,97.18047721,0.867699231,31.5351667,1.759650901,4,11
3,174,9.005245842,2,0,99.78272613,0.731371299,33.64113254,2.001266866,3,11
3,175,9.567143909,2,0,107.9145378,0.659278496,39.94122523,2.239071357,2,11
3,176,9.886633115,2,0,93.14902026,0.803116849,37.27937891,2.515169811,1,11
3,177,10.76640733,2,1,31.38226012,0.737203867,0,0.305786664,0,11
3,177,0,2,1,31.38226012,0.737203867,0,0.305786664,91,12
3,178,0.258550934,2,0,103.4877771,0.747798096,0,0,90,12
3,179,0.194966692,2,0,102.9783342,0.638654541,0.934573328,0.072575266,89,12
3,180,0.086364768,2,1,38.93321225,0.597850779,0,0,88,12
3,181,0,2,1,31.22636886,0.859448198,0,0,87,12
3,182,0.07071687,2,1,24.27224985,0.9332463,0,0,86,12
3,183,0.012650747,2,0,105.7718134,0.859666122,0,0,85,12
3,184,0.220506641,2,1,33.04915579,0.8630813,3.787644678,0,84,12
3,185,0.196046041,2,0,105.5324644,0.833847884,6.831268591,0.024293713,83,12
3,186,0.480552646,2,0,97.21506967,0.7618337,0,0.116211276,82,12
3,187,0.55032751,2,1,27.10640667,0.624763057,0.450456356,0,81,12
3,188,0.410446853,2,0,101.4542313,0.829178886,0,0.334527575,80,12
3,189,0.627674212,2,1,25.66926236,0.749565754,0,0.137682848,79,12
3,190,0.376340872,2,1,26.55397381,0.542845307,2.025361334,0.287999113,78,12
3,191,0.482326645,2,1,29.74946621,0.799145382,0,0,77,12
3,192,0.588302952,2,1,33.70111018,0.710027352,0,0.190116448,76,12
3,193,0.646746531,2,1,26.78548598,0.719701193,0,0.235393169,75,12
3,194,1.275898271,2,0,96.76008814,0.697563474,3.194725668,0.19870172,74,12
3,195,0.803742153,2,0,94.08991842,0.702124183,0,0,73,12
3,196,1.101567893,2,1,41.46006112,0.802437145,5.027777807,0,72,12
3,197,1.075199429,2,1,34.04222486,0.618485533,4.8827978,0,71,12
3,198,0.982658624,2,1,22.27349185,0.795042683,8.010725699,0.035265106,70,12
3,199,1.099057223,2,1,23.86240306,0.765024894,0.483477732,0.11943736,69,12
3,200,1.045845142,2,1,32.33164646,0.741481239,0,0,68,12
3,201,1.220594047,2,1,34.39793299,0.511404244,2.650334785,0.056113673,67,12
3,202,1.208059773,2,0,114.1684739,0.588157184,7.008241758,0.030458725,66,12
3,203,1.217804998,2,1,25.84879501,0.760246969,0,0.238742331,65,12
3,204,1.171565797,2,0,107.3424685,0.727505698,0,0.077265586,64,12
3,205,1.354712933,2,1,34.87495866,0.667158494,0,0.034473897,63,12
3,206,1.41232674,2,1,37.1362946,0.772117473,7.375988965,0,62,12
3,207,1.952211865,2,1,24.43323124,0.681611283,1.62158097,0.12724013,61,12
3,208,1.75310543,2,1,24.63811171,0.853497589,2.157634822,0,60,12
3,209,2.207640319,2,1,32.72902806,0.782991257,1.883743273,0.177164776,59,12
3,210,2.289433258,2,1,25.25426114,0.664485126,2.365540906,0,58,12
3,211,2.206105109,2,1,31.58529195,0.711866333,5.639765659,0.211987098,57,12
3,212,2.434002966,2,1,24.01901181,0.651604975,2.340145998,0.008926686,56,12
3,213,1.983954027,2,1,35.17763269,0.566347522,2.564985347,0,55,12
3,214,1.977574403,2,0,105.6775207,0.719229496,3.899591314,0.227721765,54,12
3,215,1.974590999,2,1,28.53662085,0.7218066,1.110238228,0.02427771,53,12
3,216,1.904151996,2,1,23.15602802,0.857710437,6.925983052,0.30513869,52,12
3,217,2.114132751,2,1,27.95373441,0.854944447,5.947675685,0.236395766,51,12
3,218,2.15206512,2,0,105.0880207,0.563342071,1.985081317,0.095700812,50,12
3,219,2.051231636,2,1,35.77710801,0.869316529,8.088468882,0.014155317,49,12
3,220,2.015332315,2,1,37.50296243,0.902117412,5.254077692,0.065075914,48,12
3,221,3.109799347,2,1,23.68889546,0.4915805,0,0.441141291,47,12
3,222,2.675311297,2,1,29.37294778,0.876876509,5.539450097,0,46,12
3,223,2.963517156,2,1,38.56271363,0.572633183,3.468492884,0.25901155,45,12
3,224,3.060785119,2,0,100.3295272,0.862585717,7.174090385,0.157925433,44,12
3,225,2.811876067,2,1,26.34050174,0.817216138,4.574975146,0.316021026,43,12
3,226,3.247639072,2,1,35.04829559,0.786840436,5.309618449,0.05688458,42,12
3,227,2.798228351,2,1,29.86661441,0.704886272,7.054073413,0.30433662,41,12
3,228,3.252895584,2,1,18.76787535,0.826231712,4.634599903,0.315296152,40,12
3,229,3.724350527,2,0,102.4527515,0.637026165,8.549900582,0.308490422,39,12
3,230,3.586435125,2,1,28.36766319,0.886163016,8.452141885,0.502786152,38,12
3,231,3.980216136,2,0,109.5835882,0.649213681,7.058527837,0.330455935,37,12
3,232,3.894189551,2,1,29.37565832,0.632035018,8.532865391,0.481376843,36,12
3,233,3.781680361,2,1,34.30832311,0.556800944,5.748180831,0.577665212,35,12
3,234,3.850709459,2,0,109.9594355,0.860872884,8.36049677,0.415249883,34,12
3,235,3.991297443,2,1,22.50794466,0.714139896,14.6960201,0.307789548,33,12
3,236,4.047249627,2,0,95.17041972,0.860281317,8.48535368,0.51627069,32,12
3,237,4.256795264,2,1,32.11596481,0.715937696,10.72364081,0.628690669,31,12
3,238,4.348833616,2,0,94.24630523,0.628706421,13.25593443,0.633390795,30,12
3,239,4.344986462,2,0,101.0105969,0.771335096,10.83166558,0.34627309,29,12
3,240,4.653539366,2,1,32.54029124,0.892923829,16.80006965,0.421168097,28,12
3,241,4.630905088,2,1,32.03103132,0.741442489,14.91228666,0.563666443,27,12
3,242,4.679443708,2,1,21.55567596,0.86019464,7.640102213,0.531924892,26,12
3,243,4.777640482,2,0,104.1777898,0.699580662,20.34581586,0.799829932,25,12
3,244,5.022650088,2,0,99.03848365,0.364177928,14.98889063,0.439709771,24,12
3,245,5.025582662,2,0,94.85510484,0.590347694,15.8932093,0.869573209,23,12
3,246,5.185276809,2,1,32.89442981,0.618579071,12.06718848,0.619265604,22,12
3,247,5.393627284,2,1,36.20983105,0.612100286,19.5927779,0.993696693,21,12
3,248,5.444187133,2,0,108.2406916,0.688544147,20.89186952,1.058450473,20,12
3,249,5.635081529,2,1,19.5295182,0.853110744,12.30876684,0.822661592,19,12
3,250,6.04140352,2,1,23.37479747,0.801568354,19.76938981,0.934074998,18,12
3,251,5.917255425,2,0,99.54096694,0.650607171,15.96208721,0.868022028,17,12
3,252,7.013807751,2,1,33.35847305,0.66929675,19.10650631,1.190528467,16,12
3,253,6.977763414,2,0,110.8402212,0.731217017,26.20677089,1.252884674,15,12
3,254,7.158513059,2,1,37.0212024,0.650959392,23.37983191,1.381326133,14,12
3,255,7.188802963,2,1,23.95681824,0.62802503,28.75749593,1.203313459,13,12
3,256,7.44519838,2,1,32.76160847,0.819408816,21.3404745,1.491350537,12,12
3,257,7.441658485,2,0,105.2508436,0.706448527,26.60357289,1.506377914,11,12
3,258,7.574354829,2,0,94.50354122,0.743127097,30.2915866,1.492954924,10,12
3,259,7.628878356,2,1,30.69073399,0.965702419,25.30086085,1.563220243,9,12
3,260,8.207691618,2,1,37.08290516,0.824621903,32.65810269,1.734360357,8,12
3,261,8.040856072,2,1,32.13661974,0.824991352,28.95468736,1.960396762,7,12
3,262,8.379948253,2,0,94.53755159,1,26.75999378,1.858427784,6,12
3,263,8.587901031,2,0,97.15964707,0.722602032,31.7329367,2.06082009,5,12
3,264,8.91483838,2,1,30.72005988,0.741886921,36.38001546,1.997121052,4,12
3,265,9.117096499,2,1,37.27162429,0.890365057,29.74637949,1.89772287,3,12
3,266,8.99397566,2,0,94.87685176,0.667598316,34.26405741,2.041324348,2,12
3,267,9.751256205,2,1,32.16304547,0.672045456,37.00992688,2.304019445,1,12
3,268,10.85674066,2,0,95.46541042,0.742625382,0,0,0,12
3,268,0,2,0,95.46541042,0.742625382,0,0,96,13
3,269,0,2,0,92.15379275,0.870940389,1.50613827,0,95,13
3,270,0.029948139,2,1,23.33420216,0.803730345,0,0.167513727,94,13
3,271,0,2,1,39.2529313,0.85318224,0.164085579,0.063447232,93,13
3,272,0.267433221,2,0,116.6175979,0.629865446,0,0,92,13
3,273,0.361002235,2,0,98.40644322,0.62949776,4.938911003,0.350227989,91,13
3,274,0.481326719,2,0,108.0708765,0.694993019,1.54688533,0.084842694,90,13
3,275,0.2869444,2,1,27.52892784,1,3.812283408,0,89,13
3,276,0.398723535,2,0,95.29789217,0.69633728,0.130150189,0,88,13
3,277,0.22554935,2,0,99.41935869,0.699552625,0,0,87,13
3,278,0.238415657,2,1,27.50339175,0.692251841,1.919871499,0.041055108,86,13
3,279,0.494002707,2,1,29.00771289,0.709341172,3.626544611,0.067081141,85,13
3,280,0.380674285,2,1,33.5849167,0.8414238,1.653205912,0.370833575,84,13
3,281,0.144474303,2,1,32.45480087,0.608378426,0,0.100672947,83,13
3,282,0.302975962,2,0,102.6055814,0.493187284,0,0.206362941,82,13
3,283,1.011971272,2,1,36.64419493,0.702134987,1.334122057,0,81,13
3,284,1.226107611,2,1,30.00619297,0.701782406,2.978711082,0.184874379,80,13
3,285,1.104244659,2,1,29.77380342,0.703955414,1.902876596,0.241844714,79,13
3,286,1.134650761,2,1,33.38176544,0.72729277,2.155460141,0.161860139,78,13
3,287,1.112764479,2,0,94.86708491,0.650619049,0,0.062547081,77,13
3,288,1.412172239,2,0,97.58224758,0.836961382,0,0,76,13
3,289,1.173215332,2,1,28.91560043,0.513572213,2.183452722,0.12989578,75,13
3,290,1.294544733,2,0,97.64645539,0.783455042,3.600442118,0.11694058,74,13
3,291,1.090031267,2,0,95.70115792,0.769187068,0,0.138172714,73,13
3,292,1.260087128,2,1,26.72520453,0.870428558,1.464254433,0,72,13
3,293,1.30302661,2,1,32.38092377,0.722033677,3.114498721,0,71,13
3,294,1.353351105,2,1,37.6595672,0.707147592,0,0,70,13
3,295,1.123193378,2,0,114.8366364,0.56899287,1.029448027,0.32502048,69,13
3,296,1.426177108,2,1,34.78161915,0.709186842,2.220859106,0.062710298,68,13
3,297,1.541385136,2,1,33.34234322,0.741619672,0.295403586,0.035621998,67,13
3,298,1.58042412,2,0,94.56121693,0.561406429,4.29110074,0.136495347,66,13
3,299,1.446721168,2,1,31.48333926,0.616155998,3.681060673,0.081857791,65,13
3,300,1.752115528,2,1,23.9680124,0.540451483,1.994937651,0.078292055,64,13
3,301,1.710917094,2,0,109.9632634,0.72164476,1.894587198,0.205271884,63,13
3,302,1.537501027,2,1,23.79948787,0.871882013,4.196596826,0.039697124,62,13
3,303,1.262316801,2,1,29.79984908,0.67030634,0.137981676,0.112277345,61,13
3,304,1.843115598,2,1,24.23009716,0.673294555,8.166641963,0,60,13
3,305,1.57173605,2,1,29.62552354,0.716499261,4.452402442,0.101009516,59,13
3,306,1.770743194,2,0,106.6849637,0.683268377,0,0.266414594,58,13
3,307,1.739511371,2,1,30.89575528,0.756236889,2.828566629,0.549548108,57,13
3,308,1.85884759,2,1,32.78941664,0.74729774,0,0,56,13
3,309,1.987601642,2,0,95.73799521,0.73913154,4.50987783,0.349087049,55,13
3,310,1.755275022,2,1,21.1453532,0.646894362,4.871746464,0.213428932,54,13
3,311,2.401006132,2,1,27.53676217,0.618025577,6.532817417,0.159467682,53,13
3,312,1.844080826,2,0,108.7576799,0.78571722,2.685561389,0.205019328,52,13
3,313,2.398447077,2,0,90.85162099,0.77247706,7.501064326,0.347240921,51,13
3,314,2.207070133,2,1,36.72664818,0.727664606,5.980230448,0.179313493,50,13
3,315,2.571781851,2,0,98.50881814,0.685128088,9.268144448,0.131008485,49,13
3,316,2.493440013,2,1,32.33451387,0.657268346,7.820688535,0.145746389,48,13
3,317,2.300093996,2,1,35.55219349,0.670021552,3.317765213,0.598647307,47,13
3,318,2.079940974,2,1,31.81038539,0.817329441,5.962412023,0.047897966,46,13
3,319,2.830981591,2,1,31.6458034,0.83959115,4.157914539,0.118762269,45,13
3,320,2.733353776,2,1,26.97791632,0.579076001,7.315606315,0.086584901,44,13
3,321,2.957474756,2,1,27.82501743,0.664335435,10.66375771,0.16444534,43,13
3,322,3.090556911,2,1,27.94604601,0.622346635,4.616561444,0.111862934,42,13
3,323,3.295657474,2,0,97.78024857,0.72106915,12.50446613,0,41,13
3,324,3.17908114,2,1,24.67651494,0.710127572,3.978862942,0.324929603,40,13
3,325,3.128285404,2,1,28.6729498,0.735388407,11.13304356,0.577142367,39,13
3,326,3.367299087,2,1,30.75203821,0.741796416,9.111747415,0.131266419,38,13
3,327,3.563048543,2,1,31.0233961,0.679395489,6.093058363,0.254870545,37,13
3,328,3.736736547,2,1,31.00466379,0.566228638,12.45371007,0.277483003,36,13
3,329,3.372952902,2,1,31.29777425,0.794912584,8.556195908,0.302162301,35,13
3,330,3.523607455,2,0,92.18326417,0.660791791,7.409777978,0.305894783,34,13
3,331,3.641809878,2,0,92.31049226,0.842947521,6.565697069,0.604766865,33,13
3,332,3.521919389,2,0,112.0248409,0.754457064,11.15944897,0.494182583,32,13
3,333,3.571276777,2,1,24.72720968,0.69843152,7.667141372,0.577609678,31,13
3,334,3.973714644,2,0,110.344085,0.923364452,8.494145313,0.364816422,30,13
3,335,3.849010297,2,1,18.79980699,0.73592596,7.303314792,0.370099825,29,13
3,336,3.76225394,2,1,30.4267816,0.689026278,13.55882391,0.469394232,28,13
3,337,3.826668302,2,1,25.01691404,0.794447516,6.650738161,0.140606452,27,13
3,338,3.704832234,2,1,27.74930162,0.742324385,6.327902359,0.552874207,26,13
3,339,3.816962838,2,0,105.2986226,0.696054251,10.85661541,0.344886546,25,13
3,340,4.328668736,2,1,21.11114338,0.764106204,10.87317822,0.643139932,24,13
3,341,4.180560031,2,1,24.09665278,0.635805743,7.163664232,0.587402456,23,13
3,342,4.678323451,2,0,105.1419448,0.688551835,8.408248123,0.507803166,22,13
3,343,4.38524046,2,1,28.41350571,0.680463654,10.74025068,0.487882013,21,13
3,344,4.677365783,2,0,105.91344,0.882205175,10.42813155,0.456020584,20,13
3,345,4.690482264,2,0,103.7888624,0.71867057,17.4862988,0.504745331,19,13
3,346,4.271385057,2,1,32.02667769,0.887039378,12.17442723,0.4310326,18,13
3,347,4.425396799,2,1,28.90679445,0.63522795,9.346537915,0.485447119,17,13
3,348,4.99184493,2,1,34.39821971,0.681021959,10.31629552,0.626251011,16,13
3,349,5.474901864,2,1,34.42636249,0.850313535,13.09371982,0.689667661,15,13
3,350,5.302104565,2,0,98.96613178,0.606239539,16.41133511,0.509437517,14,13
3,351,6.42349407,2,0,100.2676352,0.743154051,22.84071525,0.823366683,13,13
3,352,6.422685296,2,1,28.2462561,0.559257126,17.93851293,1.36712441,12,13
3,353,6.512647412,2,0,97.00317682,0.658091339,17.45647215,1.099611455,11,13
3,354,6.822327529,2,0,104.9482835,0.668759008,25.71111159,0.935210864,10,13
3,355,7.120431146,2,1,31.5598943,0.690223719,20.71403413,1.233047106,9,13
3,356,7.208283413,2,1,26.76696515,0.789666723,22.15732942,1.182160393,8,13
3,357,7.150045361,2,0,92.41364467,0.668992267,25.3102625,1.390974258,7,13
3,358,7.939422103,2,1,30.05356118,0.639036841,25.25943381,1.679519238,6,13
3,359,7.924215883,2,1,30.79120235,0.874689986,30.16030911,1.632422019,5,13
3,360,8.565375267,2,0,94.1611962,0.629308992,34.49375802,1.891471844,4,13
3,361,9.063510858,2,1,20.36228709,0.663707853,36.60709114,1.995584565,3,13
3,362,9.404756319,2,1,26.74794751,0.907605272,40.17384349,2.234569189,2,13
3,363,9.849770995,2,0,100.6025194,0.809771458,41.5044776,2.566715864,1,13
3,364,10.27784688,2,1,21.60056093,0.733811776,0,0,0,13
4,0,0,3,1,30.67645013,0.647761043,0,0.059416842,84,15
4,1,0,3,1,31.31241891,0.616537587,0,0.149199559,83,15
4,2,0.111422086,3,1,25.54050666,0.610252826,6.930909219,0,82,15
4,3,0,3,1,26.99285151,0.495607281,5.709296085,0.012956382,81,15
4,4,0,3,1,25.03222298,0.417480495,0,0,80,15
4,5,0.183204583,3,1,38.73595109,0.569746522,0,0.035247482,79,15
4,6,0,3,0,98.31207804,0.637375473,0,0,78,15
4,7,0.175417256,3,1,25.02320135,0.411147718,0,0.13806832,77,15
4,8,0.062408727,3,1,37.26641194,0.540531711,1.027108555,0.077302914,76,15
4,9,0,3,0,99.9910904,0.524677672,2.508295284,0,75,15
4,10,0.392566372,3,0,95.51596554,0.478847628,0,0,74,15
4,11,0.001222709,3,1,20.92652421,0.448751817,0,0,73,15
4,12,0.140538072,3,0,105.3497482,0.609106466,0,0,72,15
4,13,0.439366553,3,0,108.4666421,0.377286967,0,0.041152062,71,15
4,14,0.374603194,3,1,34.89569863,0.585988635,0,0.131434674,70,15
4,15,0.689536733,3,1,28.17667952,0.481494714,0,0,69,15
4,16,0.786829823,3,1,35.76103791,0.627810904,1.560073069,0.31947936,68,15
4,17,0.591145436,3,1,37.4986091,0.459771527,0.973430361,0.048760711,67,15
4,18,0.673317215,3,1,30.03368166,0.662384954,0,0,66,15
4,19,0.504025527,3,1,30.9667966,0.556142707,0,0,65,15
4,20,0.613804841,3,1,37.46437744,0.650855578,0,0,64,15
4,21,0.71261119,3,1,22.96110682,0.491382898,0,0.082016537,63,15
4,22,0.728184114,3,1,32.77126136,0.388822629,3.067543323,0.198194245,62,15
4,23,0.703309978,3,0,91.84676473,0.437298602,0,0,61,15
4,24,1.060671978,3,0,95.39944869,0.591545799,1.470104477,0.118615364,60,15
4,25,0.709159411,3,0,103.7821972,0.446832694,0.281338571,0,59,15
4,26,1.1567415,3,1,26.5222453,0.593544825,0.088399849,0.087264485,58,15
4,27,1.163740021,3,0,107.1646187,0.605978475,2.859563529,0.219197339,57,15
4,28,0.94678877,3,1,28.63354884,0.523556318,0,0,56,15
4,29,1.39223948,3,0,94.84713649,0.386589904,0,0.089253191,55,15
4,30,1.595988391,3,0,110.0668607,0.581183619,0,0,54,15
4,31,1.531741891,3,0,98.86573474,0.508022717,2.44236298,0,53,15
4,32,1.573831914,3,1,34.88213729,0.453070137,2.147223807,0.105468783,52,15
4,33,1.742330482,3,1,25.14148377,0.524197683,3.209679352,0.031312549,51,15
4,34,1.643819668,3,1,39.23853653,0.758714712,7.364054766,0.263882227,50,15
4,35,2.540724609,3,1,22.78841857,0.654992733,5.775407091,0.518902373,49,15
4,36,2.366023749,3,0,102.0267229,0.422460113,0.368199264,0.054095838,48,15
4,37,2.693788309,3,1,29.29964523,0.522263427,1.974006076,0.036615551,47,15
4,38,2.987818867,3,0,101.1975235,0.454478836,4.028872134,0.355172869,46,15
4,39,2.824681694,3,1,36.06188557,0.464552193,5.406030454,0.299827082,45,15
4,40,2.839807174,3,1,23.66436695,0.57569477,8.877597672,0.215464,44,15
4,41,2.912771784,3,0,106.6043963,0.6720782,7.170740408,0,43,15
4,42,2.899780303,3,0,97.13481569,0.484142243,4.380391978,0.412779895,42,15
4,43,2.921912784,3,1,22.69578536,0.466650328,1.498131689,0.002216554,41,15
4,44,2.950052784,3,1,26.648398,0.547288544,1.88732912,0.210099877,40,15
4,45,3.328554506,3,1,31.09672807,0.555050827,2.718745459,0.451866629,39,15
4,46,3.457722071,3,1,31.89071127,0.593339396,6.886601655,0.337078316,38,15
4,47,3.187380006,3,1,36.86661593,0.725248124,10.652627,0.282337058,37,15
4,48,3.609158789,3,1,39.45734739,0.636413805,8.618988502,0.455928888,36,15
4,49,3.384702605,3,1,34.14378813,0.410303763,11.09236849,0.431146494,35,15
4,50,3.810058931,3,1,35.77331463,0.52772094,6.002051636,0.477314608,34,15
4,51,3.644406406,3,1,30.39814343,0.536720351,5.298706939,0.140142217,33,15
4,52,3.685700948,3,1,34.50418988,0.763205877,8.998059019,0.006055648,32,15
4,53,3.861033812,3,1,33.72525454,0.629949078,3.666815925,0.366523525,31,15
4,54,3.774121806,3,1,31.6805087,0.82721386,11.63543872,0.089332693,30,15
4,55,4.181890732,3,0,104.2971161,0.557179638,11.83761427,0.322424572,29,15
4,56,4.011657111,3,1,25.99848882,0.708944242,9.266183218,0.380080244,28,15
4,57,4.060930211,3,0,98.49395013,0.514208187,7.890157757,0.363521619,27,15
4,58,4.325248945,3,1,29.3620947,0.608471944,8.436452385,0.181999136,26,15
4,59,4.582168843,3,1,34.47286032,0.499965863,8.025249275,0.541198977,25,15
4,60,4.63146767,3,1,36.44463569,0.711722238,13.78206946,0.539754185,24,15
4,61,4.597250333,3,1,27.3241243,0.567498426,12.66230118,0.470660009,23,15
4,62,4.690318211,3,1,30.78544099,0.619291597,7.325485448,0.268322334,22,15
4,63,4.874959885,3,1,20.92695853,0.57164853,11.44116204,0.462276995,21,15
4,64,5.252407531,3,1,27.35576771,0.616171845,14.77952192,0.780095264,20,15
4,65,5.329276412,3,0,97.28151342,0.528668805,15.13051161,0.863208953,19,15
4,66,6.055017206,3,1,24.35147877,0.550011261,20.74002722,1.014640278,18,15
4,67,6.038280844,3,0,104.3121627,0.436340608,20.40275707,0.82912994,17,15
4,68,6.043836398,3,1,20.72867134,0.642371146,14.16955609,0.885727909,16,15
4,69,6.646016427,3,0,95.92698822,0.454372355,17.38869421,0.868237283,15,15
4,70,6.631542182,3,1,26.20833699,0.45988135,21.95890226,0.939922575,14,15
4,71,7.080249601,3,1,35.22484611,0.513359754,20.78097241,1.243254456,13,15
4,72,7.348465864,3,1,25.53891674,0.6855156,22.22607339,1.210883753,12,15
4,73,7.333226923,3,1,24.5822426,0.625074703,22.92017163,1.063106623,11,15
4,74,7.623015643,3,1,35.59492336,0.591786719,24.59389199,1.774418582,10,15
4,75,7.684385795,3,1,35.93096247,0.427769747,24.52190865,1.31270897,9,15
4,76,7.437935604,3,0,97.52558845,0.675833671,25.01383669,1.54988833,8,15
4,77,7.864810128,3,0,102.7366292,0.536427442,24.6830405,1.544550844,7,15
4,78,8.093691316,3,1,32.33315449,0.518496878,31.06162699,1.645016037,6,15
4,79,7.99531015,3,0,110.1668508,0.557190563,26.88974586,1.522597516,5,15
4,80,8.145635582,3,1,29.91406089,0.411110689,26.35898277,1.514007717,4,15
4,81,8.300396756,3,1,36.84654927,0.518052097,36.99812932,1.955878836,3,15
4,82,8.739256314,3,1,38.25394289,0.537445723,29.31842495,2.006690404,2,15
4,83,9.441718265,3,0,105.0832249,0.558764303,35.45492596,1.946285965,1,15
4,84,10.12155002,3,0,100.6566024,0.482781315,0,0,0,15
4,84,0,3,0,100.6566024,0.482781315,0,0,82,16
4,85,0.123748997,3,1,33.94358585,0.597998027,0,0,81,16
4,86,0.054882985,3,1,15.84934402,0.488232811,0.818202651,0,80,16
4,87,0.236407791,3,1,36.00015785,0.606993831,2.874318297,0.177576963,79,16
4,88,0.005068398,3,0,84.97258489,0.48416819,4.566348442,0.100777145,78,16
4,89,0,3,0,90.09924843,0.560655832,0,0.309819263,77,16
4,90,0.145884139,3,0,103.1554,0.651343996,1.049894387,0,76,16
4,91,0.499991427,3,1,23.62073917,0.537686546,0,0,75,16
4,92,0.719251772,3,1,24.62414905,0.489974368,0,0.171405108,74,16
4,93,0.657494607,3,1,33.43677784,0.596529505,3.517631141,0.072963389,73,16
4,94,0.734080174,3,1,31.57725641,0.830956656,8.923175762,0,72,16
4,95,0.887617276,3,0,100.0668779,0.572824836,0.079441582,0,71,16
4,96,0.889027147,3,1,42.29360922,0.590402841,0,0.164706084,70,16
4,97,0.623027093,3,1,36.38802181,0.512236083,0.738024882,0,69,16
4,98,0.724966018,3,1,15.60999683,0.596002879,1.197188947,0,68,16
4,99,0.949119205,3,0,105.9662149,0.561109185,5.89393763,0.146974497,67,16
4,100,0.713213768,3,1,29.31137951,0.544995026,2.511125343,0,66,16
4,101,0.938397076,3,1,29.19647952,0.580685937,4.953606619,0,65,16
4,102,0.73678193,3,1,29.32152325,0.6024414,2.353561317,0,64,16
4,103,0.993840846,3,1,30.60632134,0.564528195,0,0.041177671,63,16
4,104,1.021964513,3,1,25.93364544,0.552448988,0,0,62,16
4,105,0.489833319,3,1,35.67213612,0.600806562,0,0,61,16
4,106,1.009134917,3,0,104.096901,0.53956024,0.732584739,0,60,16
4,107,1.127637521,3,1,27.14719319,0.576000696,1.929324317,0.045260263,59,16
4,108,1.292414591,3,0,91.2224352,0.630613728,0,0.004551426,58,16
4,109,1.190625762,3,1,24.96602327,0.534624653,0,0.08067527,57,16
4,110,1.360172787,3,1,22.05855912,0.725635545,6.294633036,0.241430691,56,16
4,111,1.12458094,3,1,26.56235165,0.566294711,5.494391263,0.036846024,55,16
4,112,1.811107794,3,0,96.61586912,0.540385265,0,0,54,16
4,113,1.593763801,3,1,35.05989787,0.450842971,3.302971654,0.142217232,53,16
4,114,1.706674937,3,0,106.1688258,0.580322709,1.974059244,0.04728171,52,16
4,115,1.969774344,3,1,25.81628848,0.769606289,0,0,51,16
4,116,1.68424967,3,1,24.95678203,0.566326578,1.461208379,0,50,16
4,117,1.737388762,3,1,27.70466326,0.469847983,0,0.12505677,49,16
4,118,2.397584982,3,1,33.60026214,0.730159525,3.694022503,0,48,16
4,119,2.324834263,3,1,34.57160908,0.483849482,2.305527835,0.182213198,47,16
4,120,2.487100789,3,1,29.28388628,0.80521682,10.76454203,0.190181896,46,16
4,121,2.854099628,3,1,27.26695713,0.556892486,4.755251926,0.235947656,45,16
4,122,2.932745769,3,0,106.624469,0.755914007,8.151425309,0.14058902,44,16
4,123,3.049550641,3,1,34.09416058,0.502216351,7.239217699,0.420544824,43,16
4,124,2.995777473,3,0,97.43099147,0.653414882,12.21422718,0.322363477,42,16
4,125,3.067681965,3,0,97.47624451,0.49130938,4.141505619,0.359372452,41,16
4,126,2.895174306,3,1,17.74250831,0.760715451,1.826091026,0.158839568,40,16
4,127,3.054400261,3,1,28.15620861,0.391808884,4.310582546,0.031347626,39,16
4,128,3.711275148,3,1,31.67730216,0.535655484,7.824286821,0.285900729,38,16
4,129,3.74971445,3,0,99.66827412,0.707920321,10.69855711,0,37,16
4,130,3.53084973,3,0,100.6641985,0.612767048,9.253479798,0.522904995,36,16
4,131,3.588778307,3,1,24.61835652,0.592011357,14.14997478,0.287315448,35,16
4,132,3.341405187,3,1,34.06386261,0.49141191,6.740381018,0.566337393,34,16
4,133,3.645581716,3,1,32.18454526,0.360837308,8.237400533,0.337648075,33,16
4,134,4.056516936,3,1,27.74050059,0.552355345,5.74593519,0.474744142,32,16
4,135,4.020950413,3,1,33.09278393,0.697730684,5.239049813,0.307694106,31,16
4,136,4.067574291,3,0,102.7329277,0.50121177,6.358465549,0.279857718,30,16
4,137,3.932755907,3,1,34.82347616,0.582333502,10.42808584,0.405602416,29,16
4,138,4.462975536,3,1,41.38823138,0.38105651,6.210131453,0.326120505,28,16
4,139,4.047586313,3,1,32.68349843,0.837984122,11.31770894,0.329397064,27,16
4,140,4.395163094,3,0,98.55476403,0.639844217,12.92038997,0.63781371,26,16
4,141,4.113715982,3,1,20.49871689,0.500941806,10.32467828,0.519011485,25,16
4,142,4.445562226,3,0,104.1851706,0.437731592,6.442393261,0.484137243,24,16
4,143,4.389020979,3,1,41.72532834,0.575382683,12.60302605,0.119060347,23,16
4,144,4.58707654,3,0,99.65720939,0.656758709,10.3692049,0.63898896,22,16
4,145,4.53061021,3,1,32.2376762,0.894882398,12.37777999,0.510339116,21,16
4,146,4.674066314,3,1,39.61341522,0.45922042,17.30899347,0.561419129,20,16
4,147,4.740180035,3,0,97.91383271,0.624792526,14.85465284,0.53965895,19,16
4,148,4.876578707,3,1,36.97753667,0.583593372,12.99353461,0.808489966,18,16
4,149,5.124285992,3,0,85.67129383,0.680803904,7.980476992,0.650584009,17,16
4,150,4.871613433,3,1,24.84269006,0.490538283,11.56117189,0.801167497,16,16
4,151,4.839620601,3,1,29.11460119,0.588988668,8.340008877,0.739828587,15,16
4,152,5.510763665,3,1,36.76628079,0.592071559,16.25661328,0.738335832,14,16
4,153,5.235369466,3,1,28.36572779,0.569288907,15.7972284,0.712131312,13,16
4,154,5.578818744,3,1,22.54990698,0.438125782,20.54881714,0.828019102,12,16
4,155,5.706055213,3,1,31.83963336,0.570002476,12.42793192,0.756955355,11,16
4,156,7.147823212,3,0,105.943468,0.505283906,18.12156767,1.482740819,10,16
4,157,7.412959706,3,1,31.51242269,0.673237473,21.88540252,1.42369087,9,16
4,158,7.831981698,3,1,27.13298313,0.552875177,28.49449307,1.461102024,8,16
4,159,8.116003163,3,1,22.83094993,0.585547807,31.30333885,1.43067367,7,16
4,160,8.112871867,3,1,26.42557439,0.551479622,29.45492937,1.735024694,6,16
4,161,8.047330224,3,1,30.50684213,0.634027418,29.17048665,1.560143869,5,16
4,162,8.550900113,3,1,29.7795273,0.665596551,30.49505525,1.635700749,4,16
4,163,8.668444027,3,1,24.2242289,0.381532503,35.09942107,2.085751481,3,16
4,164,9.229888609,3,1,30.32019635,0.467038904,33.59930182,1.892699315,2,16
4,165,9.243459634,3,0,105.2549693,0.380688728,38.28525883,2.045803427,1,16
4,166,10.26364167,3,1,31.43163493,0.527024328,5.311071535,0,0,16
4,166,0,3,1,31.43163493,0.527024328,5.311071535,0,84,17
4,167,0,3,1,27.90161463,0.608243519,1.486760829,0.067092463,83,17
4,168,0.221335093,3,1,28.74181423,0.544210378,0,0.06290592,82,17
4,169,0,3,1,24.10281641,0.604018664,0,0.14850047,81,17
4,170,0.29085553,3,1,37.43486381,0.697641033,0.701135191,0,80,17
4,171,0.183040984,3,0,87.53278826,0.642528771,2.095039588,0,79,17
4,172,0,3,1,33.73834133,0.616245112,0,0,78,17
4,173,0.106537831,3,1,25.49360952,0.630915552,1.26283281,0.058780772,77,17
4,174,0.214831744,3,1,25.0058783,0.727548788,1.263971611,0,76,17
4,175,0,3,1,31.14135662,0.497800595,5.734735357,0.370713454,75,17
4,176,0.406389319,3,1,35.48367183,0.440549007,0,0,74,17
4,177,0.283860169,3,1,27.83426342,0.759274116,0,0,73,17
4,178,0.273940317,3,0,95.81938714,0.706610569,0.845601327,0.221815033,72,17
4,179,0.427927397,3,1,25.96170354,0.629129127,0,0.196604768,71,17
4,180,0.426683116,3,0,100.2933543,0.490574023,0,0.109547529,70,17
4,181,0.41548321,3,1,34.31600088,0.559871454,0,0,69,17
4,182,0.359100146,3,0,93.79690579,0.268048809,0,0.017300511,68,17
4,183,0.728222582,3,1,36.6367053,0.557718296,0,0.133072321,67,17
4,184,0.962308928,3,1,22.23954869,0.598012934,1.908966803,0.09472977,66,17
4,185,0.814569592,3,1,27.3152373,0.718410992,0,0.079781481,65,17
4,186,0.693670114,3,0,83.5595134,0.614580503,0,0,64,17
4,187,0.642598723,3,0,86.82135842,0.378646551,2.790981029,0.053602612,63,17
4,188,0.617250619,3,1,21.89125694,0.541669217,2.644529954,0,62,17
4,189,0.510888751,3,0,111.2513082,0.792318574,0.356108446,0,61,17
4,190,0.871096053,3,1,36.02897138,0.616631944,0,0,60,17
4,191,0.757151503,3,0,106.866178,0.469540722,1.917988345,0,59,17
4,192,0.779064149,3,0,95.35752161,0.539542379,0,0.078073747,58,17
4,193,1.380932646,3,0,103.5192782,0.522991874,0,0,57,17
4,194,1.437203236,3,1,34.14103474,0.549349281,0,0,56,17
4,195,2.007009443,3,0,96.32870677,0.437424748,0,0.119651896,55,17
4,196,2.190053543,3,1,24.04879971,0.601413396,3.066526077,0.222768475,54,17
4,197,2.238648895,3,1,30.30801239,0.688021295,3.868846417,0.117638686,53,17
4,198,2.02648787,3,1,26.83384873,0.614919161,5.080555246,0.072443086,52,17
4,199,2.308770652,3,1,35.3252555,0.567694061,1.374089081,0.06682128,51,17
4,200,2.565973359,3,1,37.68027099,0.470195477,3.65209984,0.037557481,50,17
4,201,2.131371591,3,1,34.36129378,0.50191266,11.14420971,0.245137813,49,17
4,202,2.631712166,3,1,26.04217548,0.570001232,7.480191045,0.254456135,48,17
4,203,2.386803218,3,1,32.15704168,0.653875003,4.414012372,0.301690669,47,17
4,204,2.536296346,3,1,33.64083993,0.604027053,0,0.095038556,46,17
4,205,2.482011964,3,0,101.9944655,0.707923913,8.476771519,0.407850675,45,17
4,206,2.437535036,3,1,33.47685858,0.525011049,3.417439199,0.315409776,44,17
4,207,2.691164419,3,0,100.0096777,0.695314401,6.415519972,0.049675902,43,17
4,208,2.836770121,3,1,36.75832122,0.361260447,4.543950631,0.060652749,42,17
4,209,2.704253526,3,1,30.6427116,0.53236698,7.358054426,0.135344992,41,17
4,210,2.755981875,3,1,38.34186147,0.702924516,9.482890138,0.26448815,40,17
4,211,3.165972801,3,1,25.29019553,0.516154982,11.81808935,0.147770627,39,17
4,212,3.096602666,3,1,36.76762784,0.631740652,9.658948887,0.365413395,38,17
4,213,3.689516854,3,0,98.41204671,0.428966182,14.22201501,0.346243612,37,17
4,214,3.457553272,3,1,31.74931452,0.434299844,6.759343382,0.447522155,36,17
4,215,3.425937439,3,1,37.22828162,0.639639705,5.67964902,0.10762533,35,17
4,216,3.317789807,3,1,30.59224808,0.480772245,2.958206892,0.268017255,34,17
4,217,3.386426501,3,1,22.37631778,0.508295493,0,0.273495068,33,17
4,218,3.705737439,3,1,31.1342755,0.682774248,6.319850006,0.610786393,32,17
4,219,3.427705392,3,1,27.7813119,0.416407948,11.17130983,0.255829793,31,17
4,220,3.494306651,3,1,37.66228493,0.485981424,4.632068811,0.352373419,30,17
4,221,3.553472667,3,1,26.41960439,0.460924267,9.117637969,0.605608341,29,17
4,222,3.78981911,3,1,30.72862645,0.58315623,9.843259646,0.427973603,28,17
4,223,3.786414149,3,1,30.0308593,0.62185857,11.61672423,0.315231966,27,17
4,224,3.929209534,3,0,105.642541,0.656849983,10.21334897,0.23386618,26,17
4,225,3.62580053,3,1,26.89916559,0.477980271,16.4384832,0.35324382,25,17
4,226,4.339958865,3,0,100.7865737,0.311525649,3.50530789,0.771427285,24,17
4,227,4.009479833,3,1,27.79279711,0.475862246,11.63700593,0.386034848,23,17
4,228,3.850561905,3,1,27.00014746,0.48424783,13.18298207,0.252841284,22,17
4,229,4.31402938,3,1,25.776073,0.568853553,11.24821213,0.53509059,21,17
4,230,4.511270624,3,1,28.62535451,0.50568686,9.30546881,0.457284827,20,17
4,231,4.713120304,3,0,101.8507178,0.679015611,11.71445671,0.40786279,19,17
4,232,5.474031298,3,1,36.13515737,0.338769436,15.95248678,0.868615771,18,17
4,233,5.825093458,3,1,23.8905036,0.520409806,13.99779712,0.710191733,17,17
4,234,5.645793338,3,1,39.25437323,0.628596023,12.92917233,0.57446885,16,17
4,235,5.717642549,3,0,98.48722544,0.820951213,14.11823352,0.842505601,15,17
4,236,5.73615718,3,1,37.06229685,0.476021182,18.71541697,0.626567327,14,17
4,237,6.075911569,3,1,36.23126654,0.503447426,19.1202421,1.018558122,13,17
4,238,6.017591692,3,0,105.665742,0.595940393,23.300894,0.988210937,12,17
4,239,6.252233961,3,1,38.24065217,0.64997602,21.45587898,0.957259892,11,17
4,240,6.223975079,3,0,105.517913,0.580588883,18.86497785,0.99815375,10,17
4,241,6.544955341,3,1,30.9672682,0.590615866,16.70270474,1.084740105,9,17
4,242,6.443510219,3,1,28.68141938,0.393111991,21.92332397,1.338108151,8,17
4,243,6.765106585,3,1,26.12791605,0.417493018,25.82445749,1.296830157,7,17
4,244,7.471756654,3,1,27.61570431,0.363971671,21.75279847,1.135147713,6,17
4,245,7.21990032,3,0,84.53264256,0.403497119,26.60085113,1.502262589,5,17
4,246,7.685936694,3,0,96.35998429,0.586871592,24.6178224,1.572670524,4,17
4,247,8.262978445,3,0,97.03272016,0.611834579,29.83924747,1.584415711,3,17
4,248,8.890473769,3,1,24.56919192,0.513469191,31.64095362,1.775546363,2,17
4,249,9.347885566,3,1,35.65169877,0.495875835,39.59330682,2.271231354,1,17
4,250,9.969112599,3,0,100.6351557,0.727075034,4.015771944,0.181684763,0,17
4,250,0,3,0,100.6351557,0.727075034,4.015771944,0.181684763,74,18
4,251,0,3,1,36.88964347,0.581082715,0,0.02057385,73,18
4,252,0,3,1,34.84905676,0.62771527,0,0.365625954,72,18
4,253,0,3,1,27.37640538,0.665020891,0,0.14575686,71,18
4,254,0.272933806,3,0,93.13666345,0.512586551,0,0,70,18
4,255,0.128407936,3,0,103.1387033,0.616896255,0.069070014,0.082673189,69,18
4,256,0.050283816,3,1,29.4431503,0.573516607,0,0.016076063,68,18
4,257,0.191684906,3,1,38.75592093,0.544859071,0,0,67,18
4,258,0.277682732,3,1,25.1649286,0.58002665,3.536544963,0,66,18
4,259,0.266849626,3,1,34.78739508,0.527641109,0,0,65,18
4,260,0.309464306,3,1,24.83711095,0.605142636,0,0,64,18
4,261,0.281949368,3,1,28.31730647,0.488150956,2.321064613,0.0201792,63,18
4,262,0.637277456,3,0,98.57482086,0.413388776,2.688081509,0,62,18
4,263,0.517837906,3,1,19.23357152,0.495741761,0.250846384,0,61,18
4,264,0.497608488,3,1,29.0034855,0.44401834,3.703394087,0,60,18
4,265,0.269366661,3,0,103.8221615,0.399068826,2.457036113,0.245398692,59,18
4,266,0.666583148,3,1,19.88369813,0.609358958,0,0,58,18
4,267,0.932013339,3,1,23.72409441,0.658519664,0,0.21421672,57,18
4,268,0.62669372,3,0,101.422596,0.565676445,2.347056603,0.254970462,56,18
4,269,1.070116699,3,1,34.94584052,0.558160073,5.33040881,0.116681557,55,18
4,270,1.351721247,3,1,32.64222594,0.600859175,0.022477549,0.348303964,54,18
4,271,1.424704994,3,0,101.463852,0.43793273,0,0.243927634,53,18
4,272,0.98209655,3,1,34.81465614,0.582156334,3.170469502,0.183360951,52,18
4,273,1.322328881,3,1,41.93953967,0.429888732,0,0.08034841,51,18
4,274,1.244687172,3,1,30.27540731,0.517000858,1.912545059,0.07612248,50,18
4,275,1.385079576,3,1,34.16605609,0.438222615,0.750159979,0.063435445,49,18
4,276,1.413386024,3,1,26.23324608,0.704658235,0,0,48,18
4,277,1.506726201,3,1,32.44989543,0.426090022,1.087723542,0.244902851,47,18
4,278,1.500702595,3,1,24.58194239,0.409368832,0,0,46,18
4,279,1.315448133,3,1,30.51968878,0.725793163,0.29098387,0.116305988,45,18
4,280,1.647623627,3,0,93.84610475,0.450266508,0,0.294491291,44,18
4,281,1.858782791,3,1,26.3481252,0.584473473,4.573848725,0.072389499,43,18
4,282,1.525906537,3,0,97.04524772,0.485275812,4.123888314,0.027480442,42,18
4,283,1.382320445,3,1,29.98912729,0.77266652,0,0,41,18
4,284,1.731094571,3,0,106.9538005,0.483766415,0,0,40,18
4,285,1.762634275,3,0,98.30159642,0.72909078,5.672477786,0,39,18
4,286,2.203575759,3,1,28.45673118,0.835633869,6.500653246,0,38,18
4,287,2.667200395,3,0,86.09947875,0.555731746,4.618112169,0.133509116,37,18
4,288,2.705405818,3,0,101.5427851,0.499930221,6.765934909,0.214739056,36,18
4,289,2.856614073,3,0,99.41628379,0.542740818,2.755103737,0.439804529,35,18
4,290,2.706958901,3,0,100.1217102,0.612047673,9.277538223,0.162427576,34,18
4,291,3.232818226,3,1,27.54965142,0.593415207,3.123375334,0.549753014,33,18
4,292,3.969019137,3,1,26.65017887,0.632459016,13.06384059,0.379370927,32,18
4,293,3.97744389,3,1,28.85694291,0.837445544,8.14029572,0.619854172,31,18
4,294,3.844940577,3,1,28.70251303,0.484898009,7.125576195,0.3105575,30,18
4,295,3.98945554,3,1,14.62093093,0.363542281,8.601521054,0.398027398,29,18
4,296,3.893099145,3,0,100.3408423,0.67835561,7.388187672,0.293047685,28,18
4,297,4.193973267,3,1,34.93812515,0.588165265,10.68706899,0.37458558,27,18
4,298,4.05564672,3,1,19.98398529,0.628851984,8.648552779,0.443422445,26,18
4,299,3.97340411,3,0,91.45484737,0.652591412,12.70911367,0.438791512,25,18
4,300,3.933185022,3,0,104.5372876,0.672643703,11.11607898,0.176549314,24,18
4,301,4.130188335,3,1,38.61483496,0.489837138,12.07559452,0.401965288,23,18
4,302,4.252561681,3,0,95.69639014,0.514930927,8.137828846,0.228431999,22,18
4,303,4.244930448,3,1,25.21465713,0.526315471,11.08303394,0.581363527,21,18
4,304,5.245058595,3,0,96.33266084,0.650157509,16.3053578,0.653969478,20,18
4,305,5.345350463,3,1,25.92102076,0.596520353,13.40779191,0.661802952,19,18
4,306,5.813630246,3,0,87.95037876,0.45793191,15.23951214,0.857211132,18,18
4,307,6.385726587,3,1,24.28338259,0.495528346,18.68235686,1.134245778,17,18
4,308,6.328758997,3,1,34.96454738,0.413933336,19.90506318,0.88476672,16,18
4,309,6.538855128,3,0,110.9513737,0.561786664,22.92081719,1.332820561,15,18
4,310,6.662846552,3,1,29.13204466,0.451907159,18.68906775,1.204472406,14,18
4,311,6.894841202,3,1,28.5000404,0.725085555,22.68614573,0.995147937,13,18
4,312,6.836407667,3,0,101.819322,0.661012592,22.12355001,1.26266418,12,18
4,313,7.152645584,3,1,21.61528295,0.652253023,20.23818283,0.918844316,11,18
4,314,6.951578181,3,1,26.30062954,0.584180741,23.80626631,1.33643659,10,18
4,315,7.009725458,3,1,29.07390088,0.647945238,20.00442587,1.184378282,9,18
4,316,7.908274918,3,1,33.80797024,0.572965242,28.13913564,1.481129354,8,18
4,317,8.027897693,3,1,24.47837014,0.52592017,23.13689302,1.440458487,7,18
4,318,8.028389947,3,0,95.12233257,0.503833231,29.27678768,1.627035747,6,18
4,319,8.038409359,3,1,31.17254724,0.66550562,35.45103919,1.502101015,5,18
4,320,8.42034143,3,0,117.3151859,0.578888771,27.59529301,1.700872681,4,18
4,321,8.224319466,3,1,30.00711197,0.511796696,25.2725881,1.72902911,3,18
4,322,8.852039382,3,0,103.8972563,0.498873075,32.54819789,1.791216779,2,18
4,323,9.146453848,3,0,97.22613406,0.316414956,34.62563038,1.822185488,1,18
4,324,10.15281413,3,1,29.38449204,0.640223868,2.525536733,0.532450025,0,18
4,324,0,3,1,29.38449204,0.640223868,2.525536733,0.532450025,109,19
4,325,0,3,1,26.63872266,0.663292821,2.512082548,0.035671062,108,19
4,326,0.174973674,3,1,22.27803989,0.612080279,3.801002809,0.059240678,107,19
4,327,0.060003508,3,1,27.08409162,0.428327386,1.382397131,0,106,19
4,328,0.045661897,3,1,23.23043555,0.660972612,0.961149895,0,105,19
4,329,0.258283098,3,1,26.77957824,0.483828447,5.009977329,0.052505815,104,19
4,330,0.332642301,3,0,94.73112045,0.577417682,0,0.242407914,103,19
4,331,0.500781466,3,0,97.54631406,0.499201766,1.420147237,0,102,19
4,332,0.235488586,3,0,100.284304,0.644453173,0.942447247,0,101,19
4,333,0.329347664,3,1,25.34686994,0.563876057,2.067463898,0,100,19
4,334,0.278314486,3,1,25.2755689,0.608223052,1.169919786,0,99,19
4,335,0.261085284,3,1,36.66768905,0.360129358,2.440611076,0.026434408,98,19
4,336,0.24531492,3,1,38.16272921,0.556245233,0.449506165,0,97,19
4,337,0.408960736,3,1,35.45172395,0.600897235,0,0,96,19
4,338,0.266592987,3,1,30.9743248,0.638756696,0,0,95,19
4,339,0.74030233,3,0,89.38526754,0.680978898,0,0.31950991,94,19
4,340,0.787988734,3,1,28.0756011,0.550608047,4.073394969,0.253554999,93,19
4,341,0.951634645,3,1,32.70262102,0.431855546,0,0.198588007,92,19
4,342,0.57860814,3,1,27.60819656,0.487434508,2.396805938,0.058683778,91,19
4,343,0.755229113,3,0,96.00019237,0.541557728,0,0,90,19
4,344,0.735455629,3,1,27.86244528,0.509421936,0,0.110654526,89,19
4,345,0.807678124,3,0,99.31378629,0.737513946,0,0,88,19
4,346,0.883073408,3,0,96.73824762,0.372701169,0,0,87,19
4,347,1.067775915,3,0,92.62142202,0.585822169,0,0,86,19
4,348,1.661265272,3,1,27.81558288,0.491586677,0,0.120703708,85,19
4,349,1.435214493,3,1,31.05104226,0.565484574,0.150696928,0.097528302,84,19
4,350,1.138289123,3,1,30.40247852,0.460704206,6.48932029,0.041244215,83,19
4,351,1.618610201,3,1,29.31633623,0.584969888,2.288586932,0.097983216,82,19
4,352,1.277747117,3,1,19.93166362,0.822158072,0,0,81,19
4,353,1.791462417,3,1,25.58209752,0.467744061,1.782398204,0,80,19
4,354,1.558317124,3,1,37.34170909,0.727293915,2.204104835,0.05818115,79,19
4,355,1.919315443,3,1,27.46415194,0.716376124,7.076947058,0.163767942,78,19
4,356,1.442529952,3,0,94.9625826,0.465509993,1.491723231,0,77,19
4,357,1.873490559,3,0,106.6200413,0.400461817,2.551477856,0.137681196,76,19
4,358,1.818489876,3,0,106.9170599,0.430584573,4.765806929,0.129960939,75,19
4,359,1.988057186,3,1,31.27787677,0.511992321,1.23536125,0.176230939,74,19
4,360,2.091179073,3,1,32.25542106,0.386783931,4.117971164,0,73,19
4,361,2.06947621,3,0,106.5735703,0.493573759,2.956710463,0,72,19
4,362,2.026418254,3,0,102.1648474,0.527413672,3.973703262,0.052371437,71,19
4,363,1.942575508,3,1,29.55659528,0.343714204,4.272752172,0.151109668,70,19
4,364,1.741253284,3,0,95.26406377,0.750672545,5.88946103,0.111493693,69,19
4,365,2.357933255,3,1,33.72009564,0.717121291,4.500331102,0.287159369,68,19
4,366,2.070898513,3,0,100.366706,0.484971182,4.960123646,0.496007061,67,19
4,367,1.863964329,3,1,28.57151579,0.471734449,0,0,66,19
4,368,2.019267309,3,0,99.44282087,0.657663113,4.388909332,0,65,19
4,369,2.034934476,3,1,28.10850731,0.514383818,4.990446026,0.435671507,64,19
4,370,2.237784314,3,1,27.16528501,0.59427601,6.497217928,0.255473347,63,19
4,371,2.176665444,3,0,92.80609551,0.756032814,5.782536476,0.041438431,62,19
4,372,2.414568298,3,1,23.30905507,0.556156739,6.464957035,0.296482738,61,19
4,373,2.217547789,3,0,98.00857088,0.599279827,0,0.236583939,60,19
4,374,2.110015578,3,0,96.35132322,0.590382112,8.281888793,0,59,19
4,375,2.721608177,3,0,95.33094507,0.550873764,5.563118158,0.218317917,58,19
4,376,2.456514338,3,1,30.13755406,0.519856267,1.521947084,0.157062572,57,19
4,377,2.450834978,3,1,19.56200466,0.681136351,7.776336468,0.203905868,56,19
4,378,2.442061482,3,1,28.44755749,0.567847011,1.125645368,0.292011398,55,19
4,379,2.507809319,3,0,107.5828545,0.595117413,3.571765569,0,54,19
4,380,2.484146291,3,1,31.42151609,0.555828133,0,0.28083507,53,19
4,381,2.763724747,3,0,90.00357093,0.649528601,10.93147326,0.182511286,52,19
4,382,2.86544994,3,0,88.20607226,0.566174343,11.05601709,0.336747886,51,19
4,383,2.793261033,3,1,23.4296707,0.509428331,5.963875943,0.352785521,50,19
4,384,2.876650593,3,1,33.94009107,0.512027357,3.407520019,0,49,19
4,385,2.82234868,3,1,25.76878417,0.585376701,12.22500973,0.130868073,48,19
4,386,3.017484946,3,0,112.3612063,0.441470924,7.381491282,0.036830764,47,19
4,387,3.206407987,3,0,100.0262104,0.672459518,4.421053275,0.282450229,46,19
4,388,2.853742693,3,1,30.57648172,0.537760268,4.819203851,0.054228399,45,19
4,389,3.252003165,3,1,27.17510119,0.466309088,7.433923203,0.309829808,44,19
4,390,3.490987581,3,1,26.78975763,0.487987236,5.276988328,0.398802738,43,19
4,391,3.413201883,3,1,33.83337028,0.613119966,8.955945446,0.02962979,42,19
4,392,3.47930492,3,1,32.76150563,0.650399579,9.688744983,0.144028251,41,19
4,393,3.454631665,3,0,97.87019886,0.694930228,6.528000782,0.394476089,40,19
4,394,3.419626195,3,1,44.45210519,0.759042312,8.538039665,0.28828789,39,19
4,395,3.541715011,3,1,31.53662415,0.50568496,11.51898265,0.013860255,38,19
4,396,3.622547664,3,1,32.22843328,0.508358955,6.815085596,0.42868222,37,19
4,397,4.539026713,3,0,98.55863914,0.516887774,7.898557132,0.437904688,36,19
4,398,5.266460424,3,1,32.82625062,0.648738088,8.639697953,0.582386162,35,19
4,399,5.464562745,3,1,26.7880616,0.665754979,11.77205376,0.630047967,34,19
4,400,5.733114128,3,1,29.84097218,0.458354729,16.74839806,0.759619348,33,19
4,401,5.819127932,3,1,29.10145199,0.612931085,17.24505945,0.853720013,32,19
4,402,5.964041434,3,1,36.57442945,0.54624796,17.21962625,0.960045039,31,19
4,403,5.798940884,3,1,26.51068441,0.552129607,21.34824033,0.858598987,30,19
4,404,5.834190336,3,1,25.63530932,0.673273365,16.49200314,0.773116304,29,19
4,405,5.56446737,3,1,24.74575216,0.616495713,19.63540049,0.75461658,28,19
4,406,6.034211318,3,0,117.2657481,0.633262721,16.35197248,0.976424648,27,19
4,407,5.918976867,3,1,27.38888803,0.499136033,18.24641677,0.778397819,26,19
4,408,5.93937349,3,0,98.03188894,0.419392075,15.28174007,0.772382823,25,19
4,409,6.170822046,3,1,29.13807787,0.560971713,17.51262736,0.785253232,24,19
4,410,6.080908788,3,0,94.46829842,0.560501214,20.1753371,0.826331526,23,19
4,411,6.103596899,3,1,31.52657406,0.472587111,16.45038342,0.801085826,22,19
4,412,6.373836718,3,1,26.43775539,0.478903926,23.83321765,0.53844751,21,19
4,413,6.331694078,3,0,104.4209086,0.576328076,18.41077346,0.73023867,20,19
4,414,6.117618285,3,0,110.4950519,0.740490021,17.67566075,1.089880868,19,19
4,415,6.268711576,3,0,93.10141158,0.560550958,19.30259108,0.990298523,18,19
4,416,6.620590993,3,1,30.16878051,0.480520181,23.56866187,1.094436013,17,19
4,417,6.892599553,3,1,24.49403485,0.505416114,22.60792181,1.252109442,16,19
4,418,6.460780308,3,1,21.72843603,0.525048217,23.45277096,1.092717466,15,19
4,419,6.757284872,3,0,90.16929182,0.632825235,26.23335821,1.427669025,14,19
4,420,7.415294089,3,0,96.97938689,0.750130977,23.08552786,1.564342904,13,19
4,421,7.567237905,3,0,86.20352909,0.674595277,22.35414374,1.498565986,12,19
4,422,7.533474512,3,1,32.9631377,0.488856128,30.86169447,1.197039976,11,19
4,423,8.010630783,3,1,23.3134027,0.573578221,23.10014488,1.328536741,10,19
4,424,7.6881748,3,1,29.3000331,0.450778669,26.39708646,1.569345009,9,19
4,425,8.118989906,3,1,21.9961232,0.582185883,31.13389806,1.441495803,8,19
4,426,8.52660008,3,1,31.67893897,0.491805166,27.12898955,1.817426315,7,19
4,427,8.273422837,3,1,23.730187,0.654526042,32.5818763,1.745655652,6,19
4,428,8.64903836,3,1,33.5361792,0.594609951,30.45517938,1.894487634,5,19
4,429,8.907725313,3,1,33.7673659,0.49591287,32.48793193,2.03469216,4,19
4,430,9.250597211,3,1,31.24478841,0.631826869,34.30000946,1.981256913,3,19
4,431,9.697597453,3,1,34.32141896,0.676393711,39.63083455,2.064256835,2,19
4,432,9.79875071,3,1,29.80073142,0.557772746,38.33838991,2.663980411,1,19
4,433,10.01509209,3,1,28.49098731,0.677629808,0,0.029827261,0,19
5,0,0,2,0,98.10216415,0.63278506,0,0.10649272,96,21
5,1,0.227223938,2,1,22.8526655,0.55743945,0,0.080838304,95,21
5,2,0,2,1,30.44037571,0.612296287,1.795529821,0.058995615,94,21
5,3,0.039691632,2,1,28.21013337,0.466892367,3.830340951,0,93,21
5,4,0.125016153,2,0,101.6515235,0.731597963,0,0,92,21
5,5,0.010070741,2,0,91.65401923,0.542322698,0.021059482,0,91,21
5,6,0.600640557,2,0,101.3509332,0.434573372,2.080005024,0,90,21
5,7,0.901104954,2,1,32.72592376,0.643581312,0,0.009438891,89,21
5,8,0.995703814,2,1,27.93622123,0.610371945,2.955728593,0,88,21
5,9,0.887624132,2,1,35.87433203,0.449664376,2.636152087,0.031581152,87,21
5,10,1.192926431,2,1,27.81702592,0.547321118,0,0,86,21
5,11,0.923535651,2,0,102.1621818,0.729220463,1.343155968,0.156682089,85,21
5,12,1.450770402,2,0,106.0133414,0.567471206,4.825492865,0,84,21
5,13,1.377912543,2,1,34.25208265,0.549012356,2.535607201,0.37242486,83,21
5,14,1.12691223,2,1,36.14163346,0.44809475,0,0,82,21
5,15,1.376529822,2,1,31.68853194,0.713757565,4.542496633,0.35592204,81,21
5,16,1.256236307,2,1,29.82102731,0.511403685,4.705224091,0.181239724,80,21
5,17,0.939417071,2,1,20.35372916,0.534797939,0.102190043,0.000824124,79,21
5,18,1.232949579,2,1,24.30875832,0.467907739,0,0.150223056,78,21
5,19,1.302277544,2,1,29.18181036,0.662015622,1.235900609,0,77,21
5,20,1.504371195,2,1,30.0276741,0.556455655,0,0,76,21
5,21,1.213537185,2,0,85.75064837,0.532184793,4.410617138,0,75,21
5,22,1.458528125,2,1,33.10306281,0.656909569,1.837378775,0.338640404,74,21
5,23,1.449795545,2,1,31.62314522,0.469307195,2.653010709,0.06872067,73,21
5,24,1.786949338,2,1,21.43246974,0.591108907,0.738504304,0.373909514,72,21
5,25,1.591872693,2,0,84.50156566,0.458895012,6.237620032,0.117976057,71,21
5,26,1.850414908,2,1,31.51055138,0.585711891,3.136592923,0.057381088,70,21
5,27,1.939514782,2,1,32.86654554,0.443612911,8.237885739,0.328765121,69,21
5,28,2.326994253,2,1,31.54352253,0.574264191,5.34648664,0,68,21
5,29,2.365657855,2,1,33.04757014,0.617939165,5.015989672,0.274266887,67,21
5,30,2.027808975,2,0,97.71310671,0.373389002,5.135719075,0.292127654,66,21
5,31,2.245419975,2,1,38.04882567,0.420956332,7.546473207,0.029108305,65,21
5,32,2.923522752,2,1,29.19057971,0.473122779,9.650009671,0,64,21
5,33,2.487367008,2,0,87.3405485,0.62789585,6.373431596,0.160806921,63,21
5,34,2.935518099,2,1,32.19657092,0.688881943,10.27823658,0.083572424,62,21
5,35,2.654065715,2,1,24.65580957,0.676040334,6.577416661,0.293546073,61,21
5,36,2.847409745,2,0,100.3256999,0.473940603,9.94738399,0.245848055,60,21
5,37,2.856691993,2,0,96.03720951,0.468657677,7.074624454,0.210333944,59,21
5,38,2.842586451,2,1,35.42829369,0.660846643,4.555521106,0.445195187,58,21
5,39,2.686752178,2,0,94.36917776,0.573576665,10.42512736,0.332890297,57,21
5,40,2.835074089,2,1,25.91641156,0.617509854,0,0.192059903,56,21
5,41,2.834151565,2,1,32.42554562,0.563131843,4.136266553,0.248942775,55,21
5,42,2.932868845,2,1,30.80369102,0.510858101,4.492554869,0.054207148,54,21
5,43,3.105334854,2,1,29.59617226,0.611027789,4.954624292,0.239362466,53,21
5,44,2.960670301,2,0,107.6232958,0.62740272,3.745832634,0.336049848,52,21
5,45,3.103666776,2,0,96.84934612,0.728405131,7.663462691,0.436308112,51,21
5,46,3.034827328,2,1,36.37806294,0.654034203,6.936000538,0.189209525,50,21
5,47,2.953096589,2,0,100.7377999,0.860279786,4.56253823,0.000321647,49,21
5,48,3.114612413,2,0,93.49251676,0.584891645,8.737443292,0.047107512,48,21
5,49,3.133283645,2,0,101.8629883,0.568343027,9.883392694,0.258940742,47,21
5,50,3.119976904,2,0,109.5767682,0.474000868,5.596953511,0.064050632,46,21
5,51,3.341881208,2,1,24.94133864,0.523591905,5.164367185,0.176274165,45,21
5,52,3.897034328,2,0,107.6192007,0.389331436,18.24536553,0.358345056,44,21
5,53,3.906536788,2,1,25.77534162,0.622680718,6.975277232,0.256826417,43,21
5,54,3.918614793,2,1,34.70679376,0.426639982,12.04705448,0.258844478,42,21
5,55,4.14615579,2,1,38.0288662,0.730001539,8.705227746,0.319495251,41,21
5,56,4.254760073,2,1,27.87018542,0.487308627,11.78812871,0.352293375,40,21
5,57,4.499417587,2,0,105.5149927,0.519783777,10.64260582,0.770407511,39,21
5,58,4.424752164,2,1,35.38242083,0.583790043,14.99310562,0.616517772,38,21
5,59,4.995092923,2,0,80.35510397,0.498058859,12.72657555,0.483506207,37,21
5,60,4.410658421,2,1,15.20975776,0.526014276,7.220657632,0.712033188,36,21
5,61,4.444380517,2,1,29.15134882,0.579542064,14.67342494,0.499401481,35,21
5,62,4.325582687,2,1,19.391647,0.529879691,16.68769014,0.434175783,34,21
5,63,4.514015421,2,1,34.6687911,0.677592599,9.432278842,0.628638245,33,21
5,64,4.585963151,2,0,110.8163529,0.562378156,15.95606779,0.277097658,32,21
5,65,4.435138219,2,0,102.1993196,0.506045899,13.27665432,0.55877488,31,21
5,66,4.360648259,2,0,102.7277462,0.552160755,11.47846269,0.584354415,30,21
5,67,4.661565995,2,1,25.80185401,0.590629432,14.40066276,0.485266796,29,21
5,68,4.885130081,2,1,23.36806553,0.54358801,14.45582294,0.701167288,28,21
5,69,4.919054615,2,0,112.4258778,0.516734385,17.80976454,0.805728497,27,21
5,70,4.989762176,2,0,110.3942798,0.445977427,9.901058759,0.561648379,26,21
5,71,5.013663427,2,0,99.92125865,0.738452428,10.88021913,0.490777547,25,21
5,72,5.237528146,2,0,100.6862204,0.675797429,16.80961657,0.989532763,24,21
5,73,5.564556269,2,0,102.2149677,0.41501687,15.13618995,0.706600768,23,21
5,74,5.405499376,2,0,99.6685824,0.565313911,16.22695931,0.72561604,22,21
5,75,5.664256316,2,1,36.8613318,0.426234579,16.23515042,0.862355858,21,21
5,76,5.568101761,2,0,96.84178026,0.571936326,19.13199829,0.732100449,20,21
5,77,5.438163425,2,0,94.30660271,0.682319947,19.23922726,0.852269488,19,21
5,78,5.795386801,2,1,40.60588193,0.480174143,11.82978155,1.051151027,18,21
5,79,5.984287209,2,1,36.95872054,0.406931934,15.6991684,0.727305746,17,21
5,80,5.990738971,2,0,111.607287,0.423574131,17.94746028,0.871719154,16,21
5,81,5.979414756,2,1,33.40898942,0.54624146,15.4302859,1.098140485,15,21
5,82,5.984789973,2,1,35.63736322,0.591441123,15.84889141,0.891272409,14,21
5,83,5.952226004,2,1,30.15811321,0.565345081,19.99802676,1.069787739,13,21
5,84,6.308478165,2,1,29.54280474,0.536895083,23.0365141,0.99110449,12,21
5,85,6.428920199,2,0,91.37259485,0.548875659,21.34025134,0.908935693,11,21
5,86,6.91149847,2,1,27.31563829,0.545557419,23.3968101,1.434605591,10,21
5,87,6.976455566,2,1,37.37740067,0.650268657,27.60702624,1.228978328,9,21
5,88,7.733610901,2,1,37.89055074,0.465252607,23.5488916,1.401322697,8,21
5,89,7.710461177,2,0,101.705706,0.579473143,27.97182962,1.625392829,7,21
5,90,7.852216002,2,1,26.95017469,0.417623699,30.3994794,1.444901375,6,21
5,91,7.803993253,2,1,26.81164805,0.526429858,32.25653936,1.52705071,5,21
5,92,7.916410515,2,0,93.51008925,0.437856421,28.16646757,1.839567203,4,21
5,93,8.725324927,2,1,26.59237959,0.571814917,35.40126961,1.970629024,3,21
5,94,9.204683204,2,1,28.84694905,0.537314782,33.74329611,2.152554052,2,21
5,95,9.581941217,2,1,32.04932284,0.644334713,37.8925706,2.475426964,1,21
5,96,10.3747972,2,1,31.87840233,0.492050706,2.223109812,0,0,21
5,96,0,2,1,31.87840233,0.492050706,2.223109812,0,91,22
5,97,0.165365345,2,1,33.13342125,0.420521022,0,0,90,22
5,98,0,2,1,27.46337682,0.321912488,0,0,89,22
5,99,0,2,0,115.3914347,0.836930935,0,0,88,22
5,100,0,2,1,31.17334179,0.590560093,0,0.02045019,87,22
5,101,0.838744975,2,1,25.05158334,0.388969485,1.923491414,0.272476779,86,22
5,102,0.576516868,2,0,100.5624701,0.439004743,1.793048922,0,85,22
5,103,0.696755803,2,1,29.84852849,0.477568851,1.76088467,0.091983924,84,22
5,104,1.096384775,2,0,103.2993774,0.546419465,1.98187658,0.036339772,83,22
5,105,1.038854675,2,0,93.45840434,0.548678532,6.13974333,0.158573068,82,22
5,106,0.922836383,2,1,28.58370847,0.500634777,0,0.385348213,81,22
5,107,0.874965028,2,1,40.61472718,0.423134529,2.081230702,0.112911619,80,22
5,108,1.393818853,2,1,29.0560229,0.506395164,2.011760678,0.073702002,79,22
5,109,1.300444587,2,0,105.4168604,0.574393067,2.428977956,0,78,22
5,110,1.05231537,2,1,29.25476616,0.471544903,1.414765561,0.062235169,77,22
5,111,1.353572342,2,0,101.6543166,0.630578167,1.747509013,0.069423433,76,22
5,112,1.31554654,2,0,98.36514142,0.422919845,4.551930932,0,75,22
5,113,1.575245848,2,1,26.66425163,0.634935274,4.173937873,0.175552672,74,22
5,114,1.508208732,2,1,31.35134129,0.453162351,0,0,73,22
5,115,1.812383252,2,1,26.74745361,0.518529957,1.495200185,0.18047819,72,22
5,116,1.591753961,2,0,99.15985992,0.583689171,5.907377981,0,71,22
5,117,1.439317107,2,1,28.12499188,0.34331928,5.603994938,0,70,22
5,118,1.996148454,2,1,35.54736043,0.621470507,0,0.381647367,69,22
5,119,2.120028543,2,1,27.92607584,0.290296101,5.303483195,0,68,22
5,120,1.884477966,2,0,112.8241312,0.467393182,5.004627656,0,67,22
5,121,1.964597981,2,0,98.74602823,0.473007098,1.538641991,0.148968825,66,22
5,122,2.27849132,2,0,101.6376671,0.576835357,9.448240832,0.252840362,65,22
5,123,2.155093924,2,0,95.66641936,0.544065947,0,0.086135257,64,22
5,124,2.033537116,2,0,88.9167971,0.479191344,6.08317367,0.090277073,63,22
5,125,2.622009079,2,1,24.43750324,0.590111109,0.765569653,0,62,22
5,126,2.510177907,2,1,32.09522988,0.653652638,2.519258485,0.30332409,61,22
5,127,2.746616716,2,0,98.92066468,0.543500504,4.21030922,0.203476137,60,22
5,128,2.634540233,2,1,25.21123995,0.462300361,4.997737937,0.258577607,59,22
5,129,2.936910191,2,0,98.15707527,0.634918825,5.777450902,0.153108767,58,22
5,130,3.09398383,2,1,24.03071612,0.675384549,8.31197886,0.014132728,57,22
5,131,3.053478674,2,0,115.4769585,0.561688398,6.708610724,0.325614542,56,22
5,132,3.1699507,2,1,20.50260364,0.585344171,6.607746115,0.152463763,55,22
5,133,2.891864104,2,0,98.49659668,0.347087809,4.993846945,0.166489722,54,22
5,134,3.709443013,2,1,27.30223867,0.65928307,5.895897825,0.207356448,53,22
5,135,3.478779237,2,0,102.67373,0.481939126,9.186429872,0.204155681,52,22
5,136,3.742967762,2,1,32.41178993,0.618406123,7.054637861,0.25668394,51,22
5,137,3.610382204,2,0,106.1893844,0.643990691,8.641718874,0.324017721,50,22
5,138,3.683472453,2,1,25.01273988,0.447735649,10.08646494,0.412733328,49,22
5,139,3.512913352,2,1,29.21275886,0.471503446,4.694932044,0.424449559,48,22
5,140,3.678453018,2,1,28.22987314,0.480858548,13.61024913,0.235846783,47,22
5,141,3.808665766,2,1,37.93615676,0.406739017,4.902107651,0.59671511,46,22
5,142,3.731803769,2,1,33.32829861,0.667470465,9.452108045,0.159203216,45,22
5,143,3.445880668,2,0,84.8822834,0.537291383,11.82996091,0.165069556,44,22
5,144,3.894335919,2,1,34.43617611,0.629683931,7.485571994,0.424460327,43,22
5,145,3.875149327,2,1,28.86388824,0.685734668,4.712496493,0.422009687,42,22
5,146,4.242983369,2,1,29.60069744,0.591494461,14.62265487,0.447053432,41,22
5,147,4.536230894,2,1,34.48279849,0.69886028,11.23340906,0.568532811,40,22
5,148,4.332735539,2,1,36.83018611,0.49514347,14.80538272,0.536967733,39,22
5,149,4.302919086,2,0,101.3909165,0.463967439,13.67562122,0.550054379,38,22
5,150,4.662539996,2,1,25.6270189,0.533650228,10.30308257,0.379818614,37,22
5,151,4.519590698,2,0,112.1286716,0.542228793,14.22617054,0.575521219,36,22
5,152,4.400695266,2,0,95.27541526,0.589658157,14.31341561,0.597802142,35,22
5,153,4.687508343,2,1,35.73210269,0.605654628,14.94473189,0.552918246,34,22
5,154,4.75732571,2,1,21.57019611,0.602224851,16.61170313,0.620032773,33,22
5,155,4.714054418,2,0,100.7505925,0.230314094,10.81317329,0.761120863,32,22
5,156,5.421971007,2,0,96.15999928,0.626829227,15.4129519,0.761473589,31,22
5,157,5.138192144,2,1,37.3909148,0.491762907,12.34990992,1.083333479,30,22
5,158,5.212730459,2,1,36.36411951,0.583672032,13.29989389,0.735321588,29,22
5,159,5.008493578,2,1,32.16504195,0.595124439,13.62331821,0.704469512,28,22
5,160,5.238022365,2,0,99.02912044,0.578570798,16.55444453,0.842302949,27,22
5,161,5.612608152,2,1,29.77087743,0.449390778,21.12621556,0.917024771,26,22
5,162,6.131656047,2,0,94.33878777,0.657078007,18.51728474,0.727653713,25,22
5,163,6.082201719,2,1,27.51187479,0.59680821,21.54799499,0.673948649,24,22
5,164,5.787522776,2,1,28.46202818,0.586131675,20.58959975,1.085190607,23,22
5,165,6.081565886,2,0,93.12999645,0.526840884,20.54268811,0.611798242,22,22
5,166,6.247989454,2,0,95.23966537,0.653629632,17.92110828,0.678510059,21,22
5,167,5.902988114,2,1,30.10465602,0.587649477,17.04774998,0.830033513,20,22
5,168,5.970209736,2,1,25.02976846,0.431768497,20.66779801,0.930505602,19,22
5,169,6.505651891,2,1,36.97154434,0.557758513,20.17856777,1.019614696,18,22
5,170,6.646083792,2,0,93.21297075,0.667583847,16.00753165,1.097428339,17,22
5,171,7.030422955,2,1,37.63962692,0.558710919,16.67906534,1.331503619,16,22
5,172,6.929806553,2,1,35.75126554,0.679139696,21.66646204,1.220914658,15,22
5,173,7.645903678,2,0,104.3457861,0.494335259,30.52254521,1.675825296,14,22
5,174,7.821411354,2,0,90.18519746,0.493215601,29.48563371,1.174340117,13,22
5,175,8.190357017,2,1,29.39102829,0.607221116,31.51294317,1.494185454,12,22
5,176,8.157862022,2,0,94.70853483,0.560731882,26.6544287,1.532602968,11,22
5,177,8.340197967,2,1,33.1150674,0.618475682,30.46398749,1.648889365,10,22
5,178,8.072923133,2,0,95.47437971,0.656731003,32.20055982,1.462285453,9,22
5,179,8.294464565,2,1,33.1725724,0.56310426,30.08865203,2.004959149,8,22
5,180,8.380529404,2,0,102.5442292,0.590826759,31.06534107,2.04997505,7,22
5,181,8.590315737,2,1,29.96982577,0.550041063,31.54732088,2.078482033,6,22
5,182,9.183144585,2,1,30.91328663,0.474257542,31.99179215,1.937078584,5,22
5,183,9.232573292,2,0,108.2420329,0.401836506,38.36135059,2.07994974,4,22
5,184,9.295521506,2,1,26.70588869,0.492666968,38.58398645,2.153983812,3,22
5,185,9.848842353,2,1,31.45835927,0.650389166,38.96990494,2.513401152,2,22
5,186,9.952514632,2,0,96.00951047,0.539074223,38.40700956,2.603574034,1,22
5,187,9.925032782,2,0,89.52981568,0.634026447,0,0,0,22
5,187,0,2,0,89.52981568,0.634026447,0,0,70,23
5,188,0.312039368,2,0,95.30169954,0.704124646,0,0,69,23
5,189,0.037141162,2,1,26.13804361,0.580208916,0,0.125465421,68,23
5,190,0.143410346,2,1,25.45272631,0.826444043,0,0,67,23
5,191,0.13555144,2,0,103.0043672,0.795702413,1.833147901,0,66,23
5,192,0.048729939,2,0,102.4760685,0.642429941,3.592444608,0,65,23
5,193,0.425218117,2,1,30.07216181,0.610047995,0.657921645,0.011748206,64,23
5,194,0.376604672,2,1,28.18085044,0.489514797,0,0,63,23
5,195,0.391251592,2,1,33.55062118,0.666380847,0,0.105435714,62,23
5,196,0.306133642,2,0,106.4366171,0.466466971,4.518430058,0.095866897,61,23
5,197,0.630128247,2,1,29.57699665,0.556962746,0,0,60,23
5,198,0.403729063,2,1,33.536654,0.41155009,1.33473405,0,59,23
5,199,0.632946381,2,1,29.19137051,0.519113576,0,0.085421767,58,23
5,200,0.471231158,2,1,30.56545668,0.544174999,0.838620905,0,57,23
5,201,0.685533169,2,0,87.29292694,0.524550141,2.051725115,0.061702512,56,23
5,202,0.50548127,2,1,33.97027746,0.554905333,0,0,55,23
5,203,0.520035518,2,1,28.3865305,0.713701114,0,0,54,23
5,204,0.989862928,2,0,100.8229322,0.523481995,4.710609067,0,53,23
5,205,1.162277983,2,1,34.73677459,0.631787903,4.626431302,0,52,23
5,206,1.085374567,2,1,20.08489619,0.487447732,8.623923799,0.190566961,51,23
5,207,1.373920927,2,1,29.70653576,0.547566253,0,0.156181697,50,23
5,208,1.435567153,2,1,26.33765981,0.602140577,4.118674727,0,49,23
5,209,1.345738104,2,0,112.7596862,0.584529479,6.430102749,0.040135852,48,23
5,210,1.671934262,2,1,22.78812442,0.794144102,4.59431326,0.195260848,47,23
5,211,1.665082926,2,1,36.04172882,0.442366876,5.154969168,0,46,23
5,212,2.033500843,2,1,26.40327913,0.442010164,7.808739105,0.11295839,45,23
5,213,2.427610903,2,1,36.51080751,0.675584322,2.033745145,0.26604476,44,23
5,214,2.316971426,2,1,43.16700819,0.664614661,5.146653796,0.085756111,43,23
5,215,2.581415846,2,1,22.26924739,0.597001911,4.101647574,0.284172415,42,23
5,216,2.301081396,2,1,26.75410385,0.60824118,0.733421853,0.408070416,41,23
5,217,2.539251008,2,0,103.900433,0.457668855,4.54334165,0.210169896,40,23
5,218,2.24931669,2,1,21.4668791,0.467680276,0,0.295560582,39,23
5,219,2.308289748,2,1,32.25309008,0.755072204,4.556235293,0,38,23
5,220,2.926127857,2,1,26.03753998,0.464033253,8.476480684,0.407395431,37,23
5,221,3.493788325,2,1,35.40868236,0.601613065,8.167223313,0.610685533,36,23
5,222,3.889216103,2,1,34.44054265,0.556200579,11.66887244,0.27172358,35,23
5,223,3.774717331,2,0,97.2172585,0.504291911,9.586114205,0.310803687,34,23
5,224,4.064177285,2,1,27.83220527,0.514360367,12.17929703,0.246280851,33,23
5,225,4.08992838,2,0,94.87717998,0.60769304,8.048809074,0.467388631,32,23
5,226,4.623409475,2,1,25.85476258,0.579680206,11.7400007,0.186220601,31,23
5,227,4.664105799,2,1,45.11313538,0.468579789,10.10741024,0.440697329,30,23
5,228,4.635888834,2,1,29.50638459,0.811040364,11.24279144,0.773520364,29,23
5,229,4.598670805,2,1,25.77131683,0.604852763,14.89207918,0.195480032,28,23
5,230,4.676297931,2,1,27.88860358,0.62037139,16.49627761,0.413414919,27,23
5,231,4.442322908,2,1,31.4530916,0.519666817,11.74996548,0.570232022,26,23
5,232,4.812275538,2,1,23.51290704,0.577781431,13.72351077,0.441288117,25,23
5,233,4.774113369,2,0,97.34970552,0.530490057,13.01245575,0.744795966,24,23
5,234,5.045228717,2,1,31.41840403,0.573366823,14.61498908,0.356680687,23,23
5,235,5.238377874,2,1,38.31380555,0.662782629,13.63865409,0.72284238,22,23
5,236,5.133884311,2,0,96.05363308,0.484149606,14.78391767,0.781818701,21,23
5,237,5.500491828,2,1,35.44508468,0.574143731,23.11087771,0.834892695,20,23
5,238,6.182085165,2,1,30.91092877,0.412474054,18.21304843,0.72363413,19,23
5,239,6.201283175,2,1,20.00106899,0.56058106,18.02035449,0.734393352,18,23
5,240,6.46082265,2,1,31.90557167,0.556549793,18.02314513,1.08627627,17,23
5,241,6.527755256,2,0,104.0664466,0.518758176,21.11230598,1.119579189,16,23
5,242,6.600303413,2,1,29.17047224,0.514098365,20.78762537,0.688313664,15,23
5,243,6.886614862,2,1,23.18344701,0.369410881,19.89930891,0.837181423,14,23
5,244,6.712839021,2,1,32.64044362,0.616415921,20.56736055,1.185250138,13,23
5,245,6.332428227,2,1,30.74265955,0.462910575,22.48970602,1.059201398,12,23
5,246,6.909262064,2,1,28.61268472,0.633608125,23.76519386,1.200201109,11,23
5,247,6.846090825,2,1,29.51865676,0.576223328,27.05895072,1.116303021,10,23
5,248,7.422472588,2,0,100.5887676,0.523895034,27.36995262,1.464490804,9,23
5,249,8.075790584,2,1,33.89632746,0.50648837,25.1018093,1.60561862,8,23
5,250,8.486218616,2,0,93.5478024,0.611284575,30.43714329,1.890311864,7,23
5,251,8.417899502,2,0,102.0945558,0.532179051,33.78150895,1.973531445,6,23
5,252,8.557184178,2,1,28.20845315,0.632211016,35.48678658,1.899801695,5,23
5,253,8.703995735,2,1,27.51720783,0.479464521,33.74624214,2.069571624,4,23
5,254,9.077220933,2,0,98.19543361,0.678236619,31.42915519,2.040887046,3,23
5,255,9.031721216,2,1,28.38460893,0.489630986,26.25662312,2.085317593,2,23
5,256,9.523323366,2,1,25.35538495,0.445221841,36.5319389,2.402755066,1,23
5,257,10.3826237,2,0,99.30072343,0.403103247,0,0,0,23
5,257,0,2,0,99.30072343,0.403103247,0,0,86,24
5,258,0.114863939,2,0,96.64248446,0.640502085,0,0,85,24
5,259,0.335194699,2,1,28.17985631,0.692837439,2.773001913,0,84,24
5,260,0.403436599,2,1,34.50549081,0.63975311,0.879151656,0,83,24
5,261,0.058348117,2,1,20.03808331,0.515823435,0.702236866,0.049063356,82,24
5,262,0.316675825,2,1,26.24559859,0.552057199,2.624696143,0,81,24
5,263,0.438142808,2,1,31.97032894,0.707292138,1.550935473,0.230108314,80,24
5,264,0.457193627,2,1,20.03612749,0.527081692,0,0.073957369,79,24
5,265,0.571972917,2,1,21.64119119,0.391645986,0.948426672,0.119756116,78,24
5,266,0.930547336,2,1,27.45028289,0.688331225,0,0,77,24
5,267,0.861480347,2,1,30.10261903,0.64840428,1.748113831,0,76,24
5,268,1.023355111,2,1,29.62103235,0.537842938,0,0,75,24
5,269,0.812049255,2,1,38.60358163,0.687086743,2.743982154,0.14213053,74,24
5,270,1.008048188,2,1,30.10689899,0.599412084,1.739388932,0,73,24
5,271,0.991474002,2,1,26.52732687,0.63327805,4.785458427,0,72,24
5,272,0.91635293,2,1,21.20333978,0.730519148,1.58511843,0,71,24
5,273,1.273395475,2,0,117.3926608,0.630695075,5.074132592,0,70,24
5,274,1.199056195,2,0,111.6639769,0.706031958,4.59159365,0,69,24
5,275,1.291408875,2,1,28.81384115,0.485667942,4.152853192,0.001379106,68,24
5,276,1.283033588,2,0,107.166931,0.51634107,3.526209825,0,67,24
5,277,1.397672997,2,1,23.98341892,0.594943287,7.472369349,0.03264898,66,24
5,278,1.073189941,2,1,34.68099293,0.651993823,0.560829528,0.22277629,65,24
5,279,1.091973753,2,0,99.91213222,0.547012463,2.663821539,0,64,24
5,280,1.010169996,2,0,99.60271176,0.484905641,2.507220025,0.000744674,63,24
5,281,1.113185429,2,0,102.2574843,0.760812477,0,0.080091702,62,24
5,282,1.189343517,2,1,31.72318616,0.376357684,0.523267427,0.019333852,61,24
5,283,1.533808622,2,1,29.43289418,0.616628565,0,0.020642055,60,24
5,284,1.450978227,2,1,28.51039909,0.574632091,1.494002388,0,59,24
5,285,2.381019432,2,1,35.70141729,0.652803104,0,0.199083575,58,24
5,286,2.277586958,2,1,23.93757901,0.634300447,6.597248208,0,57,24
5,287,2.32289532,2,0,106.5145461,0.575468307,4.010883085,0.182421656,56,24
5,288,2.368538388,2,1,24.42744304,0.636540123,5.714671119,0.251618196,55,24
5,289,2.936020675,2,0,103.0375803,0.447393603,5.742545445,0.200982287,54,24
5,290,2.648271468,2,1,26.18722188,0.648870007,11.61118864,0.156913434,53,24
5,291,2.988377829,2,0,105.05698,0.531917025,7.329390525,0.079196784,52,24
5,292,2.976870334,2,0,108.1062812,0.438894983,3.818262242,0.178861751,51,24
5,293,3.019977399,2,1,23.71163097,0.46944408,8.232318163,0.001530697,50,24
5,294,3.061798629,2,1,30.13489344,0.623107732,3.27235441,0.077887961,49,24
5,295,3.061156701,2,1,24.63658997,0.523982803,7.310065606,0.097806935,48,24
5,296,2.944647478,2,1,31.84612554,0.541998547,7.273171639,0.443608242,47,24
5,297,3.08347161,2,1,22.07148072,0.539911209,7.978850748,0.269461742,46,24
5,298,3.266989109,2,1,37.84421814,0.744800291,9.976510084,0.2314611,45,24
5,299,3.420603563,2,1,28.79065624,0.650855545,8.06840425,0.171211368,44,24
5,300,3.456895078,2,0,97.02747859,0.658343899,4.151347445,0.527863238,43,24
5,301,3.493108127,2,1,25.97525344,0.46745586,9.868321254,0.152555486,42,24
5,302,3.228019433,2,1,25.66598501,0.580907848,5.472089947,0.382417005,41,24
5,303,3.356889259,2,1,26.93638805,0.637961827,10.59842573,0.118156335,40,24
5,304,3.553753426,2,1,22.1900781,0.465116726,6.401223641,0.439970851,39,24
5,305,3.443500369,2,0,97.02074965,0.655767709,11.99221908,0.195244045,38,24
5,306,3.799371351,2,1,31.48293861,0.427473848,9.725490316,0.145707226,37,24
5,307,3.977679106,2,0,101.255046,0.651309212,9.230900406,0.477972007,36,24
5,308,4.030216427,2,0,108.9273663,0.484311382,9.647597187,0.463754363,35,24
5,309,3.981300921,2,1,23.40147222,0.522552623,14.42488427,0.526812422,34,24
5,310,4.532077497,2,0,97.33250002,0.492300701,12.88135339,0.683403501,33,24
5,311,4.584631632,2,1,27.14016345,0.560088375,18.36742171,0.583888204,32,24
5,312,4.319382415,2,1,33.65449773,0.671906643,9.457422364,0.404356701,31,24
5,313,4.717629668,2,0,111.1564838,0.455523377,14.28714707,0.537239492,30,24
5,314,4.496475386,2,0,108.8988184,0.558027041,10.68321378,0.527780326,29,24
5,315,4.451725584,2,1,34.80663682,0.552511828,15.86586104,0.526440195,28,24
5,316,5.103675821,2,1,40.30939526,0.439391218,12.19397004,0.577424156,27,24
5,317,5.157706697,2,0,92.25244946,0.609080722,17.45134496,0.55765359,26,24
5,318,4.847952402,2,0,84.2396218,0.471403419,15.08856284,0.617971787,25,24
5,319,5.27536842,2,1,28.3095709,0.502408449,4.179179396,0.699736411,24,24
5,320,5.258970653,2,1,28.6629237,0.611228434,16.79358856,0.655566971,23,24
5,321,5.664737971,2,0,95.76891782,0.559513561,16.19197441,0.57721708,22,24
5,322,5.435867748,2,1,33.92220175,0.468823962,16.88359323,0.627667444,21,24
5,323,5.257252501,2,1,33.47358202,0.658327043,19.15502194,0.676701798,20,24
5,324,5.16528925,2,0,90.05117251,0.596155075,19.15459973,0.725732905,19,24
5,325,5.402350959,2,0,98.76830473,0.52329065,13.64256832,0.812104679,18,24
5,326,5.934992156,2,1,27.04042279,0.750081962,17.41405601,0.878815891,17,24
5,327,5.916961578,2,1,30.1407994,0.518601229,17.77060716,0.994767761,16,24
5,328,6.182542506,2,1,32.37084581,0.507802226,26.69499656,1.063804824,15,24
5,329,7.301281469,2,1,32.27585249,0.537552399,16.37776609,1.024565198,14,24
5,330,7.747746145,2,1,34.27270415,0.496666455,26.94069586,1.685601406,13,24
5,331,7.658146294,2,0,98.79567851,0.609421187,31.26977959,1.452589869,12,24
5,332,7.88087043,2,1,28.72679578,0.715061761,24.96369885,1.540902932,11,24
5,333,8.255423449,2,1,23.81779994,0.536885872,25.80632514,1.940880248,10,24
5,334,7.957610375,2,0,101.7559265,0.724362446,28.47958569,1.602029217,9,24
5,335,8.024059773,2,1,28.05038579,0.39188091,38.30328248,1.35942645,8,24
5,336,8.029460749,2,1,32.42288861,0.49569482,26.28888409,1.588987331,7,24
5,337,8.157444211,2,1,32.04136508,0.463320785,30.87517046,1.802580738,6,24
5,338,8.110803749,2,1,36.28976965,0.672966511,30.94473674,1.740875706,5,24
5,339,8.551896104,2,1,27.00344961,0.544396196,28.85807396,2.149901737,4,24
5,340,8.761659709,2,0,98.97430366,0.484835178,29.96395416,2.191648578,3,24
5,341,9.116836084,2,1,24.01378545,0.476124573,34.44790938,2.158150973,2,24
5,342,9.548746882,2,1,21.88251291,0.564957366,42.15941352,2.361847921,1,24
5,343,10.34397749,2,1,26.84250331,0.664979959,0,0,0,24
5,343,0,2,1,26.84250331,0.664979959,0,0,93,25
5,344,0.400925428,2,0,100.9541515,0.604007579,0,0,92,25
5,345,0.321668209,2,1,34.20596556,0.544323865,0,0,91,25
5,346,0.345543226,2,1,29.52189816,0.567290959,0,0.107242956,90,25
5,347,0.150231006,2,1,31.37271028,0.503281241,0,0,89,25
5,348,0.559205003,2,1,32.15582369,0.822098799,0.246828982,0,88,25
5,349,0.854025611,2,1,24.25851434,0.574977663,1.839215978,0,87,25
5,350,0.560671753,2,0,105.6463504,0.411049591,0.929577486,0.053529495,86,25
5,351,0.617380554,2,1,36.84173401,0.639820444,0.498613286,0.037435243,85,25
5,352,0.704759621,2,1,25.95202812,0.63256902,0,0.192665893,84,25
5,353,0.761393572,2,1,24.96182334,0.594457426,0,0.054032412,83,25
5,354,0.850899709,2,1,30.43673722,0.588244197,0,0,82,25
5,355,0.884375201,2,1,25.61486561,0.401077785,3.462095072,0,81,25
5,356,0.674740295,2,1,37.26402177,0.655170402,1.571400136,0,80,25
5,357,1.330130074,2,0,97.78417997,0.598573848,0,0.235443997,79,25
5,358,1.280209736,2,1,33.86536099,0.494997013,2.459059979,0.121355598,78,25
5,359,1.163830655,2,0,103.6538546,0.592831049,5.209047413,0.210455294,77,25
5,360,0.9918485,2,1,23.32961852,0.421268474,11.54336176,0.022913325,76,25
5,361,1.604378748,2,1,32.54775747,0.611647007,2.591680793,0.128550965,75,25
5,362,1.257361214,2,1,34.82824592,0.492875732,0.290176527,0.032983631,74,25
5,363,1.227371735,2,0,97.68060166,0.696088381,0,0.120059409,73,25
5,364,1.303277808,2,0,112.8269974,0.426187536,4.65136712,0.083284036,72,25
5,365,1.293170545,2,1,29.61839977,0.48954569,7.338818986,0.163114679,71,25
5,366,1.372990256,2,1,37.44713322,0.679629346,0,0,70,25
5,367,1.582897307,2,1,32.27414202,0.636555291,6.922202967,0.006948584,69,25
5,368,1.433053783,2,1,28.62709357,0.461189467,2.818007566,0.129490311,68,25
5,369,1.608838526,2,0,92.13487094,0.416089692,6.82820525,0,67,25
5,370,1.385698811,2,1,26.43296013,0.600207668,1.103216549,0,66,25
5,371,1.772816828,2,0,91.87304002,0.68787132,11.62848992,0,65,25
5,372,2.563813571,2,1,26.14847456,0.442388037,5.811311896,0,64,25
5,373,2.246824347,2,0,93.20171369,0.638987982,4.538543121,0,63,25
5,374,2.283371582,2,1,32.53062645,0.455850312,4.737450087,0.092720518,62,25
5,375,2.220200936,2,1,26.07288708,0.726832355,6.255172349,0.26966798,61,25
5,376,2.349587111,2,1,32.40487308,0.516634972,4.221940706,0.313912753,60,25
5,377,2.069258606,2,1,30.36421662,0.69548534,4.771294659,0.339520417,59,25
5,378,2.887388134,2,1,30.54188759,0.287398491,10.00556171,0.0856711,58,25
5,379,3.160616292,2,1,26.39856194,0.513184309,9.252106389,0.193307853,57,25
5,380,3.263129251,2,1,27.99225352,0.534924822,3.753387159,0.2154113,56,25
5,381,3.170407566,2,1,37.34190286,0.335229641,6.971900114,0.174356948,55,25
5,382,3.412204001,2,1,37.4343066,0.622067875,8.065376152,0.19733517,54,25
5,383,3.124156981,2,0,99.81044095,0.706452798,8.0804685,0.317471786,53,25
5,384,3.286957432,2,0,103.8804667,0.492496969,7.148751429,0.552415319,52,25
5,385,3.162233509,2,1,27.83842351,0.28965126,1.983361252,0.499455827,51,25
5,386,3.300095597,2,1,27.23693076,0.656885488,3.458164416,0.245591734,50,25
5,387,3.183455729,2,1,36.22292514,0.754392372,8.298924512,0.362448217,49,25
5,388,4.114786645,2,1,34.27920131,0.416685517,11.31296316,0.131942508,48,25
5,389,3.946040193,2,0,105.8990147,0.730175435,11.26544387,0.400340644,47,25
5,390,3.875756954,2,0,100.6222774,0.659715163,6.379203005,0.417494444,46,25
5,391,3.991885606,2,1,28.47839148,0.456056589,8.406219609,0.449392977,45,25
5,392,4.524435132,2,1,25.60631102,0.662766005,11.48761864,0.385725995,44,25
5,393,4.445142514,2,1,32.98742493,0.532512865,7.98290676,0.838975915,43,25
5,394,4.259438498,2,1,34.63504879,0.433592144,8.992132253,0.169149712,42,25
5,395,4.514696229,2,1,25.38300719,0.475200157,16.11385676,0.667517675,41,25
5,396,4.516985941,2,1,38.6485546,0.686997502,11.28189062,0.614817087,40,25
5,397,4.868211712,2,1,27.1330678,0.434019648,8.478083016,0.758464596,39,25
5,398,4.578179367,2,1,30.86377315,0.532174848,8.706590923,0.561899465,38,25
5,399,4.819068997,2,1,32.82477221,0.533912932,9.302605396,0.771891678,37,25
5,400,4.785678106,2,1,28.90356025,0.428896832,10.28421752,0.509105943,36,25
5,401,4.72023448,2,1,35.69308248,0.437810694,16.79610815,0.73459187,35,25
5,402,5.049935008,2,1,32.50076162,0.7653873,11.72314842,0.878768009,34,25
5,403,4.787862151,2,0,105.2414418,0.567282283,17.72562182,0.496366785,33,25
5,404,4.970541034,2,1,26.06042839,0.629307474,6.138578624,0.477201566,32,25
5,405,5.073119723,2,0,100.315822,0.522748864,15.5325375,0.526130317,31,25
5,406,5.355287172,2,1,22.60321284,0.656255727,18.92057392,0.455220939,30,25
5,407,5.67614003,2,0,98.10981702,0.683848671,13.90123698,0.64738908,29,25
5,408,5.423168556,2,1,33.62388587,0.445363849,11.42782309,0.536699834,28,25
5,409,5.628283648,2,1,31.67149155,0.399931725,14.6666335,0.851365879,27,25
5,410,5.575521623,2,1,25.46933883,0.663953994,18.40046888,0.787644865,26,25
5,411,5.792824541,2,0,101.0117142,0.566172701,19.47545231,0.898919114,25,25
5,412,6.12271543,2,0,95.98716699,0.475452714,20.75816899,0.994631015,24,25
5,413,6.025391761,2,1,30.82661668,0.554177364,18.75429931,0.962710066,23,25
5,414,5.931408969,2,0,97.22348616,0.44437841,23.20358122,1.204395064,22,25
5,415,6.224083086,2,1,27.62498151,0.556915797,17.38257057,0.866921006,21,25
5,416,6.276128513,2,0,103.3981068,0.57557476,18.49711288,0.902885376,20,25
5,417,6.944345704,2,1,24.76574504,0.699450975,21.65571242,1.311284189,19,25
5,418,7.363921932,2,0,99.45900873,0.666399517,23.18889389,1.068155509,18,25
5,419,7.144134148,2,0,93.56382174,0.59087519,20.57807409,1.504258361,17,25
5,420,7.077282297,2,1,32.1631208,0.604325791,25.97958692,1.06793358,16,25
5,421,7.055286275,2,1,26.95692021,0.433246414,21.67920369,1.124560324,15,25
5,422,7.207922916,2,0,99.29148697,0.526684011,22.49005467,1.334899372,14,25
5,423,7.389655354,2,1,32.19956818,0.552722845,26.85556959,1.461213473,13,25
5,424,7.876528805,2,1,28.52162328,0.585349615,24.82333084,1.547285788,12,25
5,425,7.984115563,2,1,30.2281433,0.55932448,26.84024048,1.343476253,11,25
5,426,7.987249131,2,1,28.877694,0.568880324,21.51730347,1.494769725,10,25
5,427,8.239889592,2,0,97.3708115,0.410351002,30.33858927,1.669882746,9,25
5,428,8.561638342,2,0,106.9408179,0.573973503,34.12818215,2.049022976,8,25
5,429,8.393031362,2,1,25.70368254,0.506546163,35.60367807,1.727104336,7,25
5,430,8.803084681,2,1,31.33628363,0.547991138,31.47383174,1.675615651,6,25
5,431,8.81058904,2,1,35.23334656,0.474555671,33.0828248,2.000773842,5,25
5,432,8.772749556,2,1,27.40843476,0.434723839,33.76514574,2.066868416,4,25
5,433,9.14148618,2,1,23.76888826,0.568011655,35.13304857,2.075235581,3,25
5,434,8.972556884,2,0,103.1026474,0.454785233,36.14876804,1.900450407,2,25
5,435,9.775441218,2,1,26.64731859,0.328776578,32.05541833,2.437179518,1,25
5,436,10.18386025,2,1,26.61833584,0.720274022,3.494888005,0,0,25
6,0,0,0,1,20.50176586,0.352678069,4.001040029,0,106,27
6,1,0.342453488,0,1,25.9970564,0.473274787,0,0,105,27
6,2,0,0,1,29.04574991,0.459187864,2.964496397,0,104,27
6,3,0.063731641,0,1,32.96457143,0.57390405,1.205217699,0.05549472,103,27
6,4,0.012448695,0,1,39.15230099,0.48373137,1.525450849,0.275164855,102,27
6,5,0.451334479,0,1,24.70094874,0.540463682,0,0.053645359,101,27
6,6,0.887905735,0,0,109.5584458,0.615619225,0,0,100,27
6,7,0.679262535,0,1,36.63211047,0.556321709,0,0,99,27
6,8,0.739296812,0,1,26.54457619,0.391602503,9.783016382,0.244852824,98,27
6,9,0.666749899,0,1,37.58892983,0.61274955,1.544971591,0,97,27
6,10,0.975621645,0,0,95.46207635,0.488529037,4.920496382,0.199650462,96,27
6,11,0.693986372,0,1,25.50294624,0.500429214,3.311162619,0.001087858,95,27
6,12,0.918451119,0,1,31.48243639,0.388219724,3.28370908,0.125954568,94,27
6,13,0.90029391,0,1,34.2466562,0.561147217,0,0.3793615,93,27
6,14,1.089777017,0,1,32.35262796,0.56030956,4.68136059,0.076929597,92,27
6,15,0.926340832,0,0,112.8726997,0.635329674,0,0.339463573,91,27
6,16,1.115393627,0,0,94.24785382,0.435425429,0,0.147569226,90,27
6,17,1.264093096,0,1,31.51468893,0.598256187,1.231623765,0.123639116,89,27
6,18,1.490881661,0,1,30.20670202,0.424897342,0,0.16831878,88,27
6,19,1.180810312,0,0,99.61336596,0.683825529,2.881345615,0,87,27
6,20,1.390794306,0,1,33.35929209,0.434253962,0,0,86,27
6,21,1.90983741,0,1,33.66728242,0.396350269,3.836195221,0.388598815,85,27
6,22,2.077313225,0,1,35.52715266,0.514041849,1.50530685,0.213340713,84,27
6,23,1.606435568,0,1,34.15455718,0.615278652,0,0.193713336,83,27
6,24,2.1460669,0,1,28.60549991,0.57232332,4.060129334,0,82,27
6,25,2.104954855,0,0,98.22634125,0.47017504,4.780000061,0.186543537,81,27
6,26,2.212027195,0,1,33.84577212,0.641134756,0,0.15161422,80,27
6,27,1.926215637,0,1,37.64382138,0.77767029,0.486738212,0.086597012,79,27
6,28,2.139740534,0,1,31.37197082,0.603301944,2.194731621,0.332028331,78,27
6,29,2.370510425,0,1,27.89038151,0.422683884,6.980478248,0.135428917,77,27
6,30,2.186609182,0,0,90.34880369,0.486934969,1.708357456,0.237605947,76,27
6,31,2.673098286,0,0,97.03583281,0.652590414,6.293609981,0.237452916,75,27
6,32,2.756168903,0,1,32.8292292,0.58464311,6.2377998,0.171783561,74,27
6,33,2.848097057,0,1,28.90541676,0.623405749,7.428146543,0.187003939,73,27
6,34,2.990113882,0,1,35.61717556,0.463562847,3.081277035,0.284055611,72,27
6,35,3.005484123,0,0,99.03772274,0.554825875,10.9250008,0.232797248,71,27
6,36,3.030301798,0,1,37.91590661,0.39891145,9.763710333,0,70,27
6,37,3.105108907,0,1,34.86161171,0.587135345,6.517790028,0,69,27
6,38,2.676099252,0,1,34.41755775,0.566063284,5.350209778,0.136637772,68,27
6,39,2.844647688,0,1,40.44356761,0.50722653,9.522570927,0.229509292,67,27
6,40,3.161083679,0,1,22.98394212,0.509469632,9.009708564,0.102306389,66,27
6,41,3.189780775,0,1,29.01929138,0.570333812,4.996704419,0.09935897,65,27
6,42,3.113215506,0,1,28.43394864,0.544756105,3.51024577,0.220388821,64,27
6,43,3.27727797,0,0,110.3744486,0.37305606,3.110526778,0.378627739,63,27
6,44,3.748732299,0,1,33.3636929,0.359159606,5.909596195,0.202426119,62,27
6,45,3.949275869,0,1,32.41470038,0.711360974,6.366405943,0.383771028,61,27
6,46,3.556206393,0,1,28.75292867,0.55748795,12.10277718,0.45309171,60,27
6,47,4.12964325,0,1,31.83539729,0.687447941,8.969498156,0.28854743,59,27
6,48,4.126437672,0,0,90.92385686,0.573757333,6.826047525,0.471711081,58,27
6,49,4.026938098,0,1,20.86393577,0.651981052,13.00950551,0.460183827,57,27
6,50,4.117651114,0,1,30.97528764,0.563038478,7.224695982,0.388939878,56,27
6,51,4.130172256,0,1,29.65570233,0.575640797,14.79768887,0.459108883,55,27
6,52,4.162579391,0,1,29.15873837,0.519952999,5.916485453,0.41421194,54,27
6,53,4.021213197,0,0,102.2673522,0.53707878,11.43524472,0.497386762,53,27
6,54,4.308831737,0,0,110.9970812,0.587941915,7.86520291,0.821542581,52,27
6,55,4.534317736,0,0,83.48208198,0.595904502,12.66931147,0.44531774,51,27
6,56,4.24320259,0,1,32.41729275,0.626304399,9.492494821,0.384643135,50,27
6,57,4.487161256,0,1,32.72054314,0.743619922,13.53447298,0.348873143,49,27
6,58,4.574780378,0,0,111.7424832,0.416405078,12.32391743,0.562470653,48,27
6,59,4.792856386,0,0,103.5548318,0.463695625,12.81050566,0.480975035,47,27
6,60,4.96802187,0,0,108.181947,0.704144598,11.92764126,0.524757169,46,27
6,61,4.55346531,0,1,26.47474557,0.5887534,11.86439181,0.525804714,45,27
6,62,4.864286421,0,1,34.06003759,0.649848562,15.55431361,0.593097721,44,27
6,63,4.581820191,0,1,27.22677113,0.619174388,16.4001201,0.577755432,43,27
6,64,4.723161957,0,1,30.78129847,0.61205644,17.52816007,0.441891972,42,27
6,65,5.058932577,0,1,27.48821131,0.690122135,12.25846635,0.512989748,41,27
6,66,4.948665141,0,1,30.31072154,0.55027698,11.96528563,0.381689281,40,27
6,67,4.912660041,0,1,26.64036282,0.590707512,12.15876282,0.851650162,39,27
6,68,4.871121367,0,1,21.80116394,0.780000646,17.11318329,0.678382245,38,27
6,69,4.912645218,0,1,22.44421355,0.529506847,15.52977755,0.753286788,37,27
6,70,4.92657202,0,1,29.85224727,0.563736491,17.01602748,0.678931106,36,27
6,71,4.930966542,0,1,37.24130762,0.447169032,18.30496528,0.576567888,35,27
6,72,5.601817587,0,1,30.89871668,0.673899679,15.52287108,0.789064832,34,27
6,73,5.403066918,0,1,33.17182667,0.552843042,15.59674955,0.616387873,33,27
6,74,5.442681802,0,1,35.40963365,0.495070681,16.29324286,0.737954629,32,27
6,75,5.428979654,0,0,101.0075145,0.539775852,20.4960175,0.701673364,31,27
6,76,5.520991825,0,1,25.43958169,0.697496919,15.50583907,0.965247937,30,27
6,77,5.436533486,0,1,29.07569273,0.604058439,18.12045669,0.916998064,29,27
6,78,5.846708663,0,0,96.26099728,0.466509118,15.33652285,1.020994441,28,27
6,79,5.874328959,0,0,96.52310125,0.496631342,18.37383207,1.052896604,27,27
6,80,5.831247001,0,1,28.53652585,0.542624255,15.67594453,1.00493569,26,27
6,81,5.953253374,0,0,94.0953288,0.505334904,23.77967792,0.940961465,25,27
6,82,6.369957637,0,1,30.19897949,0.388561779,16.48268019,1.183265978,24,27
6,83,6.278797312,0,0,100.887476,0.554592894,21.73305263,1.262088494,23,27
6,84,6.379383163,0,1,30.06794455,0.432737544,20.79608238,1.169501785,22,27
6,85,6.624350247,0,1,30.52887658,0.466992195,15.4314206,1.177823792,21,27
6,86,6.801482045,0,1,26.92679378,0.550549905,20.26620298,0.937947591,20,27
6,87,6.893011965,0,0,99.78819499,0.671710054,23.46872268,1.022861067,19,27
6,88,6.937840851,0,1,30.80592595,0.548967573,18.79858403,1.232459217,18,27
6,89,6.944871405,0,1,24.77852388,0.476228195,20.79411946,1.127906172,17,27
6,90,6.966858533,0,1,33.86697954,0.594653807,25.95115139,1.24874423,16,27
6,91,7.076834782,0,1,23.1782415,0.658251669,28.9512099,1.299003548,15,27
6,92,7.330007049,0,1,24.23356911,0.512543793,20.48738887,1.152234394,14,27
6,93,6.822766801,0,1,24.72307873,0.629878039,25.15123615,1.175695402,13,27
6,94,7.693031311,0,1,35.42880903,0.57943233,23.69343698,1.484770315,12,27
6,95,7.739950612,0,1,27.09817425,0.449293042,28.10965037,1.72386542,11,27
6,96,7.802715819,0,0,98.44816546,0.484620476,28.66987053,1.701376779,10,27
6,97,7.764445768,0,0,110.9472769,0.57574107,31.4250045,1.532475712,9,27
6,98,7.922694676,0,1,33.57104784,0.557735869,33.96332777,1.513126855,8,27
6,99,8.080652156,0,1,28.56055457,0.551536854,28.02823333,1.470690827,7,27
6,100,8.15151463,0,1,34.24925999,0.407718046,30.30235411,1.734531257,6,27
6,101,8.545054574,0,0,93.73731964,0.547237788,32.11342432,1.83292738,5,27
6,102,9.042582117,0,1,33.49286493,0.473064319,30.94291759,2.307670661,4,27
6,103,9.175495157,0,1,30.85180688,0.413567738,36.39073196,1.981098934,3,27
6,104,9.402629918,0,1,34.71447746,0.46025357,35.60064833,2.163949508,2,27
6,105,9.477395116,0,1,25.20618035,0.557966369,38.1839844,2.199884915,1,27
6,106,11.20264777,0,1,27.7457002,0.622340563,0,0.186792235,0,27
6,106,0,0,1,27.7457002,0.622340563,0,0.186792235,99,28
6,107,0,0,1,33.43939058,0.586523772,0,0,98,28
6,108,0.197138722,0,1,27.55335308,0.689774982,1.455365473,0.218254743,97,28
6,109,0,0,0,99.38631483,0.759957254,1.79277131,0,96,28
6,110,0.010522541,0,1,31.23715733,0.528412107,0,0,95,28
6,111,0.08383198,0,1,26.34098307,0.545361048,0.790185432,0,94,28
6,112,0.138987509,0,1,21.76904998,0.614799524,1.617268907,0,93,28
6,113,0.265741464,0,1,30.94560521,0.69766876,0,0.008970142,92,28
6,114,0,0,0,108.4913786,0.722268519,0,0.019544665,91,28
6,115,0.010648748,0,1,35.91044869,0.554027863,0,0.077591415,90,28
6,116,0.241765176,0,0,95.41075864,0.457338653,1.146175621,0.062448662,89,28
6,117,0.232979767,0,0,104.9974873,0.423232645,0,0.187534399,88,28
6,118,0.065312241,0,1,33.38802185,0.60735357,0,0,87,28
6,119,0.580231557,0,1,25.63724329,0.609225823,0,0.059263573,86,28
6,120,0.421407014,0,0,88.93989121,0.417811613,0,0.161584125,85,28
6,121,0.71246615,0,1,27.18091856,0.668972321,3.935455003,0,84,28
6,122,0.799441325,0,1,25.22453941,0.742971419,1.81164374,0.234460685,83,28
6,123,1.556715388,0,0,100.0578764,0.637765751,5.067239115,0,82,28
6,124,1.471839463,0,1,30.70701414,0.578559683,0,0.06507785,81,28
6,125,1.495312419,0,1,35.78216947,0.640130882,0,0,80,28
6,126,1.42463204,0,1,22.88695294,0.625512766,4.998539961,0.06079923,79,28
6,127,1.40861711,0,0,108.6737939,0.323304775,5.771494439,0.036192028,78,28
6,128,1.898526053,0,1,26.09475417,0.55052556,1.24548271,0.361664284,77,28
6,129,2.114726595,0,1,23.85398337,0.614624893,2.386496755,0,76,28
6,130,2.247464581,0,1,37.977921,0.65605646,1.307009377,0.183917941,75,28
6,131,2.269463416,0,1,30.43778415,0.493690112,2.006931001,0.329848999,74,28
6,132,2.229336121,0,1,31.1775084,0.449517998,1.042845715,0.479759068,73,28
6,133,2.268167801,0,1,22.1016606,0.466082133,0,0.077450131,72,28
6,134,2.097139349,0,1,38.24305361,0.455878953,2.032961454,0.026758339,71,28
6,135,2.428324519,0,1,30.14622397,0.548018634,5.909607847,0.104091421,70,28
6,136,2.211797619,0,1,28.84451167,0.65381025,2.258167394,0.335800618,69,28
6,137,2.259048599,0,0,104.4337891,0.580836387,3.578805789,0.15824776,68,28
6,138,2.476731407,0,1,26.39564149,0.689930989,5.501352345,0.22547917,67,28
6,139,2.462105296,0,1,30.38898693,0.542653919,5.051619312,0.251303904,66,28
6,140,2.699693206,0,1,31.74176738,0.396752639,4.058514198,0.239073007,65,28
6,141,2.438795339,0,1,25.33602756,0.580668573,6.03570768,0.314221671,64,28
6,142,2.557763229,0,1,25.18138477,0.780413394,6.181322638,0.17028236,63,28
6,143,2.669424859,0,0,100.5809704,0.489701368,5.917451074,0.054078734,62,28
6,144,3.319589398,0,1,31.99053307,0.522583028,8.776773237,0.414445549,61,28
6,145,3.540098175,0,1,28.02363261,0.577747671,5.896172272,0.247485484,60,28
6,146,3.391760709,0,1,29.32618457,0.305656926,7.041515783,0.292175991,59,28
6,147,3.462469076,0,0,106.8606085,0.445370761,9.995224774,0.535212937,58,28
6,148,3.517198619,0,0,101.064793,0.464206563,5.714277139,0.423757937,57,28
6,149,3.571992982,0,1,35.06949128,0.56355213,8.168528082,0.297896389,56,28
6,150,3.681763548,0,1,33.8782156,0.564940978,7.276408318,0.388216331,55,28
6,151,3.972015045,0,0,102.5489534,0.433478138,9.350147217,0.341196187,54,28
6,152,3.764930891,0,1,33.60811436,0.663549738,15.69369346,0.164131974,53,28
6,153,3.878607738,0,1,30.47875993,0.523512782,6.698535712,0.489570733,52,28
6,154,4.168927124,0,0,101.8020081,0.662349507,12.78910877,0.410052794,51,28
6,155,4.065526023,0,1,33.96536104,0.594484528,6.690683168,0.300260553,50,28
6,156,4.671766031,0,0,96.14188285,0.635166497,10.71635523,0.352180687,49,28
6,157,4.441372903,0,1,30.88795996,0.513750157,15.32989313,0.365447414,48,28
6,158,4.505415193,0,1,29.56366527,0.601063368,15.75965382,0.52718714,47,28
6,159,4.700759335,0,1,35.26070581,0.410774082,11.92158083,0.288147436,46,28
6,160,4.695793792,0,0,111.3143864,0.574237563,10.87359512,0.450351941,45,28
6,161,4.412064932,0,1,38.64211929,0.510180383,11.8261155,0.54690922,44,28
6,162,4.593525618,0,1,25.91122243,0.591944416,14.62885871,0.648518125,43,28
6,163,4.605977039,0,1,32.73581539,0.623434657,15.0448459,0.607515966,42,28
6,164,4.815230468,0,1,24.7290396,0.634310422,10.72586469,0.500715656,41,28
6,165,4.711562913,0,1,22.60679632,0.505707658,12.32903589,0.495046282,40,28
6,166,4.840687344,0,1,30.11989107,0.47151305,20.60205099,0.614489683,39,28
6,167,5.125336072,0,1,32.66794036,0.498916184,17.02299494,0.178497848,38,28
6,168,5.350175715,0,1,32.4792349,0.626410879,11.25218429,0.628188769,37,28
6,169,5.093632217,0,1,34.80905564,0.666114813,17.44499525,0.568618638,36,28
6,170,5.292881458,0,1,34.59828507,0.471669695,20.58419302,0.681590618,35,28
6,171,5.103135441,0,1,31.41189293,0.605821157,9.030614604,0.659621625,34,28
6,172,4.906273037,0,1,30.50720201,0.460574404,10.33806625,0.662193715,33,28
6,173,5.167236504,0,0,88.1673218,0.540833906,17.38725758,0.664058235,32,28
6,174,5.102175015,0,1,33.20324142,0.518085572,15.11441858,0.660561701,31,28
6,175,5.616968831,0,1,30.0356569,0.418506714,13.55507487,0.792881237,30,28
6,176,5.252121605,0,1,24.91535993,0.466671814,14.84378562,0.807174925,29,28
6,177,5.852736442,0,0,101.2992665,0.399044236,12.85264388,0.669174388,28,28
6,178,6.069761182,0,1,31.7019449,0.567139811,15.76893644,0.964687059,27,28
6,179,5.97376346,0,1,27.38760017,0.569838496,21.16838679,1.188598891,26,28
6,180,5.736216757,0,0,95.27095834,0.525679455,23.69198437,0.629693503,25,28
6,181,5.891881264,0,1,20.55291596,0.482044462,15.10786479,0.792818858,24,28
6,182,6.089056679,0,1,22.30131402,0.649832044,21.32585264,1.002809198,23,28
6,183,6.335951638,0,0,95.1008811,0.577885687,20.07285899,0.863805764,22,28
6,184,6.46627813,0,1,33.22027152,0.575260095,18.39777239,1.033470726,21,28
6,185,6.442976179,0,1,28.3576306,0.615001243,20.49877424,0.712471528,20,28
6,186,6.53125038,0,1,24.58398874,0.470963512,22.52112656,0.957865636,19,28
6,187,6.618228074,0,1,29.41044688,0.673689017,13.6082773,1.079052778,18,28
6,188,6.535158152,0,0,117.2188117,0.545516616,20.80603495,1.023000177,17,28
6,189,7.168106475,0,1,36.8842894,0.426895376,22.351282,0.805829682,16,28
6,190,7.103638766,0,1,29.23450776,0.452095356,24.78760191,1.250313033,15,28
6,191,7.641484516,0,0,97.73485435,0.564484713,23.63651189,1.653519012,14,28
6,192,7.831174537,0,1,34.5134227,0.547711448,20.42906924,1.494708857,13,28
6,193,7.845089835,0,1,30.97276135,0.388217399,26.45555778,1.379387529,12,28
6,194,7.685557282,0,1,26.99583104,0.461583087,30.58046607,1.75308564,11,28
6,195,7.97102723,0,1,29.27145677,0.562693743,29.3767278,1.328346273,10,28
6,196,7.965490789,0,0,98.22273815,0.596200179,30.50408942,1.547926876,9,28
6,197,8.038387436,0,1,24.42357809,0.597465715,25.75254029,1.778417424,8,28
6,198,8.30155337,0,0,97.39515177,0.537508589,24.36190763,1.696115445,7,28
6,199,8.713999959,0,1,34.11888494,0.549452313,28.99601957,2.089505435,6,28
6,200,8.607198652,0,1,25.46305309,0.567410514,32.45916163,1.837573297,5,28
6,201,9.184819788,0,1,39.12623648,0.42476131,34.72498491,2.159758142,4,28
6,202,9.104073643,0,1,30.88970639,0.521456048,40.71279478,1.975996007,3,28
6,203,9.59468345,0,1,21.01836735,0.517783294,36.11886454,2.259269132,2,28
6,204,9.769445597,0,1,30.82865991,0.451053208,43.14970705,2.473555491,1,28
6,205,10.10625903,0,0,104.1327304,0.45776475,4.626023863,0,0,28
6,205,0,0,0,104.1327304,0.45776475,4.626023863,0,99,29
6,206,0,0,1,41.81649685,0.461900389,2.607406414,0,98,29
6,207,0,0,0,97.18665923,0.576245407,0.943866346,0,97,29
6,208,0.201493823,0,0,111.2482846,0.496632608,0,0,96,29
6,209,0,0,1,32.4555987,0.553580331,1.822060538,0.239023847,95,29
6,210,0,0,1,20.91402811,0.363365529,0,0,94,29
6,211,0.044369791,0,1,26.96006435,0.539091517,2.284499059,0,93,29
6,212,0.1034982,0,1,34.38841972,0.823489946,1.931278781,0,92,29
6,213,0.861893891,0,0,100.9895728,0.46400071,0,0.358610971,91,29
6,214,0.576850062,0,1,33.03612644,0.608601004,0,0.358897362,90,29
6,215,0.484205339,0,1,30.3067646,0.458954129,4.951127267,0,89,29
6,216,0.445182763,0,1,33.85866389,0.501084379,1.472567509,0.021784986,88,29
6,217,0.515113111,0,1,32.8495375,0.501529293,3.302820826,0.017270438,87,29
6,218,0.59308623,0,1,25.91219272,0.382709248,0,0,86,29
6,219,0.727911927,0,1,28.90636912,0.642407663,0,0.091516859,85,29
6,220,0.616848678,0,1,42.95930865,0.631082132,0.759579874,0.06716918,84,29
6,221,0.492843193,0,1,26.56267197,0.356613905,0,0,83,29
6,222,0.706699569,0,1,27.92961387,0.558196647,0,0.22251133,82,29
6,223,0.36323114,0,1,26.90094325,0.49220464,3.660865298,0.064274841,81,29
6,224,0.772821524,0,0,103.9736345,0.574140123,0,0,80,29
6,225,0.484626842,0,0,98.81214289,0.631426674,1.105161386,0.094107284,79,29
6,226,0.628321446,0,0,96.29969157,0.36933073,0,0,78,29
6,227,0.821556669,0,1,30.30986526,0.375394065,0,0.022498761,77,29
6,228,0.847501419,0,1,33.46959365,0.580123579,0,0,76,29
6,229,0.886186474,0,1,30.31035037,0.669896386,1.291176757,0.234247691,75,29
6,230,0.73752397,0,1,32.60960859,0.574055487,0,0.18043791,74,29
6,231,0.875334142,0,1,17.44625053,0.67601766,0,0.024190686,73,29
6,232,1.171207876,0,0,100.1618107,0.470975253,0,0.169795709,72,29
6,233,1.299341066,0,1,36.42115315,0.322512374,2.202773501,0.006705154,71,29
6,234,1.096239149,0,1,22.3763176,0.546397184,0.55064832,0,70,29
6,235,1.00861634,0,1,26.12209008,0.727562738,5.31945689,0.095167903,69,29
6,236,0.934860261,0,1,28.66628576,0.583298782,0,0,68,29
6,237,1.406256388,0,1,24.74198312,0.507288735,3.824408759,0.307016959,67,29
6,238,1.533205073,0,1,27.51946756,0.52655894,2.541496476,0.005157706,66,29
6,239,1.496506602,0,1,29.50462426,0.584071505,2.280523035,0.198977645,65,29
6,240,1.962477812,0,1,16.81062559,0.453015868,2.273255969,0,64,29
6,241,1.805551561,0,1,17.95090311,0.436189755,2.326724831,0.008448076,63,29
6,242,2.095705933,0,1,26.21148192,0.317954612,7.547983233,0.195515196,62,29
6,243,1.916414886,0,0,107.0458947,0.541771206,1.421447006,0.187613722,61,29
6,244,1.958598261,0,1,30.56985289,0.670565452,4.708352434,0.092379366,60,29
6,245,2.098163364,0,1,26.34992074,0.526340088,3.178050283,0.316451903,59,29
6,246,2.053767601,0,0,89.10880016,0.455428299,3.124642979,0.345288674,58,29
6,247,2.043240748,0,1,35.44172402,0.492429324,2.365632471,0.255128261,57,29
6,248,1.996258426,0,1,29.39805663,0.62509545,8.339812977,0.226186887,56,29
6,249,2.208388204,0,1,28.22579804,0.479407444,0.714725607,0.26528887,55,29
6,250,2.394235067,0,1,31.07954124,0.524633792,2.744205466,0,54,29
6,251,2.098331463,0,1,25.55623458,0.608500703,9.714101967,0.416196017,53,29
6,252,2.565960361,0,1,27.57470003,0.472944397,1.579543442,0.276167491,52,29
6,253,2.565252492,0,1,24.9172827,0.377064585,0.433420217,0.25810096,51,29
6,254,2.677896907,0,1,32.24620205,0.575762329,8.082049844,0.089245872,50,29
6,255,2.859570724,0,0,99.32912015,0.557611055,4.327958618,0.29236277,49,29
6,256,3.0990331,0,1,30.8696643,0.691367272,5.85146137,0.282889329,48,29
6,257,2.84700105,0,0,98.91434359,0.639576123,9.99479192,0.175451256,47,29
6,258,2.912996107,0,1,30.38642482,0.435504547,7.964765545,0,46,29
6,259,3.265413596,0,1,22.88618743,0.607429644,7.243837118,0.27330585,45,29
6,260,3.364622927,0,1,27.81012463,0.529098967,0,0.17378062,44,29
6,261,3.099335803,0,1,35.00495082,0.426751203,9.509084989,0.429214256,43,29
6,262,3.47396236,0,1,30.4093435,0.453507257,5.726745376,0.324713697,42,29
6,263,2.979607241,0,1,26.18005387,0.676982561,11.50504658,0.275003344,41,29
6,264,3.346300343,0,1,28.90097283,0.554356337,7.575956938,0,40,29
6,265,3.539808397,0,1,28.31517473,0.643050276,11.19328343,0.325516256,39,29
6,266,4.101926977,0,1,29.83122998,0.623351365,10.63295622,0.441555605,38,29
6,267,3.946444279,0,1,29.99385806,0.577413463,12.30475676,0.457280097,37,29
6,268,3.978716912,0,1,25.21939492,0.54326098,9.55335535,0.497156704,36,29
6,269,4.196410612,0,0,100.7936543,0.587174426,3.275687659,0.370141677,35,29
6,270,4.094296114,0,1,31.13738183,0.537729953,9.236158476,0.621838966,34,29
6,271,4.452492638,0,0,96.37283466,0.551144132,8.710708576,0.329550435,33,29
6,272,4.428632839,0,1,27.8189987,0.427248113,11.38685557,0.56082762,32,29
6,273,4.495012505,0,1,26.76699351,0.517352695,6.365046592,0.20860947,31,29
6,274,4.403422198,0,0,102.357644,0.532737298,9.518626355,0.330169076,30,29
6,275,4.564839678,0,0,98.46622032,0.567955998,12.18345038,0.550251943,29,29
6,276,4.376992509,0,1,33.02382713,0.605020666,11.95917851,0.451575336,28,29
6,277,4.433341607,0,1,24.11805478,0.728705277,16.36540856,0.611028068,27,29
6,278,4.24320044,0,1,33.02512825,0.442548912,11.36961153,0.441290417,26,29
6,279,4.533410455,0,1,41.86307123,0.599920418,12.27865497,0.554596444,25,29
6,280,4.626909364,0,1,24.12721394,0.417399654,15.08473247,0.580217418,24,29
6,281,4.761920188,0,0,94.03869761,0.579491162,9.086783375,0.540357962,23,29
6,282,5.053750432,0,0,118.6638381,0.587005328,11.65596624,0.6539034,22,29
6,283,5.327840232,0,1,33.57332628,0.612281622,13.62860738,0.739934727,21,29
6,284,5.393747841,0,1,32.62312805,0.400867388,18.18430257,1.042220393,20,29
6,285,5.629560854,0,1,31.43507243,0.567636414,14.85245173,1.026943524,19,29
6,286,5.918240615,0,1,36.85999671,0.660336089,17.32773781,0.728647907,18,29
6,287,5.821846077,0,0,105.6251451,0.559027228,13.81777146,0.932822864,17,29
6,288,6.629790875,0,1,34.41843219,0.680671615,21.87253731,0.776908806,16,29
6,289,6.580374455,0,1,27.58048526,0.393623841,20.4247709,1.247683795,15,29
6,290,6.731510971,0,1,26.89817562,0.497460023,17.97634329,1.307574842,14,29
6,291,7.250140545,0,0,99.53540445,0.391462937,21.8491207,1.195686225,13,29
6,292,7.526273929,0,0,96.49880774,0.387246964,25.15223744,1.202839894,12,29
6,293,7.198845365,0,1,34.01099364,0.555825047,25.42565567,1.452383581,11,29
6,294,7.159289672,0,1,32.51811935,0.512005533,26.94108365,1.232126549,10,29
6,295,7.548172061,0,1,26.31504142,0.609351396,28.27632726,1.452161094,9,29
6,296,7.577151837,0,1,21.31797692,0.716826329,29.86353072,1.735253679,8,29
6,297,8.06849747,0,1,30.09474579,0.570301754,29.33778945,2.006431755,7,29
6,298,7.954612579,0,1,36.57812876,0.650943711,28.59221197,1.568170336,6,29
6,299,8.159961732,0,0,91.59173584,0.614143255,27.40477297,1.545578386,5,29
6,300,8.3244045,0,1,30.34311222,0.424516732,33.35921006,1.832878089,4,29
6,301,9.399989382,0,1,20.33736446,0.53177631,35.6411715,2.336117131,3,29
6,302,9.16445149,0,1,33.91681164,0.472064676,36.6391147,2.067963878,2,29
6,303,9.921829931,0,1,31.40605491,0.464672576,39.29888953,2.631402006,1,29
6,304,9.934447145,0,1,29.10985382,0.548743797,0,0.159933363,0,29
6,304,0,0,1,29.10985382,0.548743797,0,0.159933363,99,30
6,305,0,0,0,82.83526821,0.474654513,0.366743603,0.031142655,98,30
6,306,0.414660175,0,0,90.60221933,0.547332273,2.004231874,0.069070342,97,30
6,307,0.327725722,0,0,102.958401,0.374009934,0,0,96,30
6,308,0.542533041,0,1,28.4632194,0.493824668,0,0.130986575,95,30
6,309,0.547022967,0,1,32.10076031,0.529160095,0,0,94,30
6,310,0.41215931,0,0,97.71240786,0.440848422,4.934871052,0,93,30
6,311,0.529074472,0,1,33.47436676,0.569218911,0.747455453,0,92,30
6,312,0.475915835,0,1,34.60066998,0.440701658,0,0,91,30
6,313,0.64544463,0,0,96.73934815,0.5785066,1.051760745,0,90,30
6,314,0.862121368,0,1,27.06280573,0.628062432,1.563800272,0.248430357,89,30
6,315,0.946664494,0,0,99.58431382,0.572365488,0,0,88,30
6,316,1.385905621,0,1,17.76767406,0.469243447,3.719356145,0.291840365,87,30
6,317,1.359278679,0,1,36.90878256,0.460638615,0,0,86,30
6,318,1.140418007,0,1,33.09808732,0.574083281,0.858768633,0,85,30
6,319,1.158950205,0,1,24.55172592,0.559192588,0.659512766,0.145374593,84,30
6,320,1.372983425,0,1,40.58053231,0.497682978,5.076498296,0.095023885,83,30
6,321,1.290724698,0,0,95.67359163,0.426208212,4.904014177,0.055957912,82,30
6,322,1.745308544,0,1,28.70492141,0.600227883,7.992403966,0.246366832,81,30
6,323,1.298633669,0,0,106.6209441,0.692402343,7.389546613,0,80,30
6,324,1.393908835,0,1,29.63657444,0.567072968,5.882024984,0.245330475,79,30
6,325,1.421027161,0,1,32.21749321,0.628285242,0.6756795,0.06858113,78,30
6,326,1.434641427,0,1,34.47190592,0.533039896,2.00660554,0.179135457,77,30
6,327,1.497701354,0,0,106.3929943,0.643024544,3.5613941,0.287466377,76,30
6,328,1.412286693,0,0,104.9921471,0.437637077,4.683278739,0,75,30
6,329,1.558942666,0,1,35.76989045,0.521548808,1.605537804,0.218823343,74,30
6,330,1.635733573,0,1,30.89985853,0.436974701,0,0.015605246,73,30
6,331,1.356653373,0,0,89.61875877,0.504816901,2.547568694,0.235616366,72,30
6,332,1.482606732,0,1,23.44292912,0.636030653,7.697291194,0.095191014,71,30
6,333,1.552573859,0,1,21.41725648,0.544420912,0,0.24693098,70,30
6,334,1.682180069,0,1,32.38421979,0.620365324,7.893335316,0.041116787,69,30
6,335,1.817210094,0,1,26.47647276,0.489115905,0.204614095,0,68,30
6,336,1.661924337,0,1,29.06852338,0.637327054,3.535057864,0.324986443,67,30
6,337,1.686574794,0,1,26.90262344,0.535422218,2.393459837,0,66,30
6,338,1.759408051,0,1,31.60863745,0.396944827,9.119619202,0,65,30
6,339,1.968997973,0,1,25.53341977,0.489637816,6.070210469,0,64,30
6,340,2.057494218,0,1,26.63826387,0.569406676,2.261345543,0.16927155,63,30
6,341,1.910814571,0,0,97.4318414,0.574850339,0,0,62,30
6,342,2.132553527,0,1,24.2033534,0.639957487,1.242769004,0.217029811,61,30
6,343,2.287540101,0,1,28.31463581,0.54254476,4.617524882,0.228614519,60,30
6,344,2.087607034,0,1,27.6830276,0.335412125,3.242393151,0.050307133,59,30
6,345,1.810858809,0,1,34.81190894,0.425806575,4.793593104,0.110496107,58,30
6,346,2.070107162,0,1,21.18825427,0.601156121,5.869431193,0.056751266,57,30
6,347,2.393885768,0,1,29.47204682,0.504925669,1.913342886,0.10915004,56,30
6,348,2.78104423,0,1,21.36969165,0.548587927,8.811233454,0.202399007,55,30
6,349,3.253628973,0,1,24.74909797,0.688671345,4.362861997,0.233301095,54,30
6,350,3.162275742,0,1,26.07057019,0.535388406,4.389448829,0.179194093,53,30
6,351,3.496390501,0,1,26.92393133,0.493310197,6.375174329,0.395795622,52,30
6,352,3.401694549,0,1,37.2547633,0.619836722,7.140849684,0.403412564,51,30
6,353,3.447308801,0,1,30.30790005,0.625518896,2.934270498,0.247811315,50,30
6,354,3.70781475,0,0,103.1785067,0.514516617,8.046054812,0.570268403,49,30
6,355,3.436145276,0,0,95.57624196,0.639679786,4.355326713,0.462258989,48,30
6,356,3.674859205,0,1,27.97582503,0.827994672,4.637765006,0.32850341,47,30
6,357,3.578085386,0,1,32.52170077,0.522327248,16.46925307,0.310952778,46,30
6,358,3.983933747,0,1,26.03469235,0.501444722,8.265879035,0.354853229,45,30
6,359,3.600846542,0,1,27.99738255,0.623845057,9.501067768,0.226792986,44,30
6,360,3.735109222,0,1,26.83863736,0.346496947,9.467993687,0.32656341,43,30
6,361,3.85939062,0,1,28.44781975,0.54722911,9.691174314,0.272501692,42,30
6,362,4.21311242,0,0,96.05538653,0.577365319,7.607890277,0.365321742,41,30
6,363,3.925341603,0,1,25.27970298,0.596257646,14.4754158,0.346157701,40,30
6,364,4.331728461,0,1,32.04664802,0.519266007,15.88748915,0.345678732,39,30
6,365,4.342386505,0,0,92.11884728,0.463857746,13.60719055,0.454647805,38,30
6,366,4.484819873,0,1,37.09811605,0.419068116,8.515898497,0.344646141,37,30
6,367,4.546391618,0,1,32.86668229,0.388693879,9.220905594,0.278451149,36,30
6,368,4.262625661,0,1,26.0317737,0.390683872,9.520119714,0.623962732,35,30
6,369,4.514460953,0,1,36.23677982,0.521381093,13.7480144,0.338363751,34,30
6,370,4.661034314,0,1,27.14947177,0.364982484,16.70931866,0.34509448,33,30
6,371,4.64932092,0,0,95.78164716,0.491749596,16.69245426,0.508566483,32,30
6,372,4.643929689,0,0,90.44878786,0.421615793,10.23195021,0.415422393,31,30
6,373,4.963979154,0,1,26.87586158,0.612975549,10.09891679,0.576567259,30,30
6,374,5.148414073,0,1,26.28935578,0.500388399,15.12529415,0.631147756,29,30
6,375,5.116821214,0,1,26.21468186,0.403698217,15.50264169,0.737836813,28,30
6,376,5.017715214,0,1,27.65753789,0.594580804,13.84975273,0.451738568,27,30
6,377,5.140622819,0,1,36.51301901,0.74211808,7.74465506,0.995075674,26,30
6,378,5.075337744,0,1,35.1353427,0.543882039,17.19381206,0.417608009,25,30
6,379,5.091246445,0,1,26.146827,0.497630542,16.29475678,0.808502128,24,30
6,380,5.815066168,0,1,31.05152664,0.658312718,18.27647366,0.759390334,23,30
6,381,5.468448156,0,0,99.91000273,0.471617531,24.15290001,0.51238593,22,30
6,382,5.740691431,0,1,33.77923595,0.908114373,23.75626343,0.692398958,21,30
6,383,5.46588858,0,1,29.64489607,0.570110601,13.74924218,0.756245417,20,30
6,384,6.14131921,0,0,110.846517,0.344490366,15.82698297,0.839894877,19,30
6,385,5.838322714,0,1,36.76893167,0.633078271,17.95624304,1.005261934,18,30
6,386,6.144658902,0,1,35.16119807,0.408818497,19.043489,1.098493862,17,30
6,387,6.198385688,0,0,108.1547284,0.654816025,23.76073284,1.234484527,16,30
6,388,6.206804614,0,1,27.42657746,0.646748233,20.96607639,1.284840717,15,30
6,389,6.48846569,0,1,29.89805428,0.528636777,21.94570562,0.88107954,14,30
6,390,6.44556011,0,1,28.99708903,0.484738158,23.04819712,1.050294632,13,30
6,391,6.686018368,0,1,34.58237946,0.690002173,24.621986,1.211801653,12,30
6,392,6.684333246,0,1,25.34573447,0.601164476,21.43406313,0.876475329,11,30
6,393,7.881818758,0,0,99.67698996,0.442125927,29.92461183,1.275812341,10,30
6,394,7.801328229,0,0,105.6725714,0.62918396,32.5014308,1.328706091,9,30
6,395,7.793261753,0,1,35.96640449,0.426227415,31.51186843,1.511340174,8,30
6,396,8.741968851,0,1,34.96787699,0.536461329,31.83297777,2.040467025,7,30
6,397,9.188718566,0,1,23.26862153,0.699291195,36.90544754,1.942714287,6,30
6,398,9.007436642,0,0,84.06096711,0.593625155,29.25635894,1.948922519,5,30
6,399,9.283607898,0,0,103.0985161,0.552789648,40.33398856,2.349590637,4,30
6,400,9.809601406,0,1,21.25052135,0.495125813,41.35328817,2.388681927,3,30
6,401,9.794822527,0,1,34.81057809,0.512976167,40.67980679,2.384792163,2,30
6,402,10.07144387,0,1,30.60995769,0.6851583,42.05973665,2.494026091,1,30
6,403,10.4856959,0,0,98.91963961,0.620135963,2.504362988,0.151458787,0,30
7,0,0,0,1,30.96413273,0.716045778,0,0.088203497,99,32
7,1,0.125985441,0,1,24.90693639,0.661434976,0,0.28330385,98,32
7,2,0,0,1,32.06847738,0.69240315,0,0,97,32
7,3,0,0,0,102.4395392,0.469929543,2.955515641,0,96,32
7,4,0.049308759,0,1,26.27816152,0.709489258,0.718030398,0,95,32
7,5,0,0,1,34.30480493,0.686149607,2.546733217,0,94,32
7,6,0,0,1,27.80748634,0.566897963,0,0.129904315,93,32
7,7,0.29619196,0,1,26.62808439,0.588635092,0.571347866,0,92,32
7,8,0.242663585,0,1,30.60578572,0.548137351,0,0.087356083,91,32
7,9,0.339322315,0,0,116.7772186,0.533142459,0,0.14276585,90,32
7,10,0.333171285,0,0,91.8132319,0.623435775,0,0,89,32
7,11,0.531572138,0,1,31.32951837,0.569098768,0,0.229161293,88,32
7,12,0.448388498,0,1,35.43908556,0.822393351,1.142047466,0,87,32
7,13,0.682804316,0,1,31.9185721,0.706228177,2.725469558,0,86,32
7,14,0.303832552,0,1,37.66485684,0.702935126,0,0,85,32
7,15,0.541663379,0,0,100.6401383,0.45888051,3.100664492,0,84,32
7,16,0.543919098,0,0,95.54033429,0.739023458,0,0,83,32
7,17,0.873634845,0,1,25.8591652,0.592826509,0,0,82,32
7,18,0.512364149,0,0,97.69507168,0.503502727,0.147456797,0.078140544,81,32
7,19,0.766766705,0,1,39.47077502,0.397802603,2.966919391,0.095327058,80,32
7,20,0.938202702,0,0,111.7752701,0.596056129,0,0.150727223,79,32
7,21,0.848459644,0,1,33.35691235,0.510208201,0,0.179624738,78,32
7,22,0.894996784,0,1,21.3358496,0.412664413,5.250113179,0.223736768,77,32
7,23,1.251811357,0,0,107.8361764,0.560955764,0,0.001879053,76,32
7,24,1.209590027,0,1,34.34725193,0.636800785,2.770185919,0.322639302,75,32
7,25,1.330573637,0,0,100.0395737,0.486266221,6.428556123,0,74,32
7,26,1.915099944,0,1,28.99398469,0.540659278,0.745110306,0,73,32
7,27,1.829879167,0,1,34.08916461,0.482542837,3.245887261,0,72,32
7,28,1.670611808,0,1,33.40503607,0.593623218,10.13691227,0.049572029,71,32
7,29,1.758204568,0,1,36.81638772,0.744127462,0.03284879,0.222377745,70,32
7,30,1.877584264,0,1,28.73036417,0.55866244,2.844233371,0,69,32
7,31,1.94103836,0,0,94.20488819,0.742012671,3.48335817,0.209526893,68,32
7,32,1.98506719,0,1,36.83891334,0.729700122,10.38573124,0.092708743,67,32
7,33,2.782353613,0,1,29.39121351,0.476160967,3.761532729,0.359345419,66,32
7,34,2.429591451,0,1,26.2022976,0.8403553,0,0.16602234,65,32
7,35,2.684305188,0,1,25.00720337,0.579538746,4.667206344,0.422461055,64,32
7,36,2.63490655,0,1,32.30403426,0.364784024,9.198154279,0.095006544,63,32
7,37,2.889042711,0,1,32.88019371,0.530014123,3.564339644,0.054360307,62,32
7,38,2.864780445,0,1,27.14386007,0.561669694,5.49558814,0,61,32
7,39,2.892337559,0,0,105.6703948,0.612955812,9.311661298,0.311044482,60,32
7,40,2.92599284,0,1,36.19966755,0.607581683,8.586593589,0.173992568,59,32
7,41,3.023711496,0,1,17.61631355,0.60987667,13.73302146,0.100733897,58,32
7,42,3.082329886,0,0,106.9727283,0.4438037,5.640029397,0.308343863,57,32
7,43,3.018147462,0,0,99.32117655,0.578110051,4.462027526,0.139464896,56,32
7,44,3.025986351,0,1,30.01221975,0.524020284,6.671066991,0.305476458,55,32
7,45,2.915790894,0,1,23.04253462,0.572279849,6.50210754,0.152532347,54,32
7,46,2.88320781,0,0,92.65516251,0.57690237,2.346094641,0.236537668,53,32
7,47,3.154140749,0,1,25.4252056,0.42974797,9.588683656,0.220049841,52,32
7,48,3.168508696,0,1,26.44184242,0.387058891,1.09349597,0.138568719,51,32
7,49,2.668136292,0,1,33.88284364,0.475096867,9.507757976,0.183959994,50,32
7,50,3.138371739,0,1,21.41396067,0.648073828,8.438818129,0.234503164,49,32
7,51,3.257445853,0,1,24.11469762,0.622072757,4.165795127,0.399555812,48,32
7,52,3.232444605,0,1,37.47061339,0.594952645,11.37003881,0.215174332,47,32
7,53,2.594029481,0,0,105.1167135,0.472159977,9.013144261,0.42778033,46,32
7,54,3.287451785,0,1,36.05694382,0.597357578,1.929144604,0.446526975,45,32
7,55,3.423718234,0,0,111.5851623,0.552965605,11.45285618,0.717982915,44,32
7,56,3.525397144,0,1,30.97258706,0.661590446,5.896160691,0.400957321,43,32
7,57,3.565760633,0,1,23.8823166,0.657864979,8.751167556,0.178253332,42,32
7,58,3.697176879,0,0,102.5139277,0.566567199,10.05534976,0.1938633,41,32
7,59,3.569907896,0,1,26.54584368,0.527087861,10.4495578,0.309294454,40,32
7,60,3.583479179,0,1,33.75414438,0.652916327,10.24153947,0.551877784,39,32
7,61,3.864903415,0,1,23.89549124,0.660953283,5.205405076,0.278378182,38,32
7,62,3.832879424,0,1,33.97203516,0.700024727,9.746646477,0.463637549,37,32
7,63,3.728246188,0,0,101.6366743,0.648087457,10.48945944,0.000710599,36,32
7,64,3.762382932,0,1,23.05611085,0.619858901,10.85215417,0.278942181,35,32
7,65,3.86520874,0,1,30.48856154,0.440730577,9.115215803,0.336956303,34,32
7,66,3.838930081,0,0,111.2847445,0.826139174,8.112532287,0.359129437,33,32
7,67,3.945628081,0,0,95.71785567,0.63743563,13.38033285,0.454979739,32,32
7,68,3.95518531,0,1,27.04819389,0.384822508,7.789481469,0.441331489,31,32
7,69,4.207049806,0,0,98.67817013,0.512882917,14.93035168,0.501775469,30,32
7,70,4.274604685,0,1,32.15543396,0.595144022,10.00767234,0.235892748,29,32
7,71,4.33027992,0,1,27.87689871,0.749717738,11.1947563,0.602270024,28,32
7,72,4.178504134,0,1,29.18667011,0.535652044,18.31025881,0.590242708,27,32
7,73,4.831620547,0,1,23.24310594,0.599211811,11.96968761,0.631185211,26,32
7,74,4.844125054,0,0,108.3883033,0.71352973,18.41172453,0.493437609,25,32
7,75,5.178214093,0,1,20.11700276,0.579640821,16.03644406,0.525225421,24,32
7,76,5.628788428,0,1,25.65745044,0.458221466,8.294896307,0.636804309,23,32
7,77,4.889838952,0,1,36.40871677,0.536577423,15.88629839,0.768533249,22,32
7,78,5.156418072,0,1,25.4610899,0.623020006,20.23848287,0.675832138,21,32
7,79,5.469993725,0,1,33.10154137,0.758191481,14.65582317,0.594707125,20,32
7,80,5.144144321,0,0,108.697622,0.610342282,9.873049586,0.725055569,19,32
7,81,5.500213718,0,0,100.9387971,0.495816424,17.55716749,0.703129514,18,32
7,82,5.76560856,0,0,106.7897956,0.517177348,16.45908589,0.702170939,17,32
7,83,6.127892468,0,0,82.60866956,0.63867301,24.1770868,1.024142434,16,32
7,84,6.13852942,0,1,27.14316444,0.520245078,23.21637814,0.956035402,15,32
7,85,5.978883456,0,0,101.3716156,0.661354061,17.40203351,1.124973023,14,32
7,86,6.461618865,0,0,85.45760972,0.337996364,21.67644507,0.89177864,13,32
7,87,6.460259268,0,1,30.78992737,0.559625759,20.22700727,1.255524761,12,32
7,88,6.485649594,0,1,27.30915373,0.548120769,24.39478801,1.090928681,11,32
7,89,6.552485627,0,1,26.10610669,0.717486169,21.07681582,1.148910303,10,32
7,90,6.694195981,0,1,29.17799848,0.524237979,22.09564241,1.261345633,9,32
7,91,6.886501339,0,1,23.02713899,0.398645587,24.22083242,1.379094314,8,32
7,92,7.130978673,0,0,91.89129086,0.453105542,21.80061761,1.216641653,7,32
7,93,7.520345471,0,1,26.93350353,0.460635372,24.20379388,1.325600284,6,32
7,94,8.137809799,0,0,95.74953596,0.497811724,32.787878,1.942489193,5,32
7,95,9.148119155,0,1,23.63984197,0.600074731,38.21992297,2.138333147,4,32
7,96,9.557507893,0,1,27.5074882,0.505301461,35.71209865,2.101204165,3,32
7,97,9.78665121,0,1,32.18319106,0.675574316,36.68166903,2.433970631,2,32
7,98,9.986257267,0,1,29.3422983,0.59779481,35.25245035,2.726566187,1,32
7,99,10.72865242,0,1,34.3158361,0.516483305,1.745900732,0.30888895,0,32
7,99,0,0,1,34.3158361,0.516483305,1.745900732,0.30888895,79,33
7,100,0.084410361,0,1,24.40355428,0.352733062,0,0.058834948,78,33
7,101,0.245811482,0,0,94.05816439,0.691685302,0,0,77,33
7,102,0.124697444,0,1,26.14634804,0.629194061,0,0,76,33
7,103,0.230444018,0,1,21.4100443,0.640399388,4.006298583,0,75,33
7,104,0.429449788,0,1,30.12365234,0.502497748,0,0,74,33
7,105,0.19130789,0,0,94.7902451,0.628591684,6.150421917,0.077174425,73,33
7,106,0.659846577,0,1,32.76433591,0.632241073,0.145645529,0.128806364,72,33
7,107,0.479258001,0,1,22.04101821,0.504043072,0,0,71,33
7,108,0.386560143,0,1,27.71356671,0.72292539,0,0.038325214,70,33
7,109,0.721236811,0,1,30.75428999,0.564835444,0,0.078975892,69,33
7,110,0.679686587,0,0,100.8539058,0.588863035,1.494407468,0,68,33
7,111,0.811566617,0,1,37.51333238,0.426240238,2.134148804,0,67,33
7,112,0.500223017,0,1,30.09714951,0.431163304,3.589832919,0,66,33
7,113,0.982225393,0,0,103.2196046,0.564082704,5.469259348,0.056240571,65,33
7,114,1.274171048,0,1,29.21520278,0.426572233,4.011625287,0.146289499,64,33
7,115,1.203046534,0,1,34.37125623,0.585322218,1.035949219,0,63,33
7,116,0.99584214,0,1,33.50210073,0.627726398,2.801731886,0.224133032,62,33
7,117,1.181984018,0,1,31.47111441,0.47772414,2.056451425,0.018795805,61,33
7,118,1.368358889,0,0,102.2061973,0.619708442,0,0.084342268,60,33
7,119,1.160677619,0,0,101.656647,0.487650566,1.882186417,0,59,33
7,120,1.350048541,0,1,30.84220453,0.528699669,0.851804667,0,58,33
7,121,1.760084326,0,1,22.80244748,0.484956655,0.095104693,0,57,33
7,122,1.408596929,0,0,108.0848525,0.563540535,1.218041181,0,56,33
7,123,1.627774249,0,1,22.88392985,0.608347271,3.872446973,0.172353479,55,33
7,124,1.69554267,0,1,27.33743351,0.769829513,0,0.210468038,54,33
7,125,1.852875015,0,1,24.78774947,0.565537771,4.694581644,0,53,33
7,126,2.010491373,0,0,88.14283608,0.500703316,5.537758421,0,52,33
7,127,1.796308075,0,1,33.05856232,0.617071575,0.797014851,0.061451088,51,33
7,128,2.159922689,0,0,102.1889809,0.669270538,0,0.104317398,50,33
7,129,2.771627078,0,0,105.8766733,0.617671942,2.693254383,0.18373526,49,33
7,130,2.802996196,0,1,28.91151381,0.606320735,6.109422911,0.148379912,48,33
7,131,2.901633226,0,1,33.62708213,0.605249551,7.681158227,0.201408115,47,33
7,132,2.740648769,0,1,31.16814011,0.660222779,5.77564905,0.269429815,46,33
7,133,2.86222022,0,0,100.2989705,0.771020027,4.320981977,0.338985853,45,33
7,134,2.779595755,0,0,99.42563914,0.434715412,7.25322124,0.119169237,44,33
7,135,2.944430343,0,1,26.86373387,0.57541215,7.195255358,0,43,33
7,136,3.952510815,0,0,97.25215827,0.587414149,9.689342028,0.355098536,42,33
7,137,3.489003651,0,1,30.8688022,0.818940353,4.881609058,0.25303279,41,33
7,138,3.35057294,0,1,35.22561687,0.705612879,5.639797866,0.132525343,40,33
7,139,3.594844867,0,1,31.85825357,0.666127953,11.49674131,0.06641423,39,33
7,140,3.376120139,0,1,31.92992803,0.406302306,8.447160237,0.373928367,38,33
7,141,3.829071189,0,0,100.5218672,0.641343727,8.721270679,0.55666681,37,33
7,142,3.665693952,0,1,26.97620738,0.718941015,3.39924181,0.256336625,36,33
7,143,3.758332344,0,1,16.59912158,0.662312317,4.927768794,0.525206869,35,33
7,144,3.783649805,0,0,103.9718708,0.555033682,12.67699374,0.34978679,34,33
7,145,3.486390161,0,1,32.07079878,0.643400668,9.838089724,0.300327473,33,33
7,146,4.086165339,0,0,105.6958244,0.595687156,3.932958391,0.086184663,32,33
7,147,3.770526443,0,1,36.39209083,0.606105064,5.00365587,0.246017703,31,33
7,148,3.593720447,0,0,89.71079814,0.89035241,8.484987762,0.500673813,30,33
7,149,3.874822224,0,0,101.6151523,0.699783162,10.90050678,0.536707715,29,33
7,150,3.82125959,0,0,106.2460198,0.593611513,12.94088363,0.604319922,28,33
7,151,4.113583926,0,1,32.27067831,0.467493343,7.392948236,0.386016088,27,33
7,152,5.137153038,0,0,104.8014227,0.649457893,11.64171749,0.7700148,26,33
7,153,5.548741085,0,0,94.70251697,0.598526504,10.91857343,0.911654677,25,33
7,154,5.269867291,0,0,97.37962515,0.40032715,17.63101294,0.552283189,24,33
7,155,5.302708823,0,0,106.2989826,0.716179291,15.64613318,0.496289899,23,33
7,156,5.281538862,0,1,27.94584716,0.495561541,12.50010947,0.716759807,22,33
7,157,5.496297552,0,1,41.53702603,0.605277254,14.80676532,0.669847223,21,33
7,158,5.220315803,0,0,97.11114815,0.900102177,14.85765133,0.819204468,20,33
7,159,6.173929212,0,0,112.2327291,0.551977614,15.68896552,0.769106636,19,33
7,160,5.937851891,0,1,37.53996965,0.661275076,13.78175803,0.783395914,18,33
7,161,6.110030749,0,1,30.41547293,0.684193023,18.64645782,0.705130549,17,33
7,162,6.310864362,0,1,44.17300807,0.680183186,16.74901719,0.81195498,16,33
7,163,6.412936749,0,0,90.03391915,0.605654903,21.71983921,1.101842976,15,33
7,164,6.488731142,0,0,103.7178987,0.553600532,19.38388576,1.210908174,14,33
7,165,6.659074774,0,1,35.77471923,0.744500822,23.92530779,0.977370122,13,33
7,166,6.996605175,0,1,39.16477437,0.56085628,20.5947609,1.159886491,12,33
7,167,7.057850675,0,0,98.84227177,0.449517735,32.13793239,1.118909093,11,33
7,168,7.38790493,0,1,25.178099,0.56222629,27.64944204,1.40567353,10,33
7,169,7.504550723,0,1,29.93795503,0.70290774,31.96632396,1.515827075,9,33
7,170,8.124850598,0,0,96.12741584,0.625851479,35.02727776,1.669968757,8,33
7,171,8.349750777,0,1,26.97408171,0.652520805,34.71069481,1.74030971,7,33
7,172,8.296611602,0,1,21.8196547,0.618719452,29.84437548,1.599677239,6,33
7,173,8.344570265,0,0,102.4445967,0.515898304,32.29515726,1.820185168,5,33
7,174,8.651771927,0,1,30.0940983,0.662790634,34.84031992,1.940838422,4,33
7,175,8.753278711,0,1,19.4263109,0.566161771,31.03040149,2.302148265,3,33
7,176,9.001540899,0,1,29.01830787,0.676507141,32.26058936,2.304137564,2,33
7,177,9.082612091,0,0,106.7413889,0.628261416,36.73634117,2.087065984,1,33
7,178,10.23164602,0,1,32.95892175,0.591591054,5.223068506,0,0,33
7,178,0,0,1,32.95892175,0.591591054,5.223068506,0,99,34
7,179,0,0,1,28.53323592,0.373599729,0,0,98,34
7,180,0.103873183,0,1,27.79138041,0.570219362,0,0.057241953,97,34
7,181,0.129895477,0,0,93.58331184,0.614322789,0,0,96,34
7,182,0.804054506,0,0,96.8952052,0.481713085,0,0.014278248,95,34
7,183,0.471721939,0,0,105.7813049,0.585351582,3.607332312,0,94,34
7,184,0.580070196,0,1,31.41016319,0.677860931,0,0.110079004,93,34
7,185,0.708843283,0,0,94.99934575,0.470368335,4.421199035,0.014348567,92,34
7,186,0.658844767,0,0,104.3484553,0.609674902,3.081861857,0,91,34
7,187,0.942274974,0,0,87.28615272,0.637908641,0,0,90,34
7,188,1.142103027,0,1,32.24096107,0.628027066,0,0.032261324,89,34
7,189,1.062584986,0,1,30.72432177,0.665021638,0,0,88,34
7,190,0.731725996,0,1,32.95594949,0.563262885,6.602955938,0.096245257,87,34
7,191,0.725421355,0,0,106.932913,0.46911785,2.051918293,0.06182256,86,34
7,192,0.975208026,0,1,21.08075946,0.317504146,1.497564132,0,85,34
7,193,1.133970802,0,0,93.97236304,0.664711951,3.666566785,0.0943283,84,34
7,194,1.267135445,0,1,27.30187818,0.538060918,8.304628103,0.041106583,83,34
7,195,1.117815684,0,1,34.27217243,0.511502622,2.017450825,0.194824478,82,34
7,196,1.735497291,0,1,30.54902798,0.706505701,3.793581443,0.124096471,81,34
7,197,2.096293308,0,0,99.38480221,0.576059564,4.113293162,0.162594912,80,34
7,198,1.856968504,0,1,41.96020494,0.626087061,3.976333023,0.000599949,79,34
7,199,2.026762964,0,0,97.50255716,0.430596639,5.571400903,0.294337966,78,34
7,200,1.977782348,0,1,25.03360856,0.786994998,3.122088104,0.181561235,77,34
7,201,1.908915046,0,1,32.18943668,0.586659116,0,0,76,34
7,202,1.837694014,0,0,94.32064828,0.592697966,0,0.237064935,75,34
7,203,1.831355961,0,0,109.6419865,0.627739434,5.660089734,0.091148995,74,34
7,204,1.996768685,0,1,38.77367467,0.549571096,0.493183946,0.179653725,73,34
7,205,1.874437664,0,1,26.28254367,0.488606012,3.619276736,0,72,34
7,206,2.355578244,0,0,85.0848674,0.526063398,0,0.102971472,71,34
7,207,2.001704802,0,1,29.24074243,0.576039503,5.18108265,0,70,34
7,208,2.190711403,0,0,104.6129127,0.554012495,10.56316791,0.081310833,69,34
7,209,2.316209503,0,1,38.07064002,0.556717222,5.214654854,0.133872945,68,34
7,210,2.019609992,0,1,26.91717353,0.555789333,4.684222858,0.327279911,67,34
7,211,2.226683266,0,0,95.48518384,0.585098541,3.872221324,0.175089329,66,34
7,212,2.324812751,0,1,32.65142913,0.588036282,7.485214074,0.171339775,65,34
7,213,2.6787982,0,1,29.916452,0.356466304,2.865075472,0.280019058,64,34
7,214,2.480038075,0,0,99.96783947,0.581955198,2.783416645,0.081333375,63,34
7,215,2.629874239,0,1,27.56990978,0.506026946,6.03876154,0.326785191,62,34
7,216,2.627864828,0,0,87.77252937,0.554957765,6.145316396,0.35350656,61,34
7,217,2.439800646,0,0,98.38922781,0.602538388,6.917427084,0.20968624,60,34
7,218,2.565373096,0,1,31.17750833,0.585739826,5.596491514,0.187386121,59,34
7,219,2.553493945,0,0,98.37784973,0.789741153,2.999821608,0.215839002,58,34
7,220,2.908213369,0,1,38.22811495,0.697114548,10.22839303,0.33721295,57,34
7,221,2.761243707,0,1,27.98581053,0.640534483,1.651304714,0,56,34
7,222,2.947622126,0,1,22.12241011,0.57020434,14.50701346,0.355192917,55,34
7,223,3.201128818,0,1,29.61735591,0.378987715,9.693028175,0.222584497,54,34
7,224,3.082972891,0,1,21.54499012,0.64635075,8.912338872,0.22881443,53,34
7,225,3.041280498,0,0,96.66918157,0.589094665,7.970943122,0,52,34
7,226,3.157097421,0,1,27.83868347,0.701541975,0.551816204,0.126273821,51,34
7,227,2.630197779,0,0,98.63772078,0.681547709,6.886561439,0.549255143,50,34
7,228,3.259966229,0,0,97.63744363,0.603682107,9.831407512,0.423708972,49,34
7,229,3.423673331,0,0,104.4568802,0.681854679,5.807155252,0.458334989,48,34
7,230,3.6390675,0,0,89.58478426,0.649996177,11.58400933,0.36731686,47,34
7,231,3.286474168,0,1,26.04036161,0.507545285,13.99247683,0.628091877,46,34
7,232,3.864667674,0,1,24.07333511,0.710608025,14.37169198,0.29121479,45,34
7,233,3.575258131,0,1,26.75156214,0.579713229,4.398450655,0.180978334,44,34
7,234,3.843538667,0,1,33.99875872,0.526972008,10.63427306,0.348031468,43,34
7,235,3.782071335,0,1,33.19412672,0.401116328,9.023715906,0.284744975,42,34
7,236,4.238085334,0,0,99.42441397,0.45369388,9.168686687,0.17503509,41,34
7,237,4.070552711,0,1,37.76409234,0.470876368,7.418539668,0.238438632,40,34
7,238,4.189075422,0,1,26.0097741,0.526379291,12.75232069,0.631872298,39,34
7,239,4.296491584,0,1,41.79749652,0.565887161,12.06218688,0.111653677,38,34
7,240,4.181652565,0,1,27.66974627,0.701433376,9.812491804,0.306848127,37,34
7,241,4.188909469,0,1,37.58834564,0.476650782,12.59043958,0.344067431,36,34
7,242,4.425303737,0,1,32.58488057,0.584460259,11.63753993,0.451364963,35,34
7,243,4.545615298,0,1,22.40511624,0.609596057,13.23017101,0.716457213,34,34
7,244,4.749330116,0,1,28.63788737,0.580287604,14.20562311,0.223596873,33,34
7,245,4.828839604,0,0,93.45943657,0.639757728,2.486122252,0.76720182,32,34
7,246,4.808918354,0,1,28.82540943,0.64125178,17.86023245,0.499300368,31,34
7,247,4.853799085,0,1,30.17959458,0.64528555,16.67081256,0.232112152,30,34
7,248,4.719496435,0,1,29.36272352,0.761241445,10.32179501,0.584815802,29,34
7,249,5.249066682,0,1,35.55536987,0.407708102,17.84975673,0.666548253,28,34
7,250,4.646771085,0,1,31.4343617,0.626483425,13.28057426,0.702302599,27,34
7,251,4.984131657,0,1,31.86129975,0.501203294,16.95034304,0.792854883,26,34
7,252,5.271231694,0,1,29.96441421,0.50670518,15.98905062,0.616712594,25,34
7,253,5.391001151,0,1,34.40023369,0.609354205,12.95100421,0.620395673,24,34
7,254,5.804583351,0,1,36.23067146,0.482536752,17.57990234,1.009468294,23,34
7,255,5.82253938,0,1,30.67668267,0.579505224,19.46025041,0.864655977,22,34
7,256,5.646875362,0,0,106.2115915,0.55117789,14.90149385,0.813157607,21,34
7,257,5.766859428,0,1,32.28180468,0.624782751,14.46890537,0.679417084,20,34
7,258,5.786217308,0,1,29.88128898,0.513462809,25.48137497,0.71893918,19,34
7,259,6.325346666,0,1,27.46203049,0.706519649,19.48956728,1.048182953,18,34
7,260,6.294054632,0,1,39.41711022,0.668379169,24.82510043,0.906828876,17,34
7,261,6.23699912,0,1,33.64760749,0.501303149,22.76687734,1.034172121,16,34
7,262,6.489800838,0,1,27.28045665,0.709781618,18.36242919,0.833849986,15,34
7,263,6.809395776,0,1,28.26419239,0.624097887,21.00228702,0.925792271,14,34
7,264,6.342695773,0,1,31.38940297,0.666309303,20.8117328,1.156845908,13,34
7,265,6.6707436,0,0,99.57311601,0.791729306,27.58177098,1.223747877,12,34
7,266,7.095804765,0,0,105.9903321,0.623354045,26.91968918,1.02824845,11,34
7,267,7.400632911,0,0,97.33326771,0.656680321,28.31217078,1.691652524,10,34
7,268,7.746666933,0,1,26.75989403,0.587094688,25.78481381,1.704526854,9,34
7,269,8.218196557,0,1,37.83883364,0.562210042,32.11524594,1.629893402,8,34
7,270,8.56744918,0,1,40.63000382,0.52623987,31.89508942,1.763304854,7,34
7,271,8.802551124,0,1,24.38012555,0.622477135,31.46132635,1.941664883,6,34
7,272,8.842035094,0,1,34.35480068,0.623146271,30.68736584,1.892195359,5,34
7,273,9.395260583,0,1,26.08991244,0.639663141,34.31796377,2.095022238,4,34
7,274,9.279485683,0,1,22.95924707,0.787217004,30.81316466,2.000374252,3,34
7,275,9.278158209,0,1,40.82948334,0.614761088,35.26960706,2.219087483,2,34
7,276,9.632308936,0,1,34.40828415,0.43698324,38.2021264,2.421323507,1,34
7,277,10.26317328,0,1,27.60092333,0.484720769,2.918611253,0.010149332,0,34
7,277,0,0,1,27.60092333,0.484720769,2.918611253,0.010149332,128,35
7,278,0.051894208,0,1,25.13495547,0.466394527,0,0,127,35
7,279,0,0,1,39.05803141,0.312435363,0,0.099601966,126,35
7,280,0,0,1,32.15521539,0.655719746,2.618487144,0.033088823,125,35
7,281,0.2079987,0,0,100.2884283,0.66388358,0.865790112,0,124,35
7,282,0,0,1,29.92656452,0.716349859,0,0,123,35
7,283,0.035420549,0,0,105.250537,0.631240613,0,0,122,35
7,284,0.348819828,0,0,98.23567622,0.7802488,0,0.094327194,121,35
7,285,0.300039222,0,1,49.25205303,0.46064918,1.508688483,0.020592752,120,35
7,286,0.126107747,0,1,28.39505167,0.659814739,0,0.241082749,119,35
7,287,0.354315809,0,1,31.94051278,0.726047456,0,0.047539287,118,35
7,288,0.244347007,0,1,32.51305944,0.367521108,0,0.015836984,117,35
7,289,0.532154163,0,0,116.82399,0.516846468,0,0,116,35
7,290,0.582350296,0,0,96.69250439,0.563641871,3.028727949,0,115,35
7,291,0.222746074,0,1,30.81493516,0.453023658,1.388722918,0.012408138,114,35
7,292,0.33356819,0,1,27.67214981,0.524606216,2.470743397,0.096759943,113,35
7,293,0.38311368,0,1,26.24901285,0.396808071,1.997617961,0,112,35
7,294,0.353906294,0,0,101.895,0.438206026,0,0,111,35
7,295,0.570879464,0,1,29.15270446,0.485218893,0,0.091987019,110,35
7,296,0.342276657,0,0,99.46230805,0.559674362,4.385703951,0,109,35
7,297,0.496991925,0,1,34.93624501,0.584914114,0,0,108,35
7,298,0.41631908,0,1,26.69592471,0.606836665,0,0.013229695,107,35
7,299,0.626422183,0,1,24.78958595,0.540785966,0,0,106,35
7,300,0.513625292,0,0,95.24107755,0.615374787,0.56568461,0.17161545,105,35
7,301,0.33837077,0,0,103.4803719,0.574598016,1.308622226,0,104,35
7,302,0.592668385,0,0,111.4708567,0.651112668,2.806049687,0.007244834,103,35
7,303,0.400133647,0,1,26.49083426,0.601470846,3.705238941,0,102,35
7,304,0.700269833,0,1,29.73100901,0.495705854,1.713604487,0,101,35
7,305,0.541962685,0,0,115.1005334,0.622160251,3.82833075,0,100,35
7,306,0.999739235,0,1,28.82541228,0.623481925,0.603309761,0.268254249,99,35
7,307,1.045340499,0,0,92.62769653,0.612043051,0.365231714,0,98,35
7,308,0.876366394,0,0,106.4817335,0.749191404,1.62343437,0.01107272,97,35
7,309,0.88981987,0,1,26.14847449,0.352128245,2.846985846,0.182273441,96,35
7,310,1.243383017,0,1,28.82969952,0.533743199,0,0,95,35
7,311,1.283367321,0,1,24.11057301,0.524420953,2.91958134,0.109096545,94,35
7,312,1.202065492,0,1,27.72715089,0.578602611,1.364761963,0.084050932,93,35
7,313,1.390023944,0,1,30.08890716,0.599464468,3.347821343,0.105610036,92,35
7,314,1.313720884,0,1,28.377965,0.702113134,1.658493175,0.133233829,91,35
7,315,1.281577867,0,1,24.03425474,0.588107015,1.22768866,0,90,35
7,316,1.315904043,0,0,102.4446865,0.536341107,0,0,89,35
7,317,1.432922609,0,0,111.1310424,0.581422927,1.534775832,0,88,35
7,318,1.446754912,0,1,32.78776679,0.688177827,3.227458326,0.153518608,87,35
7,319,1.610805194,0,1,27.04905455,0.665630102,1.74160202,0,86,35
7,320,1.711944345,0,0,94.13480279,0.514204555,6.150370871,0.133155339,85,35
7,321,1.499401545,0,0,96.03582577,0.524300638,0.857562517,0,84,35
7,322,1.406595514,0,1,27.03261896,0.646513494,3.498282013,0.291396175,83,35
7,323,2.022650584,0,1,31.43677236,0.570985069,1.94311609,0.03412044,82,35
7,324,1.808069193,0,1,27.97586663,0.561974022,0,0.086098338,81,35
7,325,1.987038717,0,1,20.82279131,0.616134271,0,0,80,35
7,326,1.846065713,0,0,110.1882128,0.30090824,2.942190228,0.387425509,79,35
7,327,2.036645854,0,1,33.0281947,0.549501737,5.086188193,0.259898623,78,35
7,328,1.814995143,0,1,29.21746054,0.37047358,0,0.210103467,77,35
7,329,1.685615809,0,1,28.11923451,0.638519051,2.209405933,0.308631771,76,35
7,330,1.802280741,0,1,36.3642672,0.707782494,5.372039597,0.347998904,75,35
7,331,2.002701101,0,1,36.16605502,0.571372664,1.88080475,0.043922046,74,35
7,332,2.013669953,0,0,107.35222,0.419557102,0.729946372,0.315875688,73,35
7,333,1.86032855,0,0,108.3519332,0.628417907,7.620438054,0.287742835,72,35
7,334,1.897094441,0,1,37.23915313,0.527370237,0,0,71,35
7,335,1.759888858,0,1,33.51388602,0.405002773,2.161652703,0.101404984,70,35
7,336,2.019236219,0,0,111.1704943,0.638071353,1.821386022,0,69,35
7,337,2.352742753,0,0,88.61157673,0.63425168,3.906838079,0.163814791,68,35
7,338,2.535554998,0,0,84.25016461,0.653530175,0.875042245,0.145151952,67,35
7,339,2.206296878,0,1,38.16070633,0.691287422,6.151987012,0.169003315,66,35
7,340,2.355257925,0,1,20.89682482,0.46090308,1.13489688,0.084095525,65,35
7,341,2.329022238,0,0,108.2392953,0.3631334,2.258298139,0.07012866,64,35
7,342,2.548161233,0,0,88.67413519,0.500573544,5.840254235,0,63,35
7,343,2.517967522,0,1,32.53138696,0.525896076,3.721526542,0.13265299,62,35
7,344,2.590985215,0,1,26.97941951,0.503994551,3.191175063,0.101767764,61,35
7,345,2.577976171,0,1,35.34873496,0.708796246,5.054190449,0.139765651,60,35
7,346,2.728951263,0,0,98.85178514,0.593386981,7.628825043,0.007627878,59,35
7,347,2.987467712,0,0,95.98716978,0.67186345,13.30071457,0.210468791,58,35
7,348,2.766693974,0,0,104.2472316,0.525431406,0.330904787,0.065936774,57,35
7,349,2.694600057,0,1,31.39247399,0.683873972,6.24857296,0.250017929,56,35
7,350,2.910501593,0,1,36.7047824,0.489197972,5.906200056,0.242559277,55,35
7,351,2.976502795,0,0,100.3480529,0.511008838,2.623825984,0.41622789,54,35
7,352,2.810580052,0,1,22.99845711,0.548178376,1.070730304,0.443829124,53,35
7,353,2.733141749,0,1,30.84417376,0.483911104,9.812636748,0.301184686,52,35
7,354,2.946142904,0,1,36.81171454,0.594240778,6.091791612,0.371267043,51,35
7,355,2.826002236,0,0,101.9336433,0.570393222,10.36294868,0.140989092,50,35
7,356,2.91323319,0,1,26.65588663,0.677834275,7.483764104,0,49,35
7,357,2.971597435,0,0,105.1764662,0.445861018,7.888046015,0.246864814,48,35
7,358,3.163401556,0,1,25.99927982,0.631141552,7.26318155,0.391402787,47,35
7,359,3.118946129,0,0,93.42195377,0.649332448,6.180865737,0.179467525,46,35
7,360,2.88934759,0,1,26.15799057,0.592684279,13.24408219,0.195222675,45,35
7,361,3.275796723,0,1,22.69985101,0.610286031,11.0191356,0.175079284,44,35
7,362,2.944874878,0,1,37.67064825,0.461458697,6.011767111,0.08723277,43,35
7,363,3.32014741,0,0,94.33706953,0.62265878,5.518940029,0.0424721,42,35
7,364,3.414616988,0,0,105.4539057,0.557844844,8.650087991,0,41,35
7,365,3.466552814,0,1,28.08626444,0.56101937,8.461685891,0.162509111,40,35
7,366,3.10249049,0,1,30.34280173,0.601722891,9.203737463,0.114684662,39,35
7,367,3.039805499,0,1,33.53447451,0.552271362,4.807743005,0.278693741,38,35
7,368,3.185931548,0,1,34.34802114,0.493120534,7.209564218,0.109554406,37,35
7,369,3.531097415,0,1,28.22062074,0.601246922,6.358322688,0.556618535,36,35
7,370,3.572433865,0,0,111.3384697,0.621199204,4.520532795,0.477921819,35,35
7,371,3.388684136,0,1,42.78255005,0.707758713,8.33656092,0.328244853,34,35
7,372,3.895159577,0,0,111.737157,0.523415335,11.39150803,0,33,35
7,373,3.958347578,0,1,26.61793509,0.614811183,9.37860369,0.167292391,32,35
7,374,3.830666996,0,1,30.14249709,0.588711758,12.73482705,0.29496402,31,35
7,375,3.843947099,0,1,35.17920613,0.577278556,12.09766841,0.34478582,30,35
7,376,3.757451225,0,1,24.44206854,0.691010858,11.96812682,0.414338039,29,35
7,377,3.922118167,0,1,33.85064911,0.689668189,9.300321519,0.541559601,28,35
7,378,4.320989785,0,0,89.1330225,0.614289666,13.92005859,0.251834545,27,35
7,379,4.580480337,0,1,39.62532874,0.552311586,10.01908829,0.576950144,26,35
7,380,5.089083739,0,0,102.4375482,0.632065594,12.96354376,0.613086663,25,35
7,381,4.556891171,0,0,96.16960861,0.762855329,14.30721581,0.375399369,24,35
7,382,5.015200848,0,1,28.76259798,0.395188455,9.661908093,0.502319508,23,35
7,383,4.694688626,0,1,31.02981704,0.60408365,16.50735697,0.678316128,22,35
7,384,4.942702769,0,1,29.37701297,0.54027276,16.2339637,0.68759549,21,35
7,385,5.240858435,0,0,106.1389856,0.641718409,15.50710209,0.610640453,20,35
7,386,5.200029894,0,0,98.37033898,0.372528616,15.06021458,0.732366806,19,35
7,387,5.610817727,0,0,100.1519381,0.621145328,19.31371146,0.655145237,18,35
7,388,5.867966769,0,1,32.58448407,0.575136359,19.83611786,0.862294,17,35
7,389,6.885717612,0,1,26.79150928,0.583687593,25.48556709,1.551584128,16,35
7,390,6.832568418,0,1,29.8898811,0.585877637,22.35540887,1.316686594,15,35
7,391,7.196861114,0,1,23.43471724,0.503900728,24.04597188,1.572833788,14,35
7,392,7.467974807,0,1,33.63134936,0.707579416,26.75929695,1.509381773,13,35
7,393,7.33476179,0,0,99.31849834,0.578444717,30.90966692,1.604340747,12,35
7,394,7.383284479,0,1,24.50367286,0.436842067,27.07551959,1.241845985,11,35
7,395,7.823766503,0,1,28.81728375,0.543185989,27.93862182,1.337367942,10,35
7,396,8.028658206,0,1,26.63968866,0.546615336,32.48252645,1.510290965,9,35
7,397,8.278842591,0,1,37.64910251,0.565482245,30.39857059,1.772622546,8,35
7,398,8.115462215,0,1,30.67909431,0.417576319,28.5009504,1.730766764,7,35
7,399,8.422050717,0,1,24.63351597,0.542324162,33.60072717,1.78402339,6,35
7,400,8.759280662,0,1,25.10041395,0.604858578,32.14556162,2.037218881,5,35
7,401,8.888941096,0,1,27.41859981,0.550240527,31.26374824,2.067342492,4,35
7,402,9.022819538,0,1,27.04752357,0.513681703,33.51252804,2.058278128,3,35
7,403,9.156298709,0,0,96.39239578,0.591698938,40.31699968,2.009080277,2,35
7,404,9.617465142,0,0,104.7939097,0.580807181,36.53797514,2.541196719,1,35
7,405,10.35955112,0,1,26.39235408,0.507954406,0,0.038671382,0,35
8,0,0,1,1,31.19426879,0.493715858,0.47838864,0,90,37
8,1,0.433231085,1,1,30.54520426,0.586852008,6.722566221,0.099889883,89,37
8,2,0.340194027,1,1,29.64889832,0.454029409,0,0,88,37
8,3,0.526570986,1,1,29.91944459,0.889523064,0,0.176891812,87,37
8,4,0.454713623,1,1,34.45219357,0.695899698,0,0.189098647,86,37
8,5,0.495973984,1,0,98.01804098,0.591068183,0,0,85,37
8,6,0.858851005,1,0,109.7882007,0.614025773,1.760820535,0.108040529,84,37
8,7,0.848549544,1,0,105.0905621,0.791321006,0,0,83,37
8,8,1.082216544,1,1,41.00913678,0.718261426,2.348930388,0.221967426,82,37
8,9,1.037632808,1,1,36.36092912,0.57434318,4.844857512,0.134565576,81,37
8,10,1.278660001,1,1,30.71784977,0.739257986,4.103916686,0.42897658,80,37
8,11,1.634022452,1,1,28.77206753,0.653951875,2.752004977,0.302241875,79,37
8,12,1.929383607,1,1,36.14024877,0.719197735,3.192146265,0.218861511,78,37
8,13,1.885000784,1,1,26.15218912,0.64847257,3.337401196,0.022447063,77,37
8,14,1.739472941,1,1,38.15228451,0.738808995,4.9166531,0,76,37
8,15,2.287454519,1,1,34.43939854,0.752854134,6.411159609,0.49652712,75,37
8,16,2.208459707,1,0,99.63497949,0.702760385,8.408610482,0,74,37
8,17,2.53608942,1,1,30.79034699,0.495534087,3.779887378,0.214853443,73,37
8,18,2.486226331,1,1,34.74068132,0.626852157,6.936707567,0.158523472,72,37
8,19,2.557105034,1,1,26.76870097,0.603149031,2.808350853,0.1599607,71,37
8,20,2.317841859,1,1,32.0512839,0.50516255,0,0.237286059,70,37
8,21,2.435771006,1,0,89.48430607,0.680200486,5.407857443,0.308727489,69,37
8,22,2.631006048,1,0,94.09808637,0.761605685,0,0.283665758,68,37
8,23,2.39643201,1,0,105.4666973,0.667019769,4.684064011,0,67,37
8,24,2.72824436,1,1,34.42707908,0.724437951,0,0.276365687,66,37
8,25,2.427425174,1,0,93.01125059,0.740492114,5.668816995,0.410227678,65,37
8,26,2.766573732,1,1,39.17724998,0.544429851,1.409785616,0.052946686,64,37
8,27,2.480426405,1,1,29.17102369,0.629238372,4.150274894,0.135280801,63,37
8,28,2.68492936,1,1,28.67541626,0.581835574,5.934501752,0.041637466,62,37
8,29,2.417519838,1,0,100.7114045,0.687685513,10.00947648,0,61,37
8,30,2.814739221,1,1,25.2332779,0.722528536,4.881496877,0.321694641,60,37
8,31,2.869876574,1,1,36.79099194,0.530918647,6.282364781,0.414617502,59,37
8,32,2.867047681,1,1,26.8481723,0.729141904,5.524182277,0.122103253,58,37
8,33,2.725479071,1,0,100.3276776,0.788194231,7.402438339,0.293175722,57,37
8,34,2.902156152,1,1,29.85592629,0.787563395,6.327022822,0.300511241,56,37
8,35,2.958372224,1,1,35.83744468,0.53792614,5.909375557,0.398779296,55,37
8,36,2.953060048,1,1,32.72870539,0.612532095,7.291336974,0.213261098,54,37
8,37,3.418635058,1,1,26.29473744,0.616361157,5.446240294,0.165404734,53,37
8,38,3.281222578,1,1,28.23435227,0.720523053,5.325359484,0.299584977,52,37
8,39,3.39411716,1,1,27.58964265,0.646270113,5.730279964,0.307311018,51,37
8,40,3.121718915,1,0,102.4681586,0.571821405,8.60808224,0.284692422,50,37
8,41,3.6134701,1,0,87.95534917,0.689154872,2.584491616,0.115429,49,37
8,42,3.573204914,1,0,113.5611264,0.636096142,7.259935097,0.348336912,48,37
8,43,4.333590211,1,1,37.42663362,0.610864923,9.713966615,0.318402892,47,37
8,44,4.034114701,1,1,22.72483933,0.634114368,13.00560299,0.574476772,46,37
8,45,4.111082585,1,1,27.69780376,0.616281697,8.277708488,0.411164444,45,37
8,46,3.904281737,1,1,22.36067138,0.609564889,14.24944556,0.301428487,44,37
8,47,4.310366943,1,0,110.7105297,0.660537659,4.953403793,0.503859205,43,37
8,48,4.209370757,1,1,28.8327353,0.717165101,14.73606093,0.731320835,42,37
8,49,3.983430491,1,1,35.17050727,0.603303391,10.06621202,0.040806067,41,37
8,50,4.193587206,1,0,102.3377073,0.5779292,13.55623731,0.356869204,40,37
8,51,4.462658459,1,1,33.25702434,0.522221081,10.33392127,0.683924194,39,37
8,52,4.501405547,1,1,27.04208144,0.76774722,10.27238612,0.370197534,38,37
8,53,4.527082464,1,0,116.4528895,0.64156279,12.54702879,0.245038111,37,37
8,54,4.604049484,1,0,93.28396038,0.627409399,14.97559706,0.540545285,36,37
8,55,4.506019464,1,1,28.86518508,0.458206975,18.21023479,0.470739928,35,37
8,56,4.636093384,1,1,28.77939005,0.600419836,10.91966913,0.442464377,34,37
8,57,4.711751126,1,1,33.04492877,0.572052905,15.26597141,0.67855547,33,37
8,58,4.832745786,1,1,34.59611057,0.644589499,9.744818395,0.615193003,32,37
8,59,4.721763294,1,0,105.5639738,0.576551359,15.46598867,0.504394833,31,37
8,60,4.848227534,1,1,32.9103335,0.59073823,15.66659769,0.64700791,30,37
8,61,4.997820016,1,1,26.01560453,0.738670066,16.99066139,0.788371367,29,37
8,62,5.057337903,1,1,34.93668944,0.34823145,13.43352718,0.880858888,28,37
8,63,5.057850105,1,1,36.6444607,0.654563358,14.03728041,0.797883561,27,37
8,64,5.03294613,1,1,23.02380768,0.452507688,11.50733203,0.670047694,26,37
8,65,5.219507471,1,0,97.28252098,0.742737546,15.17660964,0.822292453,25,37
8,66,5.234026508,1,1,26.08125173,0.847816196,17.86110571,0.777526287,24,37
8,67,5.195698696,1,1,36.02299513,0.820913701,14.12888944,0.746592055,23,37
8,68,5.079717726,1,1,25.22873491,0.569155412,10.88028782,0.510337039,22,37
8,69,5.12028776,1,0,94.97201718,0.66714532,16.20394542,0.523565184,21,37
8,70,5.273753654,1,0,116.0258053,0.532019462,19.2965087,0.759551027,20,37
8,71,5.62500963,1,0,100.4589741,0.672119892,16.13706244,0.76688216,19,37
8,72,5.980803359,1,1,21.80774962,0.772344713,13.11492577,1.047719834,18,37
8,73,5.856761235,1,1,38.40238961,0.541852879,13.5314949,0.902808804,17,37
8,74,6.341165793,1,1,32.3468588,0.96781653,20.50542797,0.639388635,16,37
8,75,6.325090241,1,0,115.4959728,0.644164283,18.58614078,0.651507298,15,37
8,76,6.183306356,1,0,99.94655618,0.563925964,17.37863734,0.815408382,14,37
8,77,6.743304006,1,1,29.81238356,0.561839453,22.99341801,1.240558182,13,37
8,78,7.070569705,1,1,26.8658262,0.561357197,23.96149153,1.312912727,12,37
8,79,7.100717317,1,1,28.87192326,0.58503629,22.22227607,1.301511405,11,37
8,80,7.894092618,1,1,28.61800412,0.629371884,24.49797105,1.444239196,10,37
8,81,7.512606124,1,1,37.29236562,0.615908791,24.3471196,1.454813231,9,37
8,82,7.782284125,1,1,25.13130689,0.719464846,23.73482696,1.670785158,8,37
8,83,7.777248604,1,0,95.37866634,0.619870969,27.50113855,1.649529298,7,37
8,84,8.548840716,1,1,30.88826722,0.63818952,28.75676773,1.798000932,6,37
8,85,8.740015982,1,1,33.7259695,0.677208666,29.0097313,1.827584406,5,37
8,86,8.89229167,1,1,31.06245543,0.492555046,34.58744427,1.774501709,4,37
8,87,8.764073086,1,1,19.1610763,0.749119722,27.88385473,2.11211957,3,37
8,88,9.095421542,1,0,102.3110865,0.569435113,34.13446184,1.849157163,2,37
8,89,10.13234846,1,1,29.98920736,0.823028876,42.44556003,2.124257833,1,37
8,90,9.890245154,1,1,31.3353215,0.49925934,0,0,0,37
8,90,0,1,1,31.3353215,0.49925934,0,0,101,38
8,91,0,1,1,39.99419354,0.762743585,2.840414863,0,100,38
8,92,0.148773796,1,1,28.80453132,0.580700257,0,0,99,38
8,93,0.133281311,1,1,30.08068252,0.658602551,0,0,98,38
8,94,0.087616669,1,1,24.22228207,0.656178981,0,0.208420787,97,38
8,95,0,1,1,26.02544861,0.637642404,0,0,96,38
8,96,0,1,1,34.51769212,0.695938937,1.16399669,0.286066832,95,38
8,97,0.250113028,1,1,28.26541589,0.698802617,0,0,94,38
8,98,0,1,1,32.1941443,0.535179727,0,0.118456699,93,38
8,99,0.196437786,1,1,28.88906777,0.666786089,1.091814549,0.14324434,92,38
8,100,0.116346717,1,1,36.93090886,0.592858433,0,0.384414099,91,38
8,101,0.307746012,1,1,22.54601715,0.631008211,0,0.103310591,90,38
8,102,0.585272937,1,1,30.16499594,0.828509706,0,0.069385731,89,38
8,103,0.440054002,1,1,25.61922418,0.80976841,1.836995598,0.175301022,88,38
8,104,0.40582187,1,1,22.22799279,0.580325753,6.697738194,0.032676236,87,38
8,105,0.324203994,1,1,33.34301314,0.535357407,4.569980622,0.060988125,86,38
8,106,0.22717536,1,0,104.6958154,0.482709122,0,0,85,38
8,107,0.29799004,1,1,29.70349565,0.678242936,0,0.010184749,84,38
8,108,0.522780438,1,1,28.98542014,0.572601508,4.447511573,0,83,38
8,109,0.89424585,1,0,83.34672344,0.664096379,5.6594291,0.085124022,82,38
8,110,1.839634747,1,1,36.09150988,0.663773413,3.963075342,0,81,38
8,111,2.014466701,1,1,22.77649705,0.798513478,0,0.1754929,80,38
8,112,1.881929454,1,1,38.14474749,0.568353273,2.257182779,0.151263576,79,38
8,113,1.914352517,1,1,28.56971758,0.752005775,4.626842998,0.071894808,78,38
8,114,2.010009528,1,1,28.54694186,0.602329375,7.301138935,0.206522448,77,38
8,115,1.941632613,1,1,22.32497848,0.579379249,0,0,76,38
8,116,2.468550435,1,1,34.82426262,0.658164709,0,0.156333083,75,38
8,117,2.299554309,1,1,30.29769122,0.657442067,0.249457595,0.288274576,74,38
8,118,2.454717343,1,0,93.91723514,0.651154185,4.709371329,0.191147601,73,38
8,119,2.550157425,1,0,93.92432629,0.514619592,7.745961178,0.155007014,72,38
8,120,2.496382881,1,0,90.0959013,0.71992852,1.545502368,0.232955808,71,38
8,121,2.766301712,1,0,85.84734852,0.732267286,8.584331064,0.318097602,70,38
8,122,2.588134686,1,1,33.84438753,0.556883926,6.716965717,0.248046693,69,38
8,123,2.794954271,1,1,21.52802233,0.628856435,8.878953966,0.309425847,68,38
8,124,3.246521008,1,1,33.83435649,0.584129284,7.901090218,0.200801234,67,38
8,125,2.995793462,1,1,24.5773513,0.796011223,7.24642762,0.318378529,66,38
8,126,2.80469798,1,1,35.24168722,0.582585475,8.146354684,0.132892643,65,38
8,127,3.04099811,1,1,33.88742335,0.702842374,6.335973186,0.402762305,64,38
8,128,2.917401001,1,1,25.67296008,0.713634295,7.454268632,0.327361846,63,38
8,129,2.927471847,1,0,97.23635151,0.813150975,6.416910878,0.181489405,62,38
8,130,3.02730035,1,0,104.4688235,0.719085208,5.61179179,0.165828343,61,38
8,131,2.99429802,1,1,27.63635374,0.658416272,3.82062857,0.272327465,60,38
8,132,3.571260622,1,1,26.71882786,0.61868729,8.208542333,0.246806289,59,38
8,133,3.310283334,1,0,101.0189718,0.475756882,3.776124124,0.093593333,58,38
8,134,3.473169328,1,1,39.82473759,0.667631292,7.916115968,0.187863461,57,38
8,135,3.574654174,1,1,27.23621054,0.662451749,10.46100208,0.430765366,56,38
8,136,3.433015209,1,1,36.59166917,0.761453257,5.38738865,0.030286119,55,38
8,137,3.393698309,1,1,25.88736073,0.770153866,7.705188618,0.370455739,54,38
8,138,3.73397337,1,1,28.04644291,0.716430365,9.044261548,0.151740874,53,38
8,139,3.780852943,1,1,29.81866883,0.71279336,9.930122402,0.547572861,52,38
8,140,3.855776757,1,1,25.34641715,0.661564214,8.644346429,0.500086812,51,38
8,141,4.026214128,1,0,98.81474249,0.82850974,7.242355807,0.428590201,50,38
8,142,3.755881645,1,1,31.49203971,0.482469333,7.531748089,0.373607258,49,38
8,143,3.628697007,1,0,91.83068892,0.876987752,4.687394695,0.258626478,48,38
8,144,3.93974609,1,1,32.35330549,0.734975258,6.028172707,0.486789934,47,38
8,145,3.988404051,1,1,27.20777246,0.690567282,12.12992696,0.119557431,46,38
8,146,3.92448972,1,0,93.9371354,0.640077675,13.80837323,0.612195875,45,38
8,147,3.783736433,1,1,31.99166854,0.763451958,9.888771298,0.64753956,44,38
8,148,3.668626026,1,0,103.0101249,0.582034403,9.599716018,0.387287991,43,38
8,149,4.100881114,1,1,35.31993613,0.738136186,11.32599077,0.436961368,42,38
8,150,4.217203296,1,1,30.69239251,0.615923063,9.959556651,0.429125883,41,38
8,151,4.72384082,1,1,33.26987564,0.648892943,14.99075284,0.376890694,40,38
8,152,5.003378642,1,1,27.89308588,0.649005364,14.17994867,0.72458412,39,38
8,153,5.042402936,1,0,107.0782187,0.792945529,10.43034685,0.581923021,38,38
8,154,4.976028479,1,0,97.82543689,0.449091171,17.20890029,0.636983188,37,38
8,155,4.955855564,1,1,22.84743965,0.65986169,15.08766459,0.613144598,36,38
8,156,4.998827353,1,0,105.5549812,0.582616181,18.43913178,0.730791353,35,38
8,157,5.171601063,1,0,99.15582106,0.767987692,12.02049035,0.373935137,34,38
8,158,5.114828363,1,1,36.50448481,0.774088892,13.37817196,0.512984486,33,38
8,159,5.322367088,1,1,26.10622396,0.628149291,10.2111523,0.752753657,32,38
8,160,5.671644548,1,1,32.33109775,0.696762138,19.23928634,0.749798243,31,38
8,161,5.48043358,1,1,31.01876378,0.512744648,10.43292495,0.795128048,30,38
8,162,5.844311177,1,1,29.86353686,0.61999312,17.92097413,0.762037828,29,38
8,163,5.714494447,1,0,94.37319917,0.804130004,17.01768308,1.048376686,28,38
8,164,5.981933912,1,0,108.7224449,0.652168837,14.17815626,0.769741973,27,38
8,165,5.981584537,1,1,24.18792128,0.588337015,25.91233407,0.904384677,26,38
8,166,5.895993078,1,1,26.60651401,0.584263206,20.67936663,0.654801877,25,38
8,167,5.860155058,1,0,101.3476979,0.628494408,16.37930032,0.953901663,24,38
8,168,5.702611877,1,1,33.08346557,0.454517402,18.50468605,1.116015421,23,38
8,169,5.96890439,1,1,37.18926783,0.537780243,16.487849,0.93661031,22,38
8,170,5.846473179,1,0,97.91872767,0.8010744,20.69225549,0.820196647,21,38
8,171,6.097682821,1,0,91.44880866,0.720834642,17.95259164,1.016270465,20,38
8,172,6.470547128,1,0,101.2349227,0.781632974,23.33325476,0.848217913,19,38
8,173,6.187974354,1,1,29.06380525,0.750534835,25.57426985,0.914307405,18,38
8,174,6.217905435,1,1,33.7489799,0.69425753,20.07957485,0.667957543,17,38
8,175,6.266615994,1,1,27.67615175,0.737031888,20.62475589,0.689989809,16,38
8,176,6.778772951,1,1,37.52233936,0.637421302,21.02059609,0.969828354,15,38
8,177,7.396919837,1,1,28.05670265,0.584413636,26.89449409,1.341193698,14,38
8,178,7.448765615,1,1,33.53892611,0.762820247,25.25220894,1.725885474,13,38
8,179,7.57897562,1,1,26.34091634,0.555073794,21.5945882,1.409778018,12,38
8,180,7.747488495,1,1,21.06303711,0.761153007,29.03365367,1.899879234,11,38
8,181,7.886892873,1,1,28.00955888,0.543288221,33.75403823,1.441804573,10,38
8,182,7.838873558,1,0,107.2046007,0.744603783,33.22231117,1.804508739,9,38
8,183,8.271332264,1,1,33.15706546,0.680954269,27.17925657,1.528928364,8,38
8,184,8.078745614,1,1,33.87566202,0.509757106,24.11270349,1.539651651,7,38
8,185,8.59403482,1,0,95.37667895,0.662213376,32.19398741,1.856132546,6,38
8,186,8.656871914,1,1,28.58040783,0.712177451,32.54142145,1.834139383,5,38
8,187,8.599431249,1,0,90.39086697,0.615769328,32.69494273,2.106057329,4,38
8,188,9.104705086,1,0,96.60616974,0.711544605,34.08138349,2.237310285,3,38
8,189,9.234918678,1,0,95.14557795,0.673618701,39.26245644,2.061786155,2,38
8,190,10.00611763,1,1,36.3510535,0.599543543,39.01780557,2.803040149,1,38
8,191,10.9938755,1,1,37.17508852,0.622923495,2.777345953,0,0,38
8,191,0,1,1,37.17508852,0.622923495,2.777345953,0,126,39
8,192,0,1,0,115.3599628,0.76507399,3.43322458,0.07192965,125,39
8,193,0,1,1,26.13776046,0.566669525,1.740054761,0,124,39
8,194,0.036458433,1,1,26.8501958,0.833008778,4.836987149,0,123,39
8,195,0.163458126,1,0,113.4833528,0.577133937,0.224245402,0,122,39
8,196,0.233512484,1,0,88.79145116,0.595779187,0,0,121,39
8,197,0.642466943,1,0,87.12642577,0.514728267,1.101061072,0,120,39
8,198,0.703113644,1,1,27.35847625,0.717185867,0.889644973,0.079592045,119,39
8,199,0.916064854,1,0,107.3006165,0.565013665,0,0.026393584,118,39
8,200,0.603909772,1,0,100.5515235,0.646463251,0.168217487,0,117,39
8,201,0.929931589,1,0,105.540693,0.562659316,0,0.009830334,116,39
8,202,0.750334952,1,1,30.27549449,0.634751529,0,0.017891114,115,39
8,203,0.818009676,1,1,38.48915764,0.458005623,1.767994418,0,114,39
8,204,0.59514057,1,1,29.58559287,0.588976024,2.451398191,0,113,39
8,205,0.762762197,1,0,105.8446406,0.877821992,2.880716723,0,112,39
8,206,1.041862444,1,1,35.08279417,0.458045128,3.010674961,0,111,39
8,207,1.078294438,1,1,33.36272927,0.657476928,9.476326857,0.293097004,110,39
8,208,1.06017171,1,1,35.24119156,0.697122817,0.040021438,0,109,39
8,209,1.095964261,1,1,27.20437061,0.468532873,7.792025902,0.308060024,108,39
8,210,0.946875957,1,1,32.56789813,0.713332122,3.333553077,0.035825967,107,39
8,211,1.140431827,1,1,32.22964034,0.513652647,1.936687566,0.084401399,106,39
8,212,1.14248274,1,0,95.35468703,0.443008029,2.826982468,0.121534866,105,39
8,213,1.357525692,1,0,97.8185481,0.655220693,4.909807548,0.125572821,104,39
8,214,1.158271818,1,1,38.91672962,0.466978196,2.880031483,0.036007186,103,39
8,215,1.36838959,1,0,101.8897631,0.486301722,2.357682874,0.097406442,102,39
8,216,1.110814212,1,1,35.2684248,0.822625954,8.373011671,0.032866142,101,39
8,217,1.709439285,1,1,23.84223923,0.592262886,6.426694639,0.235061119,100,39
8,218,1.712918031,1,0,109.5367712,0.730093827,0,0.089085009,99,39
8,219,1.606143887,1,1,38.11891088,0.632976573,1.520006322,0.223508299,98,39
8,220,1.681336762,1,1,27.90960516,0.684897673,9.006724177,0.094966022,97,39
8,221,1.787528642,1,0,89.98232432,0.82462072,1.863530062,0.150364812,96,39
8,222,1.436037566,1,1,26.61873281,0.661165538,0,0.404183045,95,39
8,223,1.918347171,1,1,24.71696924,0.499892918,0.492264273,0.077798332,94,39
8,224,2.101265884,1,1,34.228726,0.682682745,5.7954633,0.170279959,93,39
8,225,2.515095841,1,0,102.3745849,0.814388544,4.163087028,0.135481014,92,39
8,226,2.176366595,1,1,29.12127249,0.475066808,5.181554711,0.11635223,91,39
8,227,2.648504159,1,1,26.93677832,0.534208738,2.397827772,0,90,39
8,228,2.642913065,1,0,98.81690057,0.648317908,2.817729733,0,89,39
8,229,2.554064731,1,0,93.44826148,0.712940054,2.704891081,0.088479404,88,39
8,230,2.755682553,1,1,30.68938166,0.689882947,9.149124739,0.077202491,87,39
8,231,2.908448279,1,1,22.0492385,0.552613823,1.687984054,0.072894319,86,39
8,232,2.849788146,1,0,94.79825155,0.505591628,6.907542307,0.174847089,85,39
8,233,2.763531392,1,1,41.51186826,0.77268614,10.81121577,0.005147193,84,39
8,234,2.70936074,1,1,29.16286586,0.729837754,0,0,83,39
8,235,2.85949566,1,1,35.46243728,0.538373586,0.512655392,0.247410783,82,39
8,236,2.8481795,1,0,104.7098183,0.678424855,8.430557117,0.334573171,81,39
8,237,2.85907344,1,0,104.3759304,0.654268523,8.803032497,0.070753405,80,39
8,238,3.322867137,1,0,97.86227804,0.471442479,8.369899215,0.330990473,79,39
8,239,3.037952876,1,1,35.86947318,0.816261763,10.04069648,0.558994379,78,39
8,240,2.925775198,1,1,33.24496656,0.753670614,6.111415408,0.041526129,77,39
8,241,3.341885984,1,0,99.01471855,0.582433552,7.809379675,0.25588077,76,39
8,242,3.069762089,1,1,25.14068785,0.768302541,9.984739852,0.095734585,75,39
8,243,3.077915182,1,1,30.4852395,0.784004891,6.791367806,0.40294256,74,39
8,244,3.057329079,1,1,32.1744705,0.835402276,4.433039338,0.291047084,73,39
8,245,3.359365277,1,0,107.0534949,0.550214505,6.829875648,0.303360966,72,39
8,246,3.242117792,1,1,22.14183125,0.648914478,10.54738849,0.368768819,71,39
8,247,3.32535457,1,1,33.17384492,0.601887012,1.284697623,0.464099345,70,39
8,248,3.284191941,1,1,29.08427725,0.645585612,5.251342962,0.770227742,69,39
8,249,3.690284042,1,1,26.64717788,0.463088903,5.649020395,0.178521237,68,39
8,250,3.342508087,1,1,28.5101835,0.762686821,7.294431624,0.338268112,67,39
8,251,3.295260998,1,0,102.2567091,0.885667221,11.38515755,0.366902257,66,39
8,252,3.409280043,1,1,30.40047749,0.889239156,10.18085123,0.4041405,65,39
8,253,3.332008284,1,1,31.68543109,0.613716403,6.883890327,0.531420168,64,39
8,254,3.469821777,1,1,30.85556856,0.4994255,9.889034494,0.43483444,63,39
8,255,4.230406481,1,1,25.66104696,0.594861726,11.54925457,0.349652839,62,39
8,256,3.761851564,1,1,37.50727153,0.589956743,10.70081026,0.399817247,61,39
8,257,3.817871741,1,1,26.77612445,0.849569609,9.211572673,0.330611401,60,39
8,258,4.098287078,1,1,26.18994001,0.599898311,13.77249665,0.270602782,59,39
8,259,4.255156692,1,1,31.81839245,0.581517485,12.45421021,0.846965457,58,39
8,260,3.887338296,1,1,34.61188299,0.795121754,10.74970568,0.483701274,57,39
8,261,4.090986542,1,0,83.06607454,0.711050333,16.25919961,0.520570696,56,39
8,262,4.194506023,1,1,37.40748887,0.827246086,9.450245835,0.617587066,55,39
8,263,4.097316704,1,1,31.35132892,0.736130639,9.330720769,0.412435524,54,39
8,264,4.321600872,1,1,38.31934855,0.690523157,10.10001003,0.295530652,53,39
8,265,4.50921011,1,0,97.47987462,0.713106538,13.35223885,0.72479152,52,39
8,266,4.72464086,1,0,90.50472063,0.656887961,9.816115331,0.454784529,51,39
8,267,4.708565343,1,1,27.93438436,0.501906696,14.6486753,0.525579025,50,39
8,268,4.557496795,1,1,33.16605905,0.466158901,9.81375316,0.429386712,49,39
8,269,4.687506464,1,1,33.27461014,0.72183674,12.45162368,0.394629594,48,39
8,270,4.63497446,1,1,25.64863777,0.680273967,11.41373953,0.451334086,47,39
8,271,4.543434415,1,1,28.94291166,0.68964689,13.42794327,0.241549273,46,39
8,272,4.818137913,1,1,34.89906844,0.589624967,14.89639425,0.606332513,45,39
8,273,4.491655172,1,1,20.41546789,0.613416531,12.70135004,0.384939031,44,39
8,274,4.423919567,1,1,27.83954747,0.630990317,11.76860073,0.466496897,43,39
8,275,4.812583664,1,1,31.75769806,0.709849429,8.307101617,0.588922982,42,39
8,276,4.870585296,1,1,29.12142017,0.63299686,9.88628043,0.437686412,41,39
8,277,4.584700105,1,1,29.33966992,0.59531243,11.19830119,0.356897088,40,39
8,278,4.500908875,1,0,94.27280118,0.550087846,12.27358318,0.611125117,39,39
8,279,4.385394375,1,1,34.70315377,0.665750832,17.39794758,0.51108688,38,39
8,280,5.171254239,1,1,34.31690511,0.752195234,13.03903979,0.466804666,37,39
8,281,5.155472551,1,1,29.97231845,0.627332048,15.2184242,0.557648753,36,39
8,282,5.192878842,1,1,32.24742873,0.58903595,10.57976063,0.908876452,35,39
8,283,5.184326341,1,1,23.856725,0.783697096,19.55448401,0.43669707,34,39
8,284,5.201047637,1,0,105.1186318,0.59854532,17.0348447,0.657771924,33,39
8,285,5.278644819,1,1,29.46413786,0.687830643,17.40292456,0.575927396,32,39
8,286,5.134787062,1,1,28.69514489,0.618140522,17.09789079,0.820781034,31,39
8,287,5.084640953,1,0,96.57739599,0.818502119,14.48055267,0.743308085,30,39
8,288,5.265034908,1,1,33.80605149,0.568536892,12.19410798,0.466006214,29,39
8,289,5.2997037,1,1,26.93459751,0.556528718,14.54718487,0.672674112,28,39
8,290,5.527013845,1,1,29.30277613,0.533912546,16.18122933,0.910139489,27,39
8,291,5.385712729,1,1,25.12580153,0.763930116,11.62145176,0.58122154,26,39
8,292,5.761293828,1,1,32.91717907,0.532000411,10.86380116,0.817984422,25,39
8,293,5.95181049,1,1,32.22498661,0.573691226,22.44797834,0.919304897,24,39
8,294,6.000511658,1,1,34.49004225,0.714068852,11.67468413,0.815769021,23,39
8,295,6.081370114,1,1,23.77321555,0.592582686,17.70305234,0.965341247,22,39
8,296,6.024029018,1,1,38.64206238,0.573678464,13.49486498,0.80339064,21,39
8,297,5.773662381,1,0,102.5976084,0.520004983,16.33788769,0.635107978,20,39
8,298,6.449227725,1,1,22.29635337,0.457232969,16.3111544,0.74177739,19,39
8,299,6.108298772,1,0,103.1526922,0.63872927,22.44662711,0.999438027,18,39
8,300,6.313980568,1,0,100.8210636,0.596391482,21.57067674,1.148416211,17,39
8,301,6.785162692,1,0,102.4279534,0.558811895,18.9761363,0.981817654,16,39
8,302,6.870044476,1,1,26.56047269,0.761832481,17.50023324,1.070033416,15,39
8,303,7.187888602,1,1,40.72009491,0.633389603,24.27834148,1.428459489,14,39
8,304,7.447782796,1,1,35.68167351,0.865183603,25.84905798,1.138307627,13,39
8,305,7.222080431,1,0,98.89343104,0.734886076,23.3025355,1.326894706,12,39
8,306,7.687383622,1,0,96.80072931,0.738421448,30.0855455,1.392021622,11,39
8,307,7.3854846,1,0,96.15390789,0.620818938,27.35102387,1.598291011,10,39
8,308,7.707362558,1,1,21.59669556,0.824039848,28.42114635,1.560539487,9,39
8,309,8.112532182,1,1,28.36051646,0.625739148,33.42774607,1.585915073,8,39
8,310,7.989210085,1,1,33.16068638,0.65940584,30.97731361,1.333238447,7,39
8,311,8.107009271,1,1,24.71290505,0.683148096,30.81625993,1.546399644,6,39
8,312,8.357800033,1,1,34.70489215,0.622207781,30.08218542,1.621975053,5,39
8,313,8.684457163,1,0,106.9828576,0.552171335,27.39085559,1.597312767,4,39
8,314,8.370822219,1,1,36.78356186,0.658802585,30.6749565,1.865286704,3,39
8,315,9.340878701,1,1,24.8696962,0.690865266,37.10215114,2.129829397,2,39
8,316,9.562782845,1,1,28.13641181,0.641297503,32.29549041,2.226607454,1,39
8,317,10.06058548,1,0,111.8622108,0.610913591,0,0.01488106,0,39
8,317,0,1,0,111.8622108,0.610913591,0,0.01488106,107,40
8,318,0,1,1,36.84300387,0.598871649,0,0,106,40
8,319,0.235848211,1,1,20.22809557,0.742299826,0,0.146289663,105,40
8,320,0.138787711,1,1,27.18211314,0.458298543,0,0.173928966,104,40
8,321,0.636237912,1,1,30.81476027,0.614190223,3.589242564,0.114680215,103,40
8,322,0.848173036,1,0,86.07336912,0.697090054,2.188537698,0.242915608,102,40
8,323,0.592586775,1,1,29.90197055,0.664252713,0,0.019914035,101,40
8,324,1.012120541,1,1,29.17520579,0.629432682,3.010910704,0,100,40
8,325,0.745358567,1,1,27.81367545,0.711682901,0,0,99,40
8,326,1.020074749,1,1,26.10416994,0.750790949,2.381555587,0.013220366,98,40
8,327,0.799857351,1,1,20.9389226,0.6269338,5.667362704,0,97,40
8,328,0.983328901,1,1,24.01936718,0.598920155,0,0.110566754,96,40
8,329,1.131171966,1,1,32.6739864,0.70255553,0,0,95,40
8,330,0.887883412,1,1,29.05448798,0.591213933,1.707818634,0.157249624,94,40
8,331,0.983525013,1,1,28.4029275,0.552873376,5.782632432,0.172824239,93,40
8,332,0.897686081,1,1,25.59729118,0.530635898,0.716164264,0,92,40
8,333,0.939153678,1,1,34.66755689,0.604947131,1.342247893,0.044621047,91,40
8,334,1.095501421,1,0,93.25944823,0.515994613,2.992958342,0.328097973,90,40
8,335,1.004262952,1,0,106.4945215,0.557477405,0,0,89,40
8,336,1.209478545,1,0,98.50882711,0.836286375,3.384724414,0.121064179,88,40
8,337,1.274249506,1,1,34.06673081,0.511708406,0,0.177388963,87,40
8,338,1.351249085,1,0,94.32433501,0.650834415,2.312974414,0,86,40
8,339,1.216090631,1,0,90.37278463,0.664410815,5.639101713,0.100008213,85,40
8,340,1.10383779,1,1,31.44810254,0.468382593,3.111001314,0.137220058,84,40
8,341,1.063828813,1,1,18.3543867,0.54902244,1.5323191,0.083931586,83,40
8,342,1.147692151,1,1,38.66701333,0.627613242,0,0,82,40
8,343,0.94254586,1,0,89.37923311,0.848634448,0.841978046,0.247720106,81,40
8,344,1.155176202,1,1,33.54249431,0.500119505,1.120559781,0,80,40
8,345,1.050468532,1,1,26.72475036,0.603783395,5.739186605,0.052060071,79,40
8,346,1.048452108,1,1,28.48846128,0.81485718,0,0.183987564,78,40
8,347,1.464235967,1,0,100.544181,0.64536845,5.592105236,0,77,40
8,348,1.804972011,1,1,37.33288987,0.678249567,2.777989934,0,76,40
8,349,1.38902009,1,1,34.46709094,0.585480761,3.185691149,0,75,40
8,350,1.45307916,1,1,32.62260587,0.58983475,0,0.257061517,74,40
8,351,1.551044491,1,0,112.2544824,0.527252461,6.78652337,0.328254231,73,40
8,352,1.635442235,1,1,29.57957548,0.591136521,3.664467593,0,72,40
8,353,1.64180161,1,1,24.0098696,0.699372831,2.474316816,0.2335243,71,40
8,354,1.769762448,1,1,36.50128086,0.51003863,3.04064375,0.225497986,70,40
8,355,1.698844373,1,0,93.64992133,0.66288037,5.044447048,0.101807125,69,40
8,356,1.935065858,1,1,28.86782564,0.609152834,0,0,68,40
8,357,1.949708729,1,1,29.56379333,0.792966244,0.413401987,0.102729591,67,40
8,358,2.056998318,1,1,32.41224441,0.581742423,0,0.45124405,66,40
8,359,2.001479441,1,1,34.88504138,0.6531094,6.635743767,0.171328488,65,40
8,360,2.178585138,1,1,37.38666967,0.892605901,3.130983189,0.446841855,64,40
8,361,2.125354905,1,1,20.1635855,0.821858623,1.238669439,0.163102447,63,40
8,362,1.860869086,1,1,31.25349898,0.684339001,3.392216268,0,62,40
8,363,1.844861958,1,1,25.45310795,0.695759914,0,0.035077986,61,40
8,364,2.003036865,1,0,96.60305878,0.736072084,0.610256536,0.315263486,60,40
8,365,2.07004983,1,1,31.52352489,0.602839327,5.118231695,0.24174478,59,40
8,366,2.167006047,1,1,31.94608694,0.657892493,5.687517546,0,58,40
8,367,2.868099234,1,1,29.2870069,0.552126576,9.177468524,0,57,40
8,368,2.739271909,1,1,22.51890136,0.747991725,1.013676768,0.384157887,56,40
8,369,3.162385531,1,1,33.072193,0.648181141,8.230350745,0.199061474,55,40
8,370,3.136351869,1,1,36.48863456,0.554080518,11.45078853,0.15854011,54,40
8,371,2.906443297,1,1,30.62525306,0.808097655,6.568905322,0.128945449,53,40
8,372,3.068324799,1,1,36.46119069,0.589605456,8.636002591,0.103478855,52,40
8,373,3.445754808,1,1,25.341902,0.60055153,10.9487459,0.317102964,51,40
8,374,3.390454933,1,1,34.59356081,0.548095559,12.41921485,0.08863926,50,40
8,375,3.481626396,1,0,92.67533337,0.826345638,13.04957106,0.468375814,49,40
8,376,3.206807221,1,1,26.75642024,0.495493455,8.597497977,0.464468545,48,40
8,377,3.538871221,1,1,31.82353775,0.73553426,5.218361244,0.457564169,47,40
8,378,3.733450758,1,0,94.94656441,0.731695218,8.120421925,0.356035842,46,40
8,379,3.479532206,1,1,27.78416943,0.604440785,4.45402621,0.220509754,45,40
8,380,3.762580128,1,1,29.33527095,0.636041982,13.95429097,0.227035354,44,40
8,381,3.622551487,1,0,101.1110322,0.728559772,11.74352458,0.242282375,43,40
8,382,3.973233687,1,1,38.72933033,0.707489737,11.31665611,0.437502949,42,40
8,383,4.137880081,1,1,29.21725781,0.725136372,13.50876232,0.620596578,41,40
8,384,4.265693308,1,1,35.87700535,0.765842725,12.13312783,0.360872897,40,40
8,385,4.221445984,1,0,101.8529819,0.717741635,12.61732977,0.297076068,39,40
8,386,4.172265953,1,1,26.21615007,0.613163843,10.14655829,0.563471844,38,40
8,387,4.611482877,1,1,24.82205031,0.520424699,4.945853745,0.388885644,37,40
8,388,4.384059238,1,0,94.45834526,0.650165956,12.27414786,0.597795224,36,40
8,389,4.750256048,1,0,103.8795157,0.490693587,10.36499388,0.325123767,35,40
8,390,4.696635241,1,0,89.50106225,0.775084278,9.692349197,0.775208622,34,40
8,391,4.751388528,1,1,35.79376245,0.579450636,10.53604154,0.481254642,33,40
8,392,4.944677419,1,1,35.74643945,0.528702197,15.21692148,0.820345938,32,40
8,393,5.399260492,1,1,32.70035181,0.791843674,10.52055501,0.309537575,31,40
8,394,5.225282092,1,0,100.9084762,0.659635841,16.14685619,0.594798155,30,40
8,395,5.118847789,1,1,27.60371527,0.558580469,16.74073805,0.800492982,29,40
8,396,5.264980582,1,1,25.69038473,0.674951936,19.85184009,0.618276322,28,40
8,397,5.541284869,1,1,34.13084229,0.612840979,17.33178831,0.599114222,27,40
8,398,5.185981112,1,1,40.54098135,0.528977597,18.33877953,0.742774505,26,40
8,399,5.411496195,1,1,24.53585465,0.647152702,9.009744081,0.80936397,25,40
8,400,5.880333469,1,1,37.10366509,0.822862701,16.45267855,0.889057504,24,40
8,401,5.953546114,1,1,18.43331383,0.781661729,20.25764956,0.819727677,23,40
8,402,5.720458288,1,0,99.96197144,0.594707216,22.85428435,0.958774861,22,40
8,403,5.993541428,1,1,32.72872337,0.476458746,16.96842274,0.938838454,21,40
8,404,6.01356472,1,1,32.1271997,0.74498838,22.08866797,0.798494056,20,40
8,405,6.397557087,1,1,33.28859101,0.641013801,17.67705316,0.864927646,19,40
8,406,6.259172828,1,1,32.33739934,0.609292924,24.7857015,1.059518469,18,40
8,407,6.595093017,1,0,95.76128716,0.637248629,16.3730025,1.219688808,17,40
8,408,6.659824193,1,0,93.13653505,0.959508901,20.10415067,1.431143771,16,40
8,409,6.536100165,1,1,27.78983937,0.464796264,19.91760557,1.139660873,15,40
8,410,6.660701702,1,1,26.61315224,0.596549008,24.43659327,1.064314981,14,40
8,411,6.620725221,1,1,29.48064614,0.731652581,25.57622041,1.264524887,13,40
8,412,6.901395276,1,0,112.0837196,0.686976858,25.66086998,1.194256352,12,40
8,413,6.856141507,1,0,87.71919525,0.74295676,20.33992505,1.111636478,11,40
8,414,7.053023015,1,1,21.96753602,0.83005158,23.86701593,1.515977697,10,40
8,415,7.357326014,1,0,95.79707557,0.508232402,27.64883522,1.613249128,9,40
8,416,7.78618455,1,1,23.83966028,0.746984525,25.61127954,1.623494282,8,40
8,417,8.05363782,1,0,93.2401115,0.617967974,25.82732896,1.792854738,7,40
8,418,7.908448387,1,0,100.9448612,0.530137247,27.52214008,1.775370002,6,40
8,419,8.020215368,1,1,29.28692436,0.612276411,35.16270507,1.635568369,5,40
8,420,8.343934973,1,1,30.9115337,0.720578244,33.69782091,1.660644308,4,40
8,421,8.354687307,1,1,35.31041484,0.552180514,30.04349144,1.714314206,3,40
8,422,8.888872216,1,1,31.45730441,0.595183552,33.50139421,2.115850023,2,40
8,423,9.403585992,1,0,96.226224,0.595765641,39.31918749,2.253059912,1,40
8,424,10.36223772,1,1,33.72114157,0.536219645,3.827460987,0.052934379,0,40
9,0,0,1,1,33.3466981,0.500181058,0,0,106,42
9,1,0.116795298,1,0,98.66347938,0.692345398,2.307279552,0,105,42
9,2,0,1,1,31.22375184,0.656891555,0,0.088943139,104,42
9,3,0.238780701,1,1,29.09009377,0.584694426,0,0.118653295,103,42
9,4,0.248165317,1,0,81.10133609,0.483187906,0,0,102,42
9,5,0.391001015,1,1,31.2953169,0.61880163,2.900272745,0.114784433,101,42
9,6,0.240775801,1,1,27.03583174,0.596009777,3.499628201,0.25511789,100,42
9,7,0.288851685,1,0,94.49309029,0.56273321,1.09915858,0.122357626,99,42
9,8,0.337326314,1,1,31.59206846,0.52581343,0,0,98,42
9,9,0.49495342,1,1,31.594084,0.682769003,0,0,97,42
9,10,0.34500486,1,0,107.3512304,0.839356565,0.195914345,0,96,42
9,11,0.590342153,1,0,94.31502396,0.670592713,7.945755505,0.129367562,95,42
9,12,0.391227791,1,1,30.19304391,0.616661052,0,0.208669888,94,42
9,13,0.643704204,1,1,24.62920015,0.529393639,2.811573158,0,93,42
9,14,0.806442974,1,1,26.45188667,0.519488054,0,0.138936897,92,42
9,15,0.514956104,1,1,33.69695283,0.53011081,9.675320831,0.13863619,91,42
9,16,0.673089037,1,1,29.63397713,0.720914022,0,0,90,42
9,17,0.720808202,1,1,30.97775144,0.819715679,0.832433863,0,89,42
9,18,1.128272146,1,1,24.10239235,0.672372681,0,0.239313373,88,42
9,19,1.226983715,1,0,97.36151948,0.639067097,0.202176868,0,87,42
9,20,1.583265871,1,1,33.92859074,0.644161997,1.173508978,0.000106701,86,42
9,21,1.643297972,1,1,20.97363815,0.66221168,0,0.265454491,85,42
9,22,1.704207001,1,1,33.5203586,0.651524765,5.60157073,0.05976072,84,42
9,23,1.512780416,1,0,101.6762252,0.664755914,0.510010268,0,83,42
9,24,1.55190215,1,0,105.9141611,0.618371234,0.869047171,0.200152121,82,42
9,25,2.068468053,1,1,25.6590811,0.697540188,3.180137545,0.140463871,81,42
9,26,2.610339336,1,1,26.24305561,0.723970203,3.610625074,0.019984838,80,42
9,27,2.608120182,1,1,34.02667001,0.602534644,3.337986694,0.194742398,79,42
9,28,2.411618391,1,1,37.0833316,0.859599281,0,0,78,42
9,29,2.640915816,1,0,93.31804949,0.555054254,4.800543243,0.265364696,77,42
9,30,2.422057311,1,0,99.41555156,0.595732695,3.952963092,0.12640356,76,42
9,31,2.735003432,1,1,29.52284366,0.581305991,5.282819653,0.156781886,75,42
9,32,2.504174492,1,1,28.66483512,0.793477109,4.74685663,0.332766561,74,42
9,33,2.67973202,1,0,106.2625312,0.675795062,10.69008885,0.362188487,73,42
9,34,2.634382546,1,1,34.58240934,0.773464641,0,0.32278208,72,42
9,35,2.625326715,1,0,90.8386431,0.52702632,4.229085845,0.194386775,71,42
9,36,2.834011559,1,0,92.18601946,0.811300516,5.85267603,0.584694358,70,42
9,37,2.809631405,1,1,35.58508479,0.567432201,4.345512747,0.081141156,69,42
9,38,2.716440677,1,0,104.4240549,0.742842863,5.817149815,0,68,42
9,39,2.842137336,1,0,98.81395737,0.552169825,9.023321297,0.245416809,67,42
9,40,2.809072943,1,0,91.66196945,0.623777424,2.786947223,0.128498644,66,42
9,41,2.99862308,1,0,93.47449074,0.560394274,7.445115542,0.310414683,65,42
9,42,2.897659548,1,0,103.7009195,0.722943539,5.413383307,0.074053999,64,42
9,43,3.07167772,1,1,30.26934225,0.740849151,3.544847818,0.257233665,63,42
9,44,2.975255601,1,0,98.4633539,0.660301117,5.944895838,0.354590355,62,42
9,45,3.028567653,1,0,94.03070849,0.6101282,5.748646418,0.484339761,61,42
9,46,3.181668253,1,1,30.83161297,0.615311189,10.62569013,0.43442969,60,42
9,47,3.264506576,1,1,24.80964963,0.643103829,8.920265703,0.381735073,59,42
9,48,3.185354394,1,1,40.86884203,0.403811829,3.427935077,0.197981457,58,42
9,49,3.43623072,1,0,89.17080684,0.558126166,1.425304589,0.094007494,57,42
9,50,3.206805168,1,1,32.56159614,0.871196156,3.571374483,0.195671895,56,42
9,51,3.206727004,1,1,33.15256851,0.706653614,8.407972659,0.402907987,55,42
9,52,3.308643304,1,1,27.98387172,0.752512603,8.693181163,0.246550417,54,42
9,53,3.432747581,1,1,26.85246017,0.638116737,2.460496411,0.579775048,53,42
9,54,3.198830494,1,1,27.51816511,0.679125596,8.673291711,0.32065578,52,42
9,55,3.238865303,1,1,24.15794493,0.67640303,5.087311902,0.274312525,51,42
9,56,3.548875964,1,0,82.20731274,0.50431048,6.211393974,0.464017746,50,42
9,57,3.530227756,1,1,29.43710795,0.500234438,5.405867975,0.173966336,49,42
9,58,3.271986171,1,1,31.47398525,0.668475434,3.832821522,0.127576655,48,42
9,59,3.494668908,1,1,30.65637221,0.788089383,8.693457807,0.343073268,47,42
9,60,3.523222673,1,1,36.33475196,0.750444753,6.725877757,0.174994092,46,42
9,61,4.204341015,1,0,109.9772429,0.579884529,15.48842325,0.428004387,45,42
9,62,4.559194881,1,0,106.7354155,0.499268304,13.2878506,0.362367137,44,42
9,63,4.657261974,1,1,23.53823243,0.628552591,8.407183279,0.380459686,43,42
9,64,4.282736651,1,1,27.07728135,0.555237238,14.36186813,0.504322717,42,42
9,65,4.953208373,1,0,104.6577945,0.748285735,13.9119526,0.779502791,41,42
9,66,4.91989413,1,0,93.84990968,0.597791803,16.59968771,0.750920585,40,42
9,67,4.828065181,1,0,103.0093345,0.606203004,15.14388126,0.562289283,39,42
9,68,4.969407712,1,0,99.99575261,0.735856216,12.14846775,0.652803503,38,42
9,69,4.946616554,1,0,109.9190423,0.61103225,13.85270404,0.337096611,37,42
9,70,4.900874259,1,1,28.65963519,0.688472798,13.44554238,0.571368158,36,42
9,71,4.945053457,1,1,37.52105356,0.598262083,18.80265648,0.492126229,35,42
9,72,5.047562229,1,1,34.21379426,0.658375434,11.22686778,0.670062011,34,42
9,73,4.985813929,1,1,38.39845229,0.632962579,16.49772596,0.883708989,33,42
9,74,4.887128859,1,1,30.24677613,0.900027588,18.06761902,0.792398592,32,42
9,75,5.205229117,1,1,33.84813846,0.807030569,19.79378894,0.630398483,31,42
9,76,5.106986009,1,1,22.47924248,0.657240264,14.68430911,0.570015617,30,42
9,77,5.449395538,1,0,105.6372715,0.577408383,19.40610971,0.655417779,29,42
9,78,5.621197593,1,1,29.69075607,0.846250128,16.58630064,0.929071601,28,42
9,79,5.702929506,1,1,28.99583969,0.727446293,13.93332761,0.867430413,27,42
9,80,6.072628415,1,0,92.03746286,0.684665057,16.23010926,0.730035947,26,42
9,81,5.728196122,1,1,33.22064764,0.748228186,13.66884387,0.951381839,25,42
9,82,5.935339696,1,1,33.92337077,0.766437321,14.73786418,0.915802954,24,42
9,83,6.328889851,1,1,27.38804291,0.589898233,15.18035216,0.91013081,23,42
9,84,6.2204506,1,1,38.63592904,0.677797988,15.49933302,1.119248393,22,42
9,85,6.41520492,1,0,102.5690343,0.617870501,16.15768135,0.825198704,21,42
9,86,6.185850957,1,1,32.88657641,0.531150852,20.13464904,0.946009176,20,42
9,87,6.59608621,1,1,30.01021118,0.531777795,19.56443829,0.922724601,19,42
9,88,6.476124056,1,0,96.38134984,0.756971559,22.65552268,1.279352097,18,42
9,89,6.41027627,1,1,40.19122253,0.543215412,17.50318369,0.765627112,17,42
9,90,6.324228501,1,1,29.39972297,0.719276775,20.03849693,1.10870129,16,42
9,91,6.394949977,1,0,106.7200848,0.718347641,17.41708568,1.441605955,15,42
9,92,6.209080882,1,1,31.14494878,0.488505667,18.14036083,0.84863403,14,42
9,93,6.734116833,1,1,26.55150858,0.726820213,21.26233304,1.032478944,13,42
9,94,6.891822057,1,0,96.83897332,0.554182994,21.84364126,1.317364743,12,42
9,95,6.974175144,1,1,32.80905848,0.762135014,23.78153027,1.238853854,11,42
9,96,7.014565911,1,1,28.70998653,0.711523591,20.12006328,1.10682945,10,42
9,97,7.071850182,1,0,110.2531939,0.62357694,20.64927005,1.2837226,9,42
9,98,7.453476278,1,1,27.20251835,0.651615419,29.0700715,1.444947592,8,42
9,99,7.316893853,1,1,29.63488938,0.731039121,24.11715259,1.320846786,7,42
9,100,7.39313642,1,1,30.49552615,0.589290591,28.94392139,1.30480582,6,42
9,101,7.921761952,1,1,25.0675862,0.642608939,28.64285947,1.52900764,5,42
9,102,8.652806682,1,0,95.92007706,0.672956119,33.62330332,1.714981792,4,42
9,103,8.859253289,1,1,26.63757186,0.592801524,35.8522641,1.726278202,3,42
9,104,8.869842977,1,1,25.35223427,0.498811783,35.51396129,2.161722426,2,42
9,105,9.411586763,1,1,31.72287699,0.640420083,38.75646486,2.302692984,1,42
9,106,9.832139958,1,0,113.0996109,0.710613694,6.398019457,0.002592317,0,42
9,106,0,1,0,113.0996109,0.710613694,6.398019457,0.002592317,105,43
9,107,0.094542409,1,0,106.345622,0.600125435,0,0,104,43
9,108,0.008675284,1,1,21.82542342,0.58699659,2.515877252,0.052492498,103,43
9,109,0.413814193,1,0,106.528248,0.593654246,0.870387967,0,102,43
9,110,0.397384027,1,0,110.6054956,0.539863234,2.91599216,0.014176873,101,43
9,111,0.355240801,1,1,33.9987777,0.569118901,2.97803547,0.000500711,100,43
9,112,0.190599328,1,1,34.74655297,0.654566931,0,0.108215089,99,43
9,113,0.689514017,1,1,26.88114757,0.524270019,3.820303036,0,98,43
9,114,1.01746877,1,1,33.90022797,0.579483274,2.43626449,0,97,43
9,115,1.120043081,1,1,27.32055575,0.629829868,0,0,96,43
9,116,0.929517997,1,0,99.49142754,0.567855576,5.011136761,0.393335126,95,43
9,117,0.854202514,1,1,33.76346732,0.797633188,0,0,94,43
9,118,0.944733035,1,1,31.88982134,0.846041652,0,0.021433474,93,43
9,119,0.953160517,1,0,92.02687886,0.590734264,0,0.032566063,92,43
9,120,0.967347622,1,1,35.06388108,0.659548935,0,0.212941473,91,43
9,121,0.819277814,1,1,26.83802759,0.636022517,0,0.075772431,90,43
9,122,0.935784887,1,1,34.16163075,0.547259809,0.220323676,0.038432696,89,43
9,123,0.756788914,1,0,104.8407169,0.567168441,2.274551693,0,88,43
9,124,1.253742293,1,0,92.94098501,0.852179076,0.430902632,0,87,43
9,125,1.212639948,1,0,100.4528711,0.693800024,6.548798056,0.261889917,86,43
9,126,1.081926777,1,1,31.35033644,0.648273556,1.034464436,0,85,43
9,127,1.378748726,1,1,38.23826292,0.620358329,6.411162032,0,84,43
9,128,1.571608831,1,1,34.3171112,0.749117372,5.930365283,0.165569816,83,43
9,129,1.224962684,1,1,32.24315525,0.668975899,2.855929249,0.210661241,82,43
9,130,1.558712542,1,1,39.28381732,0.594715156,3.236207267,0,81,43
9,131,1.155805039,1,0,105.7484743,0.566037976,5.980524222,0,80,43
9,132,1.328728362,1,0,97.71290795,0.684732779,1.014091569,0,79,43
9,133,1.337479761,1,0,102.2065655,0.498345606,0,0,78,43
9,134,1.655269226,1,1,28.41402662,0.622327812,2.116081013,0,77,43
9,135,1.34835632,1,1,30.60537775,0.676675049,3.494401697,0,76,43
9,136,1.506494356,1,1,22.22402758,0.544423764,4.326256029,0,75,43
9,137,1.664990551,1,1,28.72137945,0.529013266,2.517141788,0.260058232,74,43
9,138,1.309100076,1,0,84.5659516,0.529866206,1.463967668,0.022792266,73,43
9,139,1.542627169,1,1,21.88900326,0.660240699,0,0.076276393,72,43
9,140,1.836883291,1,1,20.24384396,0.572588531,1.554164588,0.073522842,71,43
9,141,1.428026181,1,1,24.74711897,0.425164968,5.631160368,0,70,43
9,142,1.739499579,1,0,112.9206034,0.59925649,1.094252373,0.334728618,69,43
9,143,1.6589099,1,1,28.44836193,0.657148838,3.580587833,0.16409377,68,43
9,144,2.049693096,1,0,99.30152762,0.795074837,3.334390349,0.439416936,67,43
9,145,1.976559596,1,1,31.47268139,0.628631498,0,0.234844273,66,43
9,146,2.305935556,1,0,100.1564961,0.710504158,6.220739284,0.353328509,65,43
9,147,2.139390604,1,1,28.87416371,0.639207,4.499398307,0.256257975,64,43
9,148,2.3658926,1,0,89.19331501,0.678872436,1.772777217,0.178357318,63,43
9,149,2.259508375,1,0,104.5868978,0.713104875,8.46593927,0.33324198,62,43
9,150,2.57953519,1,1,30.82064341,0.824099657,5.073480666,0.446638377,61,43
9,151,2.402154544,1,1,33.98676406,0.540000125,8.469588879,0.194176872,60,43
9,152,2.353112241,1,0,100.8674056,0.82364259,9.337944915,0,59,43
9,153,2.609537125,1,1,25.34101394,0.663542916,2.903874574,0.094860251,58,43
9,154,2.456747037,1,0,97.58067027,0.66249831,2.957516045,0.06267668,57,43
9,155,3.055676085,1,1,28.58643589,0.58658344,5.959890692,0.514562148,56,43
9,156,3.161513871,1,1,23.72728481,0.573685086,8.817624657,0.29760563,55,43
9,157,2.983086086,1,0,101.0621274,0.733700527,5.447966,0.212656993,54,43
9,158,2.81918569,1,1,33.63302876,0.701161534,6.503506451,0.312420359,53,43
9,159,3.078982532,1,0,104.1446679,0.558836509,4.094398637,0.327974539,52,43
9,160,2.920656945,1,0,113.4153833,0.656703853,3.445322404,0.120001309,51,43
9,161,3.017910372,1,1,24.635601,0.611799385,9.423708186,0.311980106,50,43
9,162,3.162225242,1,1,37.11056454,0.591300835,11.39539954,0.057705183,49,43
9,163,3.224424746,1,1,38.76868423,0.495563883,15.27178631,0.374990563,48,43
9,164,3.467650074,1,0,89.85674284,0.569018606,5.191634429,0.173879368,47,43
9,165,3.725981853,1,1,28.45115626,0.72390503,11.58965119,0.412939002,46,43
9,166,3.489330966,1,0,113.6094285,0.747503546,14.0112925,0.472159612,45,43
9,167,3.726514898,1,1,35.64399522,0.734691431,8.728767785,0.503152511,44,43
9,168,3.659097409,1,1,23.75703893,0.695415752,15.72287362,0.240264272,43,43
9,169,4.058108762,1,1,27.80896511,0.705359958,9.279305519,0.524617997,42,43
9,170,3.85459717,1,0,91.84665442,0.633019148,8.502045181,0.438476997,41,43
9,171,4.328636253,1,1,36.5892183,0.648741214,14.38367291,0.516668571,40,43
9,172,3.96777688,1,0,104.1187343,0.734152991,7.173320946,0.3716892,39,43
9,173,4.552137624,1,1,33.34629355,0.65383268,13.57696531,0.628131501,38,43
9,174,4.158081028,1,0,100.2990317,0.73150408,2.818728659,0.412445825,37,43
9,175,4.465647956,1,0,109.2247692,0.844381494,7.549407628,0.693784012,36,43
9,176,4.279377058,1,1,32.84346817,0.69122688,10.69953684,0.387078487,35,43
9,177,4.580843254,1,0,109.813823,0.708514664,12.82574332,0.428011499,34,43
9,178,4.452729628,1,1,28.27411637,0.615029996,15.81884869,0.81858656,33,43
9,179,5.220620093,1,1,32.94883166,0.634058301,13.16745349,0.422360067,32,43
9,180,5.168706184,1,1,27.31981533,0.53827789,11.63056844,0.754020989,31,43
9,181,4.853503267,1,1,36.82708192,0.887811138,20.45900522,0.491329589,30,43
9,182,5.173603811,1,1,30.96490994,0.502349118,19.92475257,0.780682528,29,43
9,183,5.078793203,1,0,94.97743386,0.741447556,9.652870514,0.849729061,28,43
9,184,5.15975546,1,1,36.9777633,0.594233075,9.964403533,0.569589284,27,43
9,185,4.937348127,1,0,88.13534595,0.60272739,13.99135576,0.844339896,26,43
9,186,5.180961757,1,1,30.10657299,0.53879488,16.74216378,0.516720507,25,43
9,187,5.349606268,1,1,29.20272658,0.700770379,14.13170221,0.960228695,24,43
9,188,5.534657364,1,0,87.91856108,0.671429331,17.74105148,0.794148053,23,43
9,189,6.065926965,1,1,33.02850316,0.473727616,20.88905651,1.064723773,22,43
9,190,5.979749212,1,1,39.67280044,0.800285921,20.50067164,1.196921494,21,43
9,191,6.199099354,1,0,106.2171938,0.572790367,18.71834445,0.910586468,20,43
9,192,6.06791829,1,1,31.10589713,0.740314277,17.73028038,1.040747313,19,43
9,193,6.290514826,1,1,30.89333373,0.688297027,15.10915281,0.725656365,18,43
9,194,6.660968659,1,1,30.05895394,0.648122917,23.50996849,1.132468765,17,43
9,195,6.825953286,1,0,93.79322082,0.675315108,25.525565,0.934926002,16,43
9,196,7.05619148,1,0,109.0775458,0.709328239,25.32050558,1.168070577,15,43
9,197,7.076974365,1,1,32.19315303,0.672695417,24.0216759,1.409328499,14,43
9,198,7.238392496,1,1,37.28287388,0.581376473,23.52572552,1.195117474,13,43
9,199,6.874092703,1,1,23.59227441,0.706893735,27.7985253,1.150487913,12,43
9,200,7.525156683,1,0,91.5372121,0.574974275,23.40602169,1.387744115,11,43
9,201,7.3871814,1,0,93.73182039,0.648960828,27.85656509,1.527425835,10,43
9,202,7.584018589,1,0,95.56054273,0.676872152,22.61275941,1.222133777,9,43
9,203,7.994720379,1,1,33.28237261,0.642613725,30.72374881,1.48129329,8,43
9,204,8.5288299,1,1,27.94213346,0.571067366,26.27960342,1.793395818,7,43
9,205,8.207105536,1,1,30.26015386,0.713595712,36.26282664,1.556164363,6,43
9,206,8.666250454,1,1,29.73783597,0.842927412,29.81386397,2.149161014,5,43
9,207,8.817353173,1,1,32.44112476,0.577595574,26.51886814,1.90641195,4,43
9,208,9.076184848,1,0,103.916052,0.548450375,38.84596463,2.134100317,3,43
9,209,9.641615543,1,1,29.02744399,0.706198678,33.43051694,2.052699487,2,43
9,210,9.575659159,1,1,24.46535981,0.64792193,37.6398128,2.414305776,1,43
9,211,11.49389058,1,1,40.64957018,0.74119339,3.522461817,0.472442601,0,43
9,211,0,1,1,40.64957018,0.74119339,3.522461817,0.472442601,73,44
9,212,0.010612481,1,1,35.75783799,0.388984395,0,0,72,44
9,213,0,1,1,35.10733482,0.647227413,0,0.009777658,71,44
9,214,0,1,1,29.32057679,0.61418794,0,0.090593296,70,44
9,215,0,1,1,33.91425065,0.495772655,0.490167321,0.024233625,69,44
9,216,0.076755991,1,0,106.2604621,0.82833733,0,0,68,44
9,217,0,1,1,31.87017827,0.528216713,2.495375248,0,67,44
9,218,0.036644198,1,1,33.18867265,0.574587043,0,0,66,44
9,219,0.148104635,1,0,99.71034148,0.623436624,2.868815404,0,65,44
9,220,0.338386273,1,0,100.571481,0.569571475,0,0.118636365,64,44
9,221,0.068719959,1,1,30.69775686,0.673556133,2.656495415,0,63,44
9,222,0.380987276,1,1,33.70927926,0.761923671,1.840675615,0,62,44
9,223,0,1,1,38.9283527,0.540865163,0,0.101132631,61,44
9,224,0.468173658,1,1,18.6059201,0.735156643,0.02816916,0,60,44
9,225,0.430882992,1,1,32.21324031,0.654757282,3.179255318,0.063289936,59,44
9,226,1.197005064,1,0,103.3470668,0.749300398,4.280222478,0,58,44
9,227,1.20146157,1,1,30.64412352,0.578419564,0.195312728,0,57,44
9,228,0.924717782,1,1,26.67806407,0.84773946,2.489584961,0.10062473,56,44
9,229,1.050346302,1,1,18.80477588,0.480156533,1.648170567,0,55,44
9,230,1.352591806,1,0,92.54037201,0.718188325,3.135186002,0.176462646,54,44
9,231,1.593340926,1,1,36.67552828,0.768380531,6.670741694,0.201707744,53,44
9,232,1.173785658,1,0,105.6679754,0.773140748,0,0,52,44
9,233,1.828456976,1,1,25.26905955,0.695525428,7.609504971,0.010334937,51,44
9,234,1.868805485,1,1,24.68567305,0.728579613,9.871279927,0.019448715,50,44
9,235,2.120787665,1,1,42.8970323,0.686168197,0,0,49,44
9,236,2.454042094,1,1,25.95249287,0.728428524,6.446892736,0.299826099,48,44
9,237,2.077201124,1,0,93.42287712,0.573352535,4.329171126,0.178622777,47,44
9,238,2.103795789,1,1,25.10679228,0.577339413,4.000808528,0,46,44
9,239,2.131054061,1,1,29.07081429,0.718827535,2.40079592,0.217684967,45,44
9,240,2.34091615,1,1,32.74810904,0.553060993,4.205566952,0.033058078,44,44
9,241,2.352917515,1,1,30.64315967,0.66255825,4.469195181,0.239908136,43,44
9,242,2.540944396,1,1,23.50414807,0.658571148,4.654151966,0.186947752,42,44
9,243,2.508865944,1,0,93.31021188,0.901037012,6.926361651,0.218756283,41,44
9,244,2.715912976,1,0,102.9741825,0.443359601,5.28223976,0.304224663,40,44
9,245,2.882962779,1,1,27.93871177,0.521880827,3.436986328,0.079754198,39,44
9,246,3.279729334,1,1,25.37231543,0.639173401,8.917975409,0.393454225,38,44
9,247,3.377865502,1,1,30.83811336,0.630746282,9.361375343,0.346646893,37,44
9,248,3.664054888,1,0,103.8053139,0.647634231,6.302419958,0.450333436,36,44
9,249,3.509776606,1,1,30.17068666,0.755163526,11.31793715,0.470711826,35,44
9,250,4.020634323,1,1,25.29855966,0.63960638,7.71573774,0.448736522,34,44
9,251,3.864894081,1,0,104.547882,0.675530173,7.251716504,0.234026701,33,44
9,252,3.744373664,1,0,102.8172607,0.625280457,10.18798221,0.183196102,32,44
9,253,4.386159211,1,1,22.24746152,0.644589125,8.619997922,0.628497616,31,44
9,254,4.575058937,1,1,27.32043956,0.778353043,15.95754011,0.581070645,30,44
9,255,5.073605805,1,1,28.60374163,0.601706746,12.34207424,0.70825129,29,44
9,256,4.693705627,1,0,96.05309334,0.780418095,11.53969549,0.73508603,28,44
9,257,4.945178716,1,1,35.24686362,0.749039695,14.47913711,0.472885486,27,44
9,258,4.959338966,1,0,106.9964952,0.682600129,13.16341592,0.604175292,26,44
9,259,4.627767034,1,1,26.85207236,0.793330405,18.88328571,0.559597,25,44
9,260,4.967732215,1,1,33.46401181,0.606049424,19.26685479,0.563996834,24,44
9,261,4.914420063,1,0,108.7611552,0.725643406,13.11557676,0.914720647,23,44
9,262,5.268732456,1,0,98.87972185,0.717793666,17.36968995,0.782929092,22,44
9,263,5.147215829,1,0,89.3009663,0.512222957,11.44689184,0.483938893,21,44
9,264,5.308964539,1,0,104.3739374,0.594610088,16.27653804,0.887439881,20,44
9,265,5.07056934,1,1,30.61248302,0.747052328,16.08913008,0.799926989,19,44
9,266,5.201822211,1,1,23.46828721,0.584409268,15.94509561,0.67974023,18,44
9,267,5.378296845,1,1,31.11078342,0.608513667,10.08155123,0.477622999,17,44
9,268,5.391806357,1,1,30.43297828,0.609015086,11.51205546,0.537174364,16,44
9,269,5.863436068,1,0,85.73885108,0.656756106,12.63847912,0.829017398,15,44
9,270,5.859954017,1,1,25.8819884,0.673369457,15.43011343,0.833544693,14,44
9,271,6.121090408,1,0,101.5451851,0.454430561,21.89126376,1.005360954,13,44
9,272,6.033593772,1,1,32.82294855,0.64160537,28.86596025,0.972166299,12,44
9,273,6.923354972,1,1,36.91451875,0.566976977,20.54515885,1.02559812,11,44
9,274,6.828361656,1,1,36.78339486,0.784252825,19.25819942,1.299852808,10,44
9,275,6.832726729,1,0,94.64229468,0.565773873,24.57876171,1.422945673,9,44
9,276,7.064029182,1,1,23.070377,0.597025482,22.6442124,1.518168017,8,44
9,277,7.228638403,1,1,25.07543747,0.734300911,24.28260927,1.30577006,7,44
9,278,7.663035721,1,0,103.5238925,0.46409041,23.76852416,1.33947921,6,44
9,279,8.023883821,1,1,24.3066956,0.603828232,27.32879278,1.66047942,5,44
9,280,8.00338044,1,1,29.88058779,0.384211606,27.88556303,1.571046744,4,44
9,281,8.980506204,1,0,110.117887,0.536529478,32.06694897,1.880669237,3,44
9,282,9.50736792,1,1,43.22786485,0.594504447,36.7677214,2.24321212,2,44
9,283,9.924926941,1,0,96.6242544,0.661380988,36.78755023,2.407211934,1,44
9,284,10.16062697,1,1,37.34058813,0.475933576,0.904811642,0,0,44
9,284,0,1,1,37.34058813,0.475933576,0.904811642,0,94,45
9,285,0,1,0,96.55934732,0.494686525,0,0,93,45
9,286,0.044982659,1,0,109.5513958,0.536868255,5.276934226,0.241479002,92,45
9,287,0.310417023,1,1,21.50982239,0.402430055,3.579982912,0,91,45
9,288,0,1,1,27.26210667,0.62343575,3.486317641,0.146348485,90,45
9,289,0.40348535,1,1,32.94735714,0.6578342,4.42697218,0.206790802,89,45
9,290,0.228896563,1,0,87.69332618,0.588153012,2.317023447,0.301192807,88,45
9,291,0.035075384,1,1,32.97813438,0.721663113,0,0.092184036,87,45
9,292,0.025538442,1,1,32.49355919,0.720588886,4.417475832,0.25197683,86,45
9,293,0.038973679,1,1,30.50468097,0.610613867,0,0,85,45
9,294,0.319412613,1,0,100.448548,0.774809267,0,0.189169074,84,45
9,295,0.30526788,1,0,94.19151831,0.740558067,0,0.04851075,83,45
9,296,0.25633998,1,1,22.52546103,0.609148964,0.152095858,0,82,45
9,297,0.387547307,1,1,36.0400642,0.613040744,1.846995332,0,81,45
9,298,0.392407971,1,0,103.7750003,0.447242887,0.29580758,0,80,45
9,299,0.52851786,1,1,27.83787861,0.793934507,0,0,79,45
9,300,0.801720398,1,1,26.32879031,0.699217126,0,0,78,45
9,301,0.489080916,1,1,30.07219822,0.610144543,0,0.060225211,77,45
9,302,0.47450276,1,0,101.7889912,0.594761986,0,0.172225418,76,45
9,303,0.416036316,1,0,102.7061236,0.687165211,0,0,75,45
9,304,0.426441176,1,1,25.98459957,0.592224886,4.317630765,0.076487563,74,45
9,305,0.547679112,1,1,29.10276103,0.699644386,1.605217292,0.223163499,73,45
9,306,1.072490989,1,1,28.5477308,0.553321109,0.340389172,0,72,45
9,307,1.215790418,1,1,31.90039644,0.618918016,1.443672602,0.284596393,71,45
9,308,0.685377811,1,1,30.07757023,0.544554216,0,0,70,45
9,309,1.095310348,1,1,29.34113663,0.646063053,3.247362627,0.082256602,69,45
9,310,0.862103576,1,1,33.62402531,0.549959809,6.479078907,0,68,45
9,311,0.775599559,1,1,21.97998428,0.618191019,0,0.091197463,67,45
9,312,0.80558397,1,0,112.1705442,0.530955885,0.198033389,0.047109225,66,45
9,313,0.828997067,1,1,27.35990322,0.675852771,0,0,65,45
9,314,1.613446443,1,0,98.40457464,0.675002113,6.219001182,0.03142732,64,45
9,315,1.459646981,1,1,25.06421908,0.518112347,6.591249509,0.025542948,63,45
9,316,1.743650925,1,1,31.00072132,0.895193201,0.81725027,0.082967105,62,45
9,317,1.471715475,1,1,28.96107055,0.480560418,3.624206381,0.080162714,61,45
9,318,1.921723396,1,1,28.20605593,0.648218856,10.01023364,0.107828175,60,45
9,319,2.075897822,1,1,32.12716111,0.456716702,6.454197541,0.20372732,59,45
9,320,2.302651332,1,1,23.60913662,0.700895989,3.763501081,0.227757079,58,45
9,321,2.281353776,1,1,28.39117139,0.533839542,8.328511043,0.110131953,57,45
9,322,2.320044207,1,1,31.29684594,0.592831476,1.002683293,0.271695669,56,45
9,323,2.306986079,1,1,17.19663239,0.729560578,5.39159868,0.214190094,55,45
9,324,2.739833351,1,0,107.5590754,0.690128281,2.440569935,0.109315426,54,45
9,325,2.661550406,1,0,111.2828393,0.698800751,3.66823733,0.17194244,53,45
9,326,3.376790788,1,1,24.98580147,0.643922641,9.051408517,0.127516606,52,45
9,327,3.112503574,1,0,99.61173817,0.588486526,9.372442602,0.304696556,51,45
9,328,3.082857581,1,1,25.23636063,0.603868833,0.761132121,0.320990299,50,45
9,329,3.321598571,1,1,30.1193528,0.470659802,0,0.119066485,49,45
9,330,3.529333754,1,1,26.87038513,0.724513652,9.139582614,0.23495083,48,45
9,331,3.629318458,1,1,25.39793028,0.685599541,2.676108579,0.44620348,47,45
9,332,3.866652293,1,0,101.7080811,0.500696386,8.398755509,0.317209809,46,45
9,333,3.667653308,1,1,32.58661782,0.46102036,4.130949053,0.48528155,45,45
9,334,3.785976686,1,1,36.3504254,0.708061009,10.20648493,0.380542931,44,45
9,335,3.889381682,1,0,106.0667595,0.603184259,6.930306264,0.222456641,43,45
9,336,3.772103334,1,0,107.7796153,0.53904116,8.383678036,0.586234345,42,45
9,337,3.80992029,1,1,22.94720096,0.57655952,7.724075222,0.447857384,41,45
9,338,3.524749102,1,1,26.167785,0.649072145,12.99516407,0.425880586,40,45
9,339,3.664940442,1,0,91.41429496,0.723979625,11.53409239,0.410768495,39,45
9,340,3.830192101,1,1,28.6271754,0.588465123,10.03314106,0.612927135,38,45
9,341,3.940741613,1,1,22.26836419,0.541358825,8.711167662,0.332729947,37,45
9,342,4.097334404,1,1,34.30695474,0.674758597,9.130019149,0.498533158,36,45
9,343,4.323870608,1,1,33.40299986,0.561027058,9.781795972,0.471510794,35,45
9,344,4.249217691,1,0,101.7250243,0.776502331,8.419427528,0.543057236,34,45
9,345,4.344422875,1,1,29.52784779,0.663044956,10.83233105,0.436908287,33,45
9,346,4.296624403,1,0,105.0213097,0.459862483,11.09120415,0.540303014,32,45
9,347,4.372558128,1,0,100.1888751,0.618723342,10.2368407,0.43878455,31,45
9,348,4.752308368,1,0,112.7635061,0.450407867,18.15173667,0.760101572,30,45
9,349,4.677835051,1,1,24.98157817,0.667520491,15.6438634,0.485050628,29,45
9,350,4.431232512,1,1,31.98226058,0.646331701,10.58589528,0.742609737,28,45
9,351,4.984493206,1,0,83.20991134,0.592956438,16.29170158,0.543889013,27,45
9,352,4.741310113,1,1,28.09476637,0.598793271,17.78769261,0.494296083,26,45
9,353,4.670544341,1,1,33.63318881,0.450651209,8.242759011,0.316919961,25,45
9,354,4.925475208,1,1,29.54359938,0.612804514,16.70895422,0.894678278,24,45
9,355,5.120242525,1,0,90.68832284,0.751714188,14.03617887,0.699839595,23,45
9,356,5.359976155,1,1,36.94615974,0.593197466,9.684488166,0.716864954,22,45
9,357,5.408279384,1,1,25.48299732,0.642182411,19.02359549,0.485154386,21,45
9,358,5.542183543,1,0,90.93770642,0.758880278,14.77447097,0.743842015,20,45
9,359,5.277984016,1,0,103.9471613,0.695721958,14.99341463,0.971356377,19,45
9,360,5.636310458,1,1,33.3972427,0.62868854,15.95295036,0.849663514,18,45
9,361,5.686504642,1,1,20.92999752,0.609610906,15.69765195,0.866463999,17,45
9,362,5.871009777,1,1,30.84229528,0.673873127,13.5571716,0.996219115,16,45
9,363,5.820762496,1,1,35.12746956,0.685626057,15.70005346,0.979685061,15,45
9,364,6.448683604,1,1,36.13615882,0.78336708,19.48055334,0.914130234,14,45
9,365,6.812664128,1,1,27.4505959,0.69444615,23.69291878,0.990179317,13,45
9,366,7.182748244,1,1,27.31519648,0.74744957,23.16027417,1.156513565,12,45
9,367,6.97070766,1,1,29.7037595,0.551917704,21.81546201,1.138343509,11,45
9,368,7.063385177,1,1,25.92957928,0.662975817,15.45815734,1.023216386,10,45
9,369,7.34291684,1,1,33.93559248,0.553094246,19.72792489,1.060743926,9,45
9,370,7.139495393,1,0,108.065461,0.649535967,26.96679608,1.530672355,8,45
9,371,8.21213772,1,0,108.7321966,0.945275585,29.29962651,1.767782788,7,45
9,372,8.038567932,1,1,33.05931736,0.66634984,23.77094669,1.646381485,6,45
9,373,8.664887468,1,0,106.1194487,0.640687313,31.0802969,1.793638139,5,45
9,374,8.91851424,1,1,34.99194008,0.74047316,36.01952341,1.895754847,4,45
9,375,9.260976966,1,1,26.07285135,0.444235971,40.08881827,2.227704042,3,45
9,376,9.415727567,1,1,24.13531941,0.768020226,37.64384006,2.004633872,2,45
9,377,9.643891472,1,1,35.79894828,0.640627992,38.36408359,2.407662415,1,45
9,378,10.47252354,1,1,25.39044839,0.625279455,3.06872888,0,0,45
10,0,0,2,1,30.40127398,0.679238369,0,0,118,47
10,1,0.258634433,2,1,24.49178122,0.474117623,0,0,117,47
10,2,0.042304247,2,1,28.24795069,0.435628627,0,0,116,47
10,3,0,2,1,31.49136588,0.582701341,0,0.070541658,115,47
10,4,0.368855766,2,1,29.04301351,0.39942656,3.597594452,0.08390591,114,47
10,5,0.440297132,2,0,102.0090665,0.583991324,0,0.146683018,113,47
10,6,0.340222547,2,1,24.82183066,0.712068092,0,0,112,47
10,7,0.638018482,2,0,95.65912025,0.439304423,1.894319004,0,111,47
10,8,0.751529284,2,1,31.61140354,0.483163666,0,0,110,47
10,9,0.93076831,2,1,39.72252276,0.457717584,0,0,109,47
10,10,0.919458394,2,1,31.99980901,0.578254662,0,0.160582086,108,47
10,11,0.862325439,2,1,26.80816198,0.552065191,0.390688951,0.227984362,107,47
10,12,0.908374629,2,1,38.07242485,0.405273111,2.816633767,0.348232141,106,47
10,13,0.939580875,2,1,32.53886504,0.759881044,7.313380892,0.394741261,105,47
10,14,0.911919276,2,1,28.29281417,0.514554533,0.331232767,0,104,47
10,15,1.241581717,2,0,91.73513634,0.498626537,7.387643536,0.091097576,103,47
10,16,1.072740988,2,0,104.4177446,0.604781889,7.355075371,0.077876846,102,47
10,17,1.235316966,2,1,39.97677768,0.484407131,2.326582282,0.072237481,101,47
10,18,1.227328464,2,1,34.96933733,0.518433452,0,0,100,47
10,19,1.169340593,2,1,22.30432104,0.541815949,3.81721446,0.178130073,99,47
10,20,1.227392132,2,1,22.09267662,0.48297937,3.479434114,0,98,47
10,21,1.217628758,2,1,34.89524925,0.467948008,0,0.104963792,97,47
10,22,1.227001489,2,1,28.85948962,0.5166974,0.630957207,0.277429189,96,47
10,23,1.462033623,2,1,39.32572451,0.57129847,0.757951117,0.017483604,95,47
10,24,1.253391158,2,0,116.7802815,0.583137088,9.456272847,0.364015176,94,47
10,25,1.366165363,2,1,32.05530647,0.371613206,4.209833259,0,93,47
10,26,1.474403656,2,1,32.09829677,0.429760292,0,0.08309526,92,47
10,27,0.794639283,2,1,18.18134536,0.734771935,5.803941458,0.179450762,91,47
10,28,1.397176509,2,1,33.4027276,0.690495731,2.111347534,0.131247185,90,47
10,29,1.558703921,2,1,26.75054509,0.498517536,2.392656234,0,89,47
10,30,1.502616632,2,0,93.39012048,0.511757943,5.882034957,0.200736337,88,47
10,31,1.638956136,2,0,100.7882243,0.488368937,6.466096543,0.232069318,87,47
10,32,1.530946445,2,0,95.41920642,0.619667341,3.102932746,0.02970433,86,47
10,33,1.743942475,2,1,36.03363204,0.520431503,9.811666421,0.144392464,85,47
10,34,2.163783192,2,1,31.96350496,0.71387527,8.396223613,0.340707416,84,47
10,35,1.746915508,2,1,36.35825735,0.595091583,8.791616086,0.099327622,83,47
10,36,2.311256351,2,0,118.7793927,0.753264876,2.669527469,0.013869217,82,47
10,37,2.346622248,2,0,100.9798173,0.634694224,0.621660035,0.137160367,81,47
10,38,2.425217354,2,1,23.4485319,0.602407826,5.556797465,0.362430614,80,47
10,39,2.470528707,2,0,94.11544817,0.640708941,1.8797506,0.24674266,79,47
10,40,2.359061237,2,0,99.67549213,0.447570877,0,0.3949747,78,47
10,41,2.313988906,2,0,103.7882514,0.51921954,4.546036595,0.102597204,77,47
10,42,2.680595668,2,1,30.00963194,0.58160078,11.53451477,0.101869714,76,47
10,43,2.656115262,2,0,98.06864633,0.664212753,0,0.191200829,75,47
10,44,2.214014358,2,0,100.4827856,0.72439109,4.548996771,0.089940293,74,47
10,45,2.589772002,2,1,30.1835638,0.585340648,4.138768155,0.188734179,73,47
10,46,2.606072683,2,0,89.41208713,0.447211366,3.033577662,0.09028132,72,47
10,47,2.399524452,2,1,29.96592119,0.544905094,2.430301141,0.049469406,71,47
10,48,2.202360363,2,1,40.28077247,0.572380019,2.311092246,0.066935261,70,47
10,49,2.720677717,2,1,32.66036693,0.499387904,6.390346633,0.137746577,69,47
10,50,2.383596026,2,1,25.78888067,0.570116274,2.016732118,0.190582306,68,47
10,51,2.793639141,2,0,100.1974917,0.485533579,5.410492385,0.408885484,67,47
10,52,2.931308696,2,1,28.13554452,0.535460601,4.835851749,0.110623949,66,47
10,53,2.904515782,2,1,25.21772462,0.553165455,1.711673557,0.174526057,65,47
10,54,2.829386539,2,1,30.40895779,0.617468555,2.548447411,0.225236132,64,47
10,55,3.172678422,2,1,31.43314548,0.519202969,3.402283169,0.353381355,63,47
10,56,3.398184444,2,1,28.06520457,0.685127709,5.13449169,0.141873605,62,47
10,57,3.112950499,2,0,97.16829194,0.532574436,4.384103644,0.212779625,61,47
10,58,3.152469392,2,1,24.18374756,0.639416761,0,0.226402826,60,47
10,59,3.303581266,2,0,92.08802173,0.241284578,5.910127547,0.376749287,59,47
10,60,3.258041999,2,1,30.67441097,0.555386809,2.911310077,0.021192556,58,47
10,61,3.144006145,2,1,25.35919478,0.52070683,9.877053978,0.299166042,57,47
10,62,3.384412601,2,1,29.25415337,0.65475639,5.973140712,0.10414538,56,47
10,63,2.977063796,2,0,90.3992819,0.543625453,7.203288423,0.284257203,55,47
10,64,3.23536384,2,1,22.64629545,0.392737976,7.144294552,0.34547398,54,47
10,65,3.422031814,2,1,25.83183161,0.562252422,11.01098863,0.248679234,53,47
10,66,3.440064693,2,1,24.29681278,0.561824235,9.759110745,0.032560378,52,47
10,67,3.203541315,2,1,28.9595052,0.514809611,9.462477304,0.317015627,51,47
10,68,3.678994563,2,1,27.584883,0.66455932,8.858413081,0.505621583,50,47
10,69,3.621644634,2,0,102.820624,0.54805299,9.983040634,0.444659534,49,47
10,70,3.774603347,2,1,30.07840978,0.546661612,8.872246564,0.288074902,48,47
10,71,3.921891972,2,1,18.99196744,0.633725002,13.45873023,0.333506482,47,47
10,72,3.953193026,2,1,30.21343782,0.542100019,10.94434115,0.49166299,46,47
10,73,3.74087472,2,1,40.96712045,0.727814334,11.51581641,0.421990553,45,47
10,74,3.874211243,2,0,86.11389017,0.740437414,8.407575139,0.419573912,44,47
10,75,3.984938141,2,0,95.27665009,0.587549468,13.43572634,0.35967161,43,47
10,76,4.167857245,2,1,20.77925795,0.637360983,10.14037066,0.308117235,42,47
10,77,3.983716172,2,1,30.60249443,0.522303732,13.74702741,0.444926665,41,47
10,78,3.991823837,2,1,30.47784109,0.478496837,5.715148044,0.552705525,40,47
10,79,3.843496898,2,0,96.00106442,0.616394254,10.14651257,0.437893572,39,47
10,80,4.046371447,2,0,106.0802562,0.687229565,8.818204282,0.668907055,38,47
10,81,4.564648532,2,1,19.29343905,0.598865047,16.29318918,0.39401279,37,47
10,82,4.601125721,2,0,107.0305061,0.586182405,13.20853467,0.49411377,36,47
10,83,4.624235038,2,1,38.117232,0.567031721,15.40287165,0.43091394,35,47
10,84,4.751299657,2,1,40.43708456,0.629836697,10.85628495,0.662817911,34,47
10,85,4.417743473,2,1,40.98058957,0.344617671,13.4226589,0.427694511,33,47
10,86,4.84295532,2,1,28.64217973,0.328619106,13.24867277,0.590486497,32,47
10,87,5.037999903,2,1,37.91760674,0.5530022,12.81783715,0.943570067,31,47
10,88,5.16717219,2,1,36.10471785,0.513455069,9.343609733,0.621374971,30,47
10,89,5.241798981,2,0,105.9262499,0.486391359,12.01948675,0.404274991,29,47
10,90,5.165958484,2,0,93.61723845,0.451968902,16.60527924,0.765328041,28,47
10,91,4.994345637,2,0,103.1659116,0.57946665,14.08220686,0.607866316,27,47
10,92,4.904822931,2,1,34.03776975,0.631729775,14.03418971,0.596079336,26,47
10,93,5.518962535,2,1,28.34307934,0.417147273,14.68975008,0.993405064,25,47
10,94,5.699755082,2,1,34.76324953,0.523484203,12.205223,0.847789812,24,47
10,95,5.422090543,2,0,106.3371272,0.462449692,22.32883071,0.792974105,23,47
10,96,5.899332519,2,1,25.531199,0.550995401,18.42942016,0.859224927,22,47
10,97,5.812622157,2,1,27.34176359,0.684106915,18.61571344,0.755046561,21,47
10,98,6.2732022,2,1,28.61946867,0.642396396,20.53505139,0.853476477,20,47
10,99,6.258806132,2,1,30.81806081,0.567517816,16.97863351,1.090497602,19,47
10,100,6.135786341,2,1,27.89398371,0.582563233,20.3610926,0.81693781,18,47
10,101,6.243946141,2,1,24.90662252,0.625630916,11.59961147,0.728036179,17,47
10,102,6.694863807,2,1,36.66560958,0.39940184,21.50187778,1.052506514,16,47
10,103,6.435247275,2,1,23.25555843,0.544979712,23.8476329,1.197809361,15,47
10,104,6.379294128,2,1,34.67312507,0.563759977,22.71960875,1.234035043,14,47
10,105,6.523819706,2,1,17.68458085,0.178427618,21.88459369,1.027297744,13,47
10,106,7.573836398,2,1,20.29113006,0.534096133,18.44658741,1.272967575,12,47
10,107,7.288964598,2,1,33.09326374,0.476256075,23.90424945,1.332505765,11,47
10,108,7.455682797,2,0,97.97517557,0.651365821,23.91432314,1.165761801,10,47
10,109,7.475820382,2,0,108.8968728,0.408368394,28.377015,1.419559145,9,47
10,110,7.487756063,2,0,96.34436685,0.532834889,28.41490603,1.193915786,8,47
10,111,7.505282287,2,1,28.60339023,0.529731099,25.70132389,1.317234089,7,47
10,112,7.631739828,2,1,35.66753237,0.491114824,29.66228367,1.422352094,6,47
10,113,8.128409894,2,1,29.98572319,0.746483636,25.58876199,1.784844922,5,47
10,114,8.603773108,2,1,29.18111642,0.691376443,32.54824942,1.652508442,4,47
10,115,8.455100442,2,0,95.36093588,0.532559833,32.73431948,1.851032446,3,47
10,116,9.565669798,2,1,23.01415726,0.625223671,34.01342152,2.449284765,2,47
10,117,9.78085777,2,0,108.6836978,0.52949899,47.24990075,2.22647984,1,47
10,118,10.19111977,2,1,36.63727657,0.568478267,0,0.292434028,0,47
10,118,0,2,1,36.63727657,0.568478267,0,0.292434028,98,48
10,119,0.345592807,2,0,105.7193589,0.506994814,6.837537641,0.067009788,97,48
10,120,0.419914378,2,1,31.7252515,0.694517691,0,0.104321625,96,48
10,121,0.310890066,2,1,26.69429345,0.729987684,0,0.075445701,95,48
10,122,0.136384257,2,1,27.66989987,0.513584193,0,0.078389204,94,48
10,123,0.446551246,2,1,32.04013671,0.607342826,0,0.039991353,93,48
10,124,0.418940263,2,0,94.14794739,0.64418152,2.770015578,0.110769789,92,48
10,125,0.149731158,2,1,25.27061134,0.669156101,2.604801707,0.18271221,91,48
10,126,0.262466673,2,1,32.06290732,0.58733217,0.283667297,0.064004243,90,48
10,127,0.463327547,2,1,27.94398812,0.566349689,0,0,89,48
10,128,0.619553037,2,1,30.70804893,0.521079448,0,0,88,48
10,129,0.355543682,2,0,98.45636589,0.599659345,0,0.125932937,87,48
10,130,0.482029914,2,0,99.10564008,0.516823651,0,0,86,48
10,131,0.674471815,2,1,38.65980032,0.574887992,2.463071714,0,85,48
10,132,0.688468358,2,1,25.92708279,0.510016997,7.110451059,0.120938773,84,48
10,133,0.878867693,2,1,38.91531125,0.638863457,0.072090871,0,83,48
10,134,0.809228808,2,0,99.78885938,0.574253829,3.971316173,0.111067777,82,48
10,135,0.939663331,2,1,30.67856004,0.439077854,0.254707905,0,81,48
10,136,1.096824062,2,1,29.88789673,0.395910367,0.515006518,0.020918366,80,48
10,137,0.967602437,2,1,29.19629702,0.530168825,1.005334452,0.001776275,79,48
10,138,1.454603368,2,1,31.04745716,0.602662042,0,0.164815537,78,48
10,139,1.481555571,2,1,24.19790673,0.598204445,4.198450192,0.076230431,77,48
10,140,1.745089241,2,1,36.45956347,0.445550363,4.091887671,0,76,48
10,141,1.58699761,2,1,31.61236662,0.50470805,4.372686546,0.003549861,75,48
10,142,1.767691551,2,1,28.46296321,0.675943112,0,0.224705357,74,48
10,143,2.019969579,2,1,29.26687671,0.523035568,5.17833129,0.047428518,73,48
10,144,2.040613218,2,1,30.40500469,0.364691216,3.595990677,0.110421014,72,48
10,145,2.219403114,2,1,29.5690098,0.498873246,5.651259824,0.054998103,71,48
10,146,2.204573675,2,1,35.97701104,0.495430323,4.780533711,0.355022565,70,48
10,147,2.112779534,2,1,36.16932965,0.579327299,10.5667358,0,69,48
10,148,2.229552209,2,1,37.39015978,0.564948272,0.914256305,0.332644584,68,48
10,149,2.621891589,2,1,21.89982139,0.628949838,6.373484561,0.271411043,67,48
10,150,2.094880019,2,1,24.78798005,0.503758216,4.811437527,0.076368531,66,48
10,151,2.371613811,2,1,33.18075423,0.522813473,1.461034236,0,65,48
10,152,2.486743482,2,1,23.58011534,0.827572222,9.270024829,0.0129336,64,48
10,153,2.600399608,2,1,28.27363933,0.467625427,5.458176563,0.143837566,63,48
10,154,2.803810118,2,0,102.2724465,0.559011456,7.601060916,0.022858784,62,48
10,155,2.452536116,2,1,27.99560368,0.545986597,8.310726071,0.240265125,61,48
10,156,2.769051821,2,1,27.07290761,0.674323371,5.607988299,0.303779822,60,48
10,157,2.743151782,2,1,29.14427728,0.609503161,3.415212365,0.280305924,59,48
10,158,2.874211393,2,1,33.38674704,0.366879127,1.030170569,0.234874066,58,48
10,159,3.032645965,2,1,32.19979341,0.557209215,10.1520548,0.207147148,57,48
10,160,3.008725056,2,1,31.12124444,0.556788505,7.742621587,0.321702437,56,48
10,161,3.117156697,2,1,23.69705927,0.372265758,4.890002349,0,55,48
10,162,3.267922956,2,1,30.90118587,0.532168181,12.2095324,0.400238952,54,48
10,163,3.059044605,2,1,35.82863029,0.736999012,7.770676953,0.233183936,53,48
10,164,3.389569601,2,1,37.52588906,0.618185414,12.47812728,0.414100335,52,48
10,165,3.240979768,2,0,100.2033017,0.558124076,10.89042557,0.161279595,51,48
10,166,3.431174964,2,0,95.0302786,0.574494946,5.558093084,0.393280735,50,48
10,167,3.436394396,2,1,27.26778458,0.475133029,8.142956636,0.090018218,49,48
10,168,3.323135534,2,1,35.78414907,0.572880366,2.074741641,0.565077135,48,48
10,169,3.692559676,2,0,94.66589552,0.620192759,7.831786494,0.260527161,47,48
10,170,3.39704745,2,1,29.90959972,0.460184079,12.64778982,0.394501699,46,48
10,171,3.607813717,2,1,26.03648301,0.634174999,16.64752789,0.500068277,45,48
10,172,3.732252059,2,0,89.3131283,0.60707518,7.460573773,0.134624205,44,48
10,173,3.563100996,2,1,41.6176701,0.540538213,12.46143243,0.492864142,43,48
10,174,3.786440339,2,0,97.85353995,0.517042107,11.8951855,0.15796314,42,48
10,175,3.960073571,2,1,30.65792699,0.608233929,10.58410684,0.417481469,41,48
10,176,3.818043917,2,0,105.059565,0.663783691,10.16832715,0.04302303,40,48
10,177,3.69901371,2,1,39.44037156,0.329787753,5.529161788,0.427794322,39,48
10,178,3.684148271,2,1,35.14190723,0.568188746,8.731718329,0.063878597,38,48
10,179,4.029677556,2,0,118.5812481,0.657797686,12.88382556,0.332862708,37,48
10,180,3.781995182,2,1,40.02045791,0.825694804,10.10352666,0.356739821,36,48
10,181,3.917168776,2,0,102.8888356,0.348656116,7.173306325,0.441766168,35,48
10,182,4.062146172,2,1,30.68731014,0.71796832,10.08216291,0.442960379,34,48
10,183,4.143909111,2,1,45.84770416,0.625899312,10.39044688,0.500679672,33,48
10,184,4.070542768,2,1,26.64192075,0.714669406,14.22167321,0.362153741,32,48
10,185,4.504747028,2,1,29.08613501,0.675986604,7.875921701,0.399280517,31,48
10,186,4.374321282,2,1,34.08074893,0.347568147,12.33560782,0.683695985,30,48
10,187,4.395395968,2,1,21.60344028,0.421561506,13.52075033,0.461236746,29,48
10,188,5.062919138,2,1,30.22094599,0.594785977,10.87311578,0.430646813,28,48
10,189,4.593868403,2,1,26.07587895,0.457339579,13.25867822,0.530468304,27,48
10,190,4.945224824,2,1,30.07960139,0.501920218,10.13644845,0.550401858,26,48
10,191,5.178867092,2,0,112.8622932,0.515512978,13.83289036,0.916708214,25,48
10,192,4.938347069,2,1,24.97720357,0.474705397,13.7539144,0.373879855,24,48
10,193,5.280167434,2,1,30.00328724,0.600472219,15.9323736,0.561710828,23,48
10,194,5.072648937,2,0,110.635828,0.731617524,10.9979605,0.731540426,22,48
10,195,5.063134685,2,0,110.0515929,0.74535975,14.17502479,0.708653004,21,48
10,196,5.15110916,2,1,25.97344402,0.658130815,10.9841183,0.660558762,20,48
10,197,4.914654069,2,0,87.813073,0.341393237,11.85850791,0.444169922,19,48
10,198,5.327309543,2,1,38.90786848,0.598446299,17.31338475,0.751675799,18,48
10,199,5.331931957,2,1,22.43010743,0.501948259,14.03618662,0.624516754,17,48
10,200,6.36396727,2,0,93.47383982,0.630961271,24.04649384,1.183126237,16,48
10,201,7.077879025,2,0,99.9609613,0.51668703,18.46084126,1.134064432,15,48
10,202,7.068246956,2,1,30.6754013,0.46616606,24.00634336,1.276334107,14,48
10,203,7.544623161,2,1,27.96453654,0.707550074,28.06899351,1.507453079,13,48
10,204,7.314044841,2,1,29.88050548,0.482698739,24.37008723,1.366272432,12,48
10,205,7.568080049,2,0,96.83388957,0.459137462,22.65299549,1.56859902,11,48
10,206,7.912752488,2,1,34.79931014,0.606957078,28.42873037,1.583187815,10,48
10,207,7.928430894,2,1,30.74731224,0.642966347,26.92194013,1.427980194,9,48
10,208,8.725969224,2,0,95.00186768,0.605064282,29.86051764,2.022469098,8,48
10,209,8.106826522,2,0,92.11472264,0.583372524,31.85227129,1.559610986,7,48
10,210,8.439820113,2,1,37.20141894,0.656352033,31.1671819,1.84423246,6,48
10,211,8.73180435,2,1,32.83321851,0.493045515,37.84305819,1.910326097,5,48
10,212,9.109051968,2,0,98.07718424,0.503250994,37.58588231,2.091914601,4,48
10,213,9.391914083,2,0,93.68677259,0.330458753,41.02239695,2.162375825,3,48
10,214,9.827754739,2,1,30.25750937,0.480778393,36.49951733,2.434946088,2,48
10,215,9.719538854,2,0,95.44879182,0.671482175,41.5809028,2.452868486,1,48
10,216,10.40837278,2,1,34.30374766,0.661273062,6.389264582,0,0,48
10,216,0,2,1,34.30374766,0.661273062,6.389264582,0,95,49
10,217,0,2,0,91.97488606,0.560579631,1.582093874,0,94,49
10,218,0.172418232,2,0,87.68085948,0.475503929,0,0,93,49
10,219,0.119115145,2,1,28.3377361,0.637058937,0.332210917,0.151657844,92,49
10,220,0.110761882,2,1,33.71201617,0.603088203,0,0,91,49
10,221,0.166501043,2,1,31.13913313,0.534785458,2.572132263,0,90,49
10,222,0.153550877,2,1,33.51877034,0.501170191,0,0.027354422,89,49
10,223,0.249416286,2,1,33.06407245,0.735451277,4.316424425,0,88,49
10,224,0.297970548,2,0,101.4048683,0.427032036,0,0.128601809,87,49
10,225,0.543709402,2,0,102.4232042,0.451175406,0,0,86,49
10,226,0.447629063,2,1,37.17796594,0.645102403,0,0.017163903,85,49
10,227,0.791593087,2,1,28.38462189,0.386411499,6.996453386,0,84,49
10,228,0.574429859,2,0,101.3952185,0.610156202,0,0,83,49
10,229,0.39627177,2,1,31.40610011,0.61640269,1.462871459,0,82,49
10,230,0.702202484,2,1,24.47088554,0.47144167,0.585149413,0,81,49
10,231,0.583109216,2,0,101.8600902,0.587336367,1.940799096,0.110770547,80,49
10,232,0.445964863,2,0,96.44884088,0.551257417,0,0.091559299,79,49
10,233,0.609130914,2,1,24.94763416,0.55716166,0,0.252308023,78,49
10,234,0.638977502,2,1,28.89179579,0.684101333,0,0.043795918,77,49
10,235,0.950326976,2,1,26.47983911,0.55256031,0,0,76,49
10,236,0.851282631,2,1,27.31714133,0.59951367,0,0.109989331,75,49
10,237,0.804514456,2,1,26.65615723,0.613028064,4.458426364,0.175230255,74,49
10,238,0.592021469,2,1,25.56039029,0.650895902,0,0,73,49
10,239,1.151868024,2,0,96.65036437,0.63698492,6.893390181,0,72,49
10,240,1.187133439,2,1,30.30229116,0.553167103,1.630808256,0.075246803,71,49
10,241,1.267261742,2,1,27.18546475,0.598250264,3.203476995,0,70,49
10,242,0.965876182,2,1,36.05298928,0.634199533,6.93474076,0,69,49
10,243,1.243327021,2,0,92.12573817,0.78341735,0,0,68,49
10,244,1.794083958,2,1,35.52084706,0.675958223,1.838254796,0.234839377,67,49
10,245,1.715319427,2,0,96.9115543,0.259881661,2.26160541,0.021378814,66,49
10,246,1.619098351,2,1,25.26534734,0.473566108,5.08844557,0.14125352,65,49
10,247,1.968367958,2,1,36.57483996,0.626170378,6.569474575,0,64,49
10,248,1.870697956,2,0,104.7490089,0.554554994,1.377849045,0,63,49
10,249,2.150615252,2,0,98.69574732,0.516913321,4.406736754,0.055051612,62,49
10,250,2.258135998,2,0,109.185886,0.494901914,6.021622514,0.093948942,61,49
10,251,2.280218397,2,1,26.58858341,0.680120816,3.850648057,0.160680379,60,49
10,252,2.81562121,2,1,31.22635023,0.539577639,12.41235697,0,59,49
10,253,2.828854696,2,1,19.30640548,0.393928387,10.88700901,0.363430093,58,49
10,254,3.112598037,2,1,30.09676835,0.675288019,9.038521495,0.301011297,57,49
10,255,2.745227152,2,1,25.77444819,0.627332662,3.530422506,0.272176622,56,49
10,256,2.935377383,2,0,100.2376335,0.537620601,3.587827935,0.025066296,55,49
10,257,2.923224968,2,1,27.601468,0.665907784,7.612563707,0.183081006,54,49
10,258,2.936182766,2,1,33.41198827,0.627253312,9.60723333,0.346415534,53,49
10,259,2.848669286,2,1,43.80785582,0.517231169,2.427631758,0.171532081,52,49
10,260,3.369975448,2,1,33.27080044,0.405018863,4.500887563,0.160192777,51,49
10,261,3.148287574,2,0,97.29510968,0.553653489,5.259241592,0.073229233,50,49
10,262,3.113275225,2,0,101.1090795,0.597489416,11.2604104,0.044920967,49,49
10,263,3.73422309,2,1,29.79579433,0.452468172,6.401851373,0.180954042,48,49
10,264,3.606074811,2,0,100.2739476,0.681403048,10.57405564,0.443880083,47,49
10,265,3.613858025,2,0,103.9797868,0.594819365,6.934209062,0.359559481,46,49
10,266,3.902161236,2,1,33.56757119,0.646769204,9.496656905,0,45,49
10,267,3.748404297,2,1,30.89466814,0.375508847,12.13880729,0.262163316,44,49
10,268,3.560931836,2,1,36.73929941,0.443162252,10.31143104,0.129083782,43,49
10,269,3.852090108,2,0,103.9275166,0.525405054,10.31483338,0.322370951,42,49
10,270,3.700223562,2,1,31.24328097,0.652906616,9.944731763,0.154266464,41,49
10,271,3.969816928,2,1,32.18425929,0.559338296,6.12619577,0.03937479,40,49
10,272,3.975576112,2,0,94.99012117,0.637397298,10.46935114,0.440219285,39,49
10,273,3.999779262,2,1,36.19840145,0.481072465,7.68504371,0.491486518,38,49
10,274,4.164087924,2,0,96.70129387,0.567265114,8.080808709,0.36734684,37,49
10,275,4.404869241,2,0,100.0528277,0.600979618,13.97882922,0.538117207,36,49
10,276,4.217102331,2,0,112.9058941,0.604756844,11.38965489,0.478211733,35,49
10,277,4.280669826,2,0,98.74885707,0.413547341,10.11599386,0.646509348,34,49
10,278,4.149572225,2,1,28.26646234,0.486208049,13.17392694,0.51286663,33,49
10,279,4.193412376,2,1,34.70575705,0.636968108,9.643868616,0.348659541,32,49
10,280,4.802365712,2,0,94.66433711,0.579143334,11.44905387,0.794852634,31,49
10,281,5.004460789,2,0,95.51987015,0.707650762,12.99942274,0.589861526,30,49
10,282,5.453556476,2,1,28.59694489,0.569291667,16.7614746,0.75372331,29,49
10,283,5.232309686,2,0,105.6699648,0.383582148,8.552207817,0.64458724,28,49
10,284,5.491440851,2,1,24.98530868,0.752347576,16.84881397,0.578727006,27,49
10,285,5.117177612,2,1,21.09983113,0.758402802,13.46617306,1.076612622,26,49
10,286,5.49443002,2,1,22.35697319,0.500508354,10.4956145,0.502160423,25,49
10,287,5.051539777,2,1,31.62092709,0.64804395,14.59008735,0.985540473,24,49
10,288,5.229830816,2,0,109.3337731,0.656100547,13.34708405,0.746020267,23,49
10,289,5.884756812,2,1,37.64368069,0.449234619,22.71757277,0.700421137,22,49
10,290,5.83809013,2,1,32.04569459,0.558116094,19.40822632,0.89798487,21,49
10,291,5.630285074,2,0,101.2597819,0.597345602,16.24981807,1.080002517,20,49
10,292,6.079635201,2,1,31.19438376,0.56310539,21.85564748,1.00646683,19,49
10,293,5.94972054,2,1,29.6292108,0.472612419,22.07603553,0.734799854,18,49
10,294,6.325335181,2,1,26.0342176,0.36470778,19.05526284,0.95043605,17,49
10,295,6.300992576,2,1,32.3138152,0.642360465,17.97747161,1.015805875,16,49
10,296,6.424277768,2,1,24.44175454,0.382764468,26.41258982,0.787577348,15,49
10,297,6.184206451,2,0,103.7489339,0.596448429,20.95253238,0.84075459,14,49
10,298,6.653840433,2,1,32.52268634,0.559082483,13.71977122,1.075576587,13,49
10,299,6.660524327,2,1,31.33357162,0.64908655,17.27593787,0.944821268,12,49
10,300,6.354197991,2,0,95.7203866,0.680692995,27.93647004,1.210790217,11,49
10,301,6.726379001,2,1,33.04966978,0.419765662,31.00933793,1.265990632,10,49
10,302,7.413562688,2,1,26.09933309,0.565320926,26.7751757,1.251385234,9,49
10,303,7.758165434,2,1,28.48049525,0.589860469,26.41708762,1.406063587,8,49
10,304,8.060693703,2,0,92.65959754,0.522893234,23.26612889,1.324646375,7,49
10,305,7.887010688,2,1,27.13150116,0.613689445,30.18675484,1.501778087,6,49
10,306,7.959848109,2,0,101.3607386,0.486468499,29.30374107,1.756566455,5,49
10,307,8.024510247,2,1,35.82622124,0.561918594,34.17270229,1.229231282,4,49
10,308,9.169522413,2,1,22.135075,0.47188279,34.16547621,2.112136702,3,49
10,309,9.44652177,2,1,40.63236859,0.613893027,28.91351754,2.067582708,2,49
10,310,9.449289372,2,0,104.5191454,0.689906809,38.72674013,2.252209382,1,49
10,311,10.10577735,2,1,25.98191475,0.651999398,2.257923873,0,0,49
10,311,0,2,1,25.98191475,0.651999398,2.257923873,0,103,50
10,312,0.353577442,2,1,19.08452818,0.538898063,2.765081184,0,102,50
10,313,0.355293534,2,1,38.09378394,0.537107334,0,0,101,50
10,314,0.502699013,2,0,108.4671261,0.546252046,0,0,100,50
10,315,0.548334653,2,0,100.9907198,0.476474057,0.953389623,0.036040024,99,50
10,316,0.812525343,2,0,92.37621147,0.551505413,0,0,98,50
10,317,0.901230836,2,1,27.03445054,0.478702634,0,0.047245106,97,50
10,318,0.982139146,2,1,32.79998843,0.47570762,0.540984474,0,96,50
10,319,0.772459321,2,1,32.96378728,0.64901216,0,0,95,50
10,320,1.132922806,2,1,31.39672281,0.426294847,1.626344912,0.102002428,94,50
10,321,1.20644761,2,0,98.68141562,0.632446723,3.758716639,0,93,50
10,322,0.934376915,2,0,97.53037363,0.374700276,0.30821672,0.082779061,92,50
10,323,1.013932078,2,1,20.44178293,0.574979982,1.300667603,0,91,50
10,324,1.150144031,2,1,27.97228163,0.57371932,5.709656103,0.162083064,90,50
10,325,0.805964888,2,1,22.53043421,0.637618065,2.038566665,0.145666346,89,50
10,326,0.895254775,2,1,37.84330394,0.491524907,2.187697369,0,88,50
10,327,0.731859765,2,0,99.22611419,0.572323414,3.082489717,0,87,50
10,328,0.613359891,2,0,115.497717,0.433591748,7.430875762,0.114337736,86,50
10,329,1.07689775,2,0,94.50223604,0.650330193,1.91118005,0.105312531,85,50
10,330,0.89258052,2,1,26.33301463,0.502921756,1.645308158,0,84,50
10,331,1.065273685,2,1,29.08123823,0.389693232,4.234951808,0,83,50
10,332,0.987759525,2,1,39.45808867,0.769084069,0.914751715,0,82,50
10,333,1.03139831,2,1,26.07227191,0.40234249,0.013834438,0.111548889,81,50
10,334,1.245558109,2,1,29.95000567,0.67342032,6.792699196,0,80,50
10,335,0.910175336,2,0,97.44126693,0.448367794,3.08335186,0.059142848,79,50
10,336,1.214388418,2,1,28.00619753,0.452797439,4.488491313,0,78,50
10,337,1.139286841,2,1,38.54601749,0.557922337,0.742805667,0,77,50
10,338,1.469706882,2,1,32.5608215,0.44629092,0.391588445,0.071910803,76,50
10,339,1.284485909,2,0,101.5034122,0.532402542,3.759700399,0.060849875,75,50
10,340,1.870897654,2,1,23.19967837,0.58435232,0,0,74,50
10,341,2.192975916,2,0,102.8874158,0.429412145,5.895822241,0.043642924,73,50
10,342,2.426379564,2,1,30.01955,0.457716519,4.336464585,0,72,50
10,343,1.912335671,2,0,108.5204895,0.525040437,6.924765789,0.136502071,71,50
10,344,1.958669468,2,1,32.28512779,0.665190667,5.104877357,0.303554652,70,50
10,345,2.115040596,2,1,29.01629565,0.501310126,7.475431381,0.586081077,69,50
10,346,2.552174996,2,1,33.42508687,0.5720795,0,0.282740834,68,50
10,347,2.644280117,2,1,29.34922627,0.481888123,6.349583106,0.144985697,67,50
10,348,2.655881934,2,1,27.67495821,0.621129142,7.137675235,0.152342599,66,50
10,349,2.602330488,2,1,32.02930793,0.555312933,2.157355753,0.298766868,65,50
10,350,2.649457707,2,1,19.54213667,0.392243012,5.926416265,0.006463228,64,50
10,351,2.914108878,2,1,33.60707409,0.563319646,6.719172332,0.154151499,63,50
10,352,2.88949324,2,0,90.73027562,0.634372087,9.020177536,0.06827436,62,50
10,353,2.848734932,2,0,94.1465592,0.74851802,5.77867068,0.344684215,61,50
10,354,2.768932739,2,1,26.35338747,0.360651874,5.527373094,0,60,50
10,355,2.734370299,2,0,98.78027768,0.524045484,6.869881318,0.220816929,59,50
10,356,2.884359714,2,1,39.63804297,0.544825787,7.211788317,0.162722558,58,50
10,357,3.098874736,2,0,100.7710898,0.571755583,4.336125358,0.087717545,57,50
10,358,3.033164835,2,0,115.0605994,0.373341106,7.530872502,0.391068563,56,50
10,359,3.310740323,2,1,35.90701711,0.612487372,7.666371583,0.203513197,55,50
10,360,3.073716194,2,0,90.15265333,0.594198409,8.455425412,0.36210027,54,50
10,361,2.935461602,2,1,27.80485586,0.504321244,10.78509045,0.031466578,53,50
10,362,3.150921905,2,1,32.82383107,0.51622445,10.75581262,0.062267198,52,50
10,363,2.821724743,2,1,30.85755511,0.438134108,9.010933976,0.248691861,51,50
10,364,3.540260458,2,0,103.6074961,0.563941652,11.16253828,0.426573713,50,50
10,365,3.856928351,2,1,27.3371557,0.600519562,5.866965788,0.16834456,49,50
10,366,3.70267501,2,1,31.91799097,0.615532612,8.434387549,0.357861043,48,50
10,367,3.656336846,2,0,96.50420628,0.559946037,10.87897512,0.484697764,47,50
10,368,3.522152146,2,0,118.3128289,0.330021191,12.08642727,0.280462464,46,50
10,369,3.5654295,2,1,30.81343132,0.350751532,12.58021532,0.188443068,45,50
10,370,3.639559149,2,0,95.54778207,0.450080757,11.50851273,0.436577089,44,50
10,371,3.875279289,2,1,31.50163465,0.617703663,11.49383,0.417283258,43,50
10,372,3.61253841,2,1,25.54418483,0.513801957,8.304351746,0.45571268,42,50
10,373,3.704035303,2,1,34.13020805,0.629945714,11.68101598,0.238788899,41,50
10,374,3.681483159,2,1,37.42881865,0.626781709,10.57107321,0.463526942,40,50
10,375,4.206290263,2,1,26.82334099,0.567961899,12.99244373,0.331994622,39,50
10,376,4.188048923,2,0,86.84290544,0.610340604,12.62258996,0.495105295,38,50
10,377,4.648926301,2,1,33.74337796,0.709175418,13.84072457,0.405495083,37,50
10,378,4.524557312,2,0,98.09154886,0.580468158,14.88342046,0.68376653,36,50
10,379,4.908548414,2,0,94.96696559,0.502180401,9.591491983,0.658381421,35,50
10,380,4.889408282,2,1,28.65251292,0.714874982,8.258837896,0.45662944,34,50
10,381,4.7336455,2,1,29.75493401,0.461549954,5.386131049,0.632926182,33,50
10,382,4.720192341,2,1,32.60968177,0.706705981,12.76510414,0.389162086,32,50
10,383,4.978832542,2,0,91.7351254,0.545380948,15.32660624,0.917518706,31,50
10,384,4.875654715,2,1,28.93360653,0.571142864,14.9410877,0.545309073,30,50
10,385,4.922380947,2,0,97.07864254,0.461876593,11.76606499,0.547235319,29,50
10,386,4.943411155,2,1,28.42094159,0.378152592,10.86440723,0.587209662,28,50
10,387,5.176504594,2,1,26.63079154,0.649245118,13.2640354,0.505102075,27,50
10,388,4.918131746,2,0,92.64822618,0.644341766,14.00971598,0.938376728,26,50
10,389,5.094172415,2,1,22.54312616,0.381275631,14.71379861,0.781789976,25,50
10,390,5.149975897,2,1,26.19100155,0.371029776,14.56933768,0.879500603,24,50
10,391,5.358516121,2,0,102.5213575,0.556499124,12.55281724,0.535257392,23,50
10,392,5.442111873,2,1,30.24392366,0.559436915,17.14994118,0.592661688,22,50
10,393,5.668827864,2,1,25.91424383,0.650233281,16.62076511,0.778535119,21,50
10,394,5.731003324,2,1,26.42886624,0.741232859,20.8103496,0.716086788,20,50
10,395,5.603175308,2,1,27.38737288,0.56335079,17.51845974,0.812331653,19,50
10,396,5.903111751,2,1,27.38610168,0.646982475,13.77240831,0.847701898,18,50
10,397,6.082671225,2,1,21.79493471,0.519468505,21.7824385,0.913507684,17,50
10,398,6.30040502,2,0,96.93241936,0.519757599,19.7543901,0.977256319,16,50
10,399,6.394730155,2,1,34.82116818,0.532566069,21.39228775,1.029528505,15,50
10,400,6.37331131,2,0,93.80188128,0.526787472,20.39978982,0.89308788,14,50
10,401,6.562051936,2,1,31.59485754,0.586140287,22.41556642,0.996715274,13,50
10,402,6.039540529,2,1,29.26507384,0.505149513,23.15349056,0.947969825,12,50
10,403,7.475028451,2,1,27.20705332,0.55655664,25.57289713,1.341481872,11,50
10,404,7.963925308,2,0,101.5525192,0.47823145,27.51405488,1.346241251,10,50
10,405,8.274532488,2,1,30.26574661,0.417112892,29.92966393,1.379016757,9,50
10,406,7.90470516,2,1,31.80056839,0.382825646,29.64681063,1.866609518,8,50
10,407,8.019421731,2,0,101.5700503,0.429501499,30.60875359,1.690479643,7,50
10,408,8.190969598,2,1,21.67132682,0.603032803,25.81936684,1.583895726,6,50
10,409,8.157097519,2,0,120,0.577431937,29.66093246,1.700659882,5,50
10,410,8.501525677,2,1,31.14839996,0.516882625,31.55681058,1.940289307,4,50
10,411,8.484608036,2,0,106.8123764,0.366306228,36.06995638,1.862779948,3,50
10,412,9.034189911,2,1,29.79458587,0.71403289,30.3472842,1.802940728,2,50
10,413,8.949855057,2,0,100.9815547,0.751645854,33.99071936,2.310038459,1,50
10,414,10.00037789,2,1,24.26472386,0.504922454,0,0,0,50
11,0,0,2,1,29.68074458,0.524487611,0,0.035708301,92,52
11,1,0.874538807,2,1,33.32977417,0.552873185,1.539990983,0.121296938,91,52
11,2,0.664194407,2,0,92.03873922,0.591729696,2.756549636,0,90,52
11,3,0.570394482,2,1,34.94985614,0.665242373,3.624937631,0,89,52
11,4,0.536420061,2,0,109.308443,0.465825966,0,0.097828409,88,52
11,5,0.807023177,2,1,28.83807261,0.563842179,0,0,87,52
11,6,0.996762932,2,0,119.7568465,0.38758306,2.608490627,0,86,52
11,7,0.786224098,2,1,31.88104736,0.480698004,0,0,85,52
11,8,1.157396783,2,0,98.40584917,0.531224365,2.60169529,0,84,52
11,9,0.823845615,2,1,28.04062727,0.668931607,8.905237211,0,83,52
11,10,1.244583662,2,1,33.97202747,0.430950461,7.193479179,0,82,52
11,11,1.199000116,2,1,28.0082505,0.611981157,2.588275227,0.209718497,81,52
11,12,1.004110439,2,1,33.49812476,0.549303604,4.427666699,0.159328343,80,52
11,13,1.13270365,2,0,98.34902105,0.636759019,0,0.008758252,79,52
11,14,1.240379248,2,1,28.65018641,0.532277813,9.679177589,0,78,52
11,15,1.251312131,2,1,41.08513292,0.482799267,0,0,77,52
11,16,1.41531743,2,1,30.87783984,0.537566282,10.26061163,0.390377584,76,52
11,17,1.280060437,2,0,106.5445871,0.703912021,5.19971843,0,75,52
11,18,1.257306585,2,1,29.59206859,0.510999353,0.439826034,0.088251239,74,52
11,19,1.343132983,2,1,25.15198541,0.579923731,4.111597624,0.252884962,73,52
11,20,1.635830913,2,1,31.64686417,0.486149883,3.704976808,0.128576084,72,52
11,21,1.503934556,2,0,107.0896106,0.583292844,0,0,71,52
11,22,1.635842334,2,1,29.28473397,0.620135506,5.964104438,0.019990417,70,52
11,23,1.46059703,2,0,96.29655972,0.525449737,1.916953346,0,69,52
11,24,1.759859908,2,1,30.96262708,0.523186127,8.504013476,0,68,52
11,25,2.062092877,2,0,100.165358,0.480821395,1.327797034,0.127760321,67,52
11,26,1.941067049,2,0,92.47990073,0.537792939,1.332742287,0.120761972,66,52
11,27,1.829071097,2,1,25.09244927,0.606622579,2.999740993,0.213723483,65,52
11,28,2.070780006,2,1,31.50265535,0.441284583,6.40022949,0.065304988,64,52
11,29,2.061061703,2,1,24.69166286,0.533956044,7.345688848,0,63,52
11,30,2.057424604,2,0,112.2695775,0.722516982,4.026370286,0.085542409,62,52
11,31,1.980692431,2,1,25.93512425,0.547514724,4.141669947,0.070621829,61,52
11,32,2.192417546,2,0,96.29993899,0.502043831,3.311875366,0.148502658,60,52
11,33,2.087246689,2,0,98.12097751,0.52887619,4.42586433,0.157758649,59,52
11,34,2.353541833,2,1,27.28942405,0.600670347,1.965115699,0.163414507,58,52
11,35,2.24196927,2,0,90.90641563,0.55858333,2.669737466,0.421985683,57,52
11,36,2.343752344,2,1,23.71265152,0.545530362,6.248386375,0.122401346,56,52
11,37,2.605270042,2,1,29.73245542,0.705179554,2.032916869,0,55,52
11,38,2.787456963,2,0,101.5076169,0.578866996,8.206715116,0.15425143,54,52
11,39,2.768187554,2,1,27.57094292,0.582875924,9.640461192,0,53,52
11,40,2.913998548,2,1,41.50798362,0.664199969,8.66270955,0.18594936,52,52
11,41,3.060476523,2,0,109.4308153,0.439219306,5.711348384,0.288316937,51,52
11,42,3.187948588,2,1,38.0004083,0.347955896,11.29098785,0.406957933,50,52
11,43,3.213058996,2,1,32.5545609,0.471223858,8.063617629,0.084590535,49,52
11,44,3.197508337,2,0,91.61047038,0.625370457,9.983154895,0.501495543,48,52
11,45,2.824885055,2,0,106.8870461,0.417439685,2.796319278,0.219190139,47,52
11,46,3.099810366,2,0,105.7114999,0.433963776,3.189503542,0.180071164,46,52
11,47,3.083602365,2,0,92.10228036,0.746596785,10.01340299,0.059804538,45,52
11,48,3.190913431,2,1,25.92255274,0.700172663,11.17901344,0.463834509,44,52
11,49,3.431851585,2,1,31.82227412,0.569882701,7.88913088,0.096855433,43,52
11,50,3.338982033,2,1,29.89933899,0.507485032,7.421306695,0.306616318,42,52
11,51,3.351655304,2,1,18.99636017,0.532933084,9.019830358,0.014085248,41,52
11,52,3.458298543,2,1,26.63897842,0.589828779,11.07243214,0.345622121,40,52
11,53,3.817036344,2,1,28.73727989,0.563233347,6.620420291,0.518056172,39,52
11,54,3.861618366,2,1,22.34217177,0.597400355,10.51538405,0.465300392,38,52
11,55,4.370893973,2,0,100.1431249,0.488378521,7.852896302,0.630956298,37,52
11,56,4.450090063,2,1,33.49153519,0.575535995,13.29439718,0.388031303,36,52
11,57,4.294410356,2,0,88.59520618,0.570674601,12.3130306,0.425521117,35,52
11,58,4.278840973,2,1,39.91621888,0.465202426,11.17995764,0.444663424,34,52
11,59,4.711247126,2,1,28.75027171,0.268044379,11.84037241,0.709651232,33,52
11,60,4.891839935,2,0,103.0170996,0.467313745,11.81956282,0.570525175,32,52
11,61,4.694159242,2,0,103.5793692,0.500637533,10.58746231,0.691855851,31,52
11,62,5.059512401,2,1,28.24010746,0.637862453,9.308536376,0.741912189,30,52
11,63,4.988596749,2,1,32.5421712,0.474475529,17.01288875,0.532145222,29,52
11,64,5.123873969,2,1,31.93882163,0.555150623,11.8869323,0.477266964,28,52
11,65,4.818664722,2,1,38.89241153,0.518463959,19.28675998,0.669896874,27,52
11,66,4.879523924,2,1,33.64371507,0.48589303,18.01497887,0.798996396,26,52
11,67,5.081303162,2,1,27.98436316,0.454869791,13.28979565,0.86758087,25,52
11,68,4.950419949,2,0,92.51059798,0.490736063,14.52652301,0.63561717,24,52
11,69,5.547364797,2,1,21.07046877,0.55989647,19.37882952,0.798438927,23,52
11,70,5.82133836,2,0,99.99432767,0.62924032,17.73041811,0.761426625,22,52
11,71,6.053550881,2,0,104.2735281,0.48382831,14.0355178,0.903883744,21,52
11,72,5.610948809,2,0,103.1402805,0.344233728,18.24013293,1.093545172,20,52
11,73,6.043566162,2,1,23.70088833,0.652849123,17.87909175,0.61028803,19,52
11,74,6.331464707,2,1,32.46042602,0.644165603,21.65517129,1.078311108,18,52
11,75,6.418640045,2,1,31.79499391,0.596169174,20.91140935,1.092846637,17,52
11,76,6.240908423,2,0,113.0241938,0.516168397,22.99236578,1.112776263,16,52
11,77,6.440869766,2,0,100.9886788,0.625464818,19.48290518,1.121490122,15,52
11,78,6.606021596,2,1,23.91667267,0.620434128,15.78568456,1.119055173,14,52
11,79,6.8287222,2,0,106.299399,0.360858964,23.24296801,1.183397506,13,52
11,80,6.758080329,2,0,104.2399826,0.539670924,24.29546944,1.127156485,12,52
11,81,6.889237038,2,0,100.0753166,0.451719424,22.49913187,0.865952089,11,52
11,82,6.981782182,2,1,32.41210099,0.630422415,23.89828647,1.457117482,10,52
11,83,7.262079199,2,1,26.87016349,0.480124829,22.55299137,1.414547571,9,52
11,84,7.4221522,2,1,23.28021586,0.568611554,22.91228854,1.381251968,8,52
11,85,7.665138971,2,1,27.58662156,0.453251593,27.5211418,1.55918623,7,52
11,86,7.371058433,2,0,87.16262003,0.628584791,22.89781767,1.697245379,6,52
11,87,8.147408338,2,1,32.32045526,0.52930829,35.07641362,1.623728129,5,52
11,88,8.43531298,2,1,31.07717312,0.4936552,28.49927974,1.5020978,4,52
11,89,8.368002942,2,1,27.40102216,0.637523682,33.76598336,1.927683333,3,52
11,90,9.088442684,2,1,35.12708636,0.507781335,34.4050722,2.051100221,2,52
11,91,9.344658961,2,1,36.56580606,0.415949331,37.42444812,2.330945352,1,52
11,92,10.24922046,2,1,29.66809248,0.553844257,0,0,0,52
11,92,0,2,1,29.66809248,0.553844257,0,0,90,53
11,93,0.170241599,2,1,35.37817473,0.475818826,0,0.049795597,89,53
11,94,0.410240505,2,1,28.10039946,0.350380013,0,0,88,53
11,95,0.657792503,2,0,86.41217556,0.514381622,3.231471117,0,87,53
11,96,0.038132346,2,1,26.34309582,0.577516811,1.435183361,0.056006543,86,53
11,97,0.20354334,2,1,35.74218113,0.374585893,4.11835581,0.137067307,85,53
11,98,0.406789428,2,1,35.5235425,0.400675497,5.200748164,0.016335444,84,53
11,99,0.476350781,2,1,26.62160331,0.556072269,0,0.002098256,83,53
11,100,0.391878939,2,1,33.22198474,0.448006421,2.596293794,0.208979473,82,53
11,101,0.536379373,2,1,30.97304553,0.520887621,2.061877413,0.352365757,81,53
11,102,0.26386191,2,1,37.3425316,0.493477764,4.535698332,0.351499419,80,53
11,103,0.571555208,2,1,30.54260977,0.426785754,3.721102341,0.056553642,79,53
11,104,0.282585729,2,1,26.71370071,0.554197278,1.405665911,0.024241206,78,53
11,105,0.510454784,2,1,26.70214169,0.397235114,0,0,77,53
11,106,0.354843725,2,0,102.0550056,0.601459113,0,0.138549327,76,53
11,107,0.729496595,2,0,105.6168921,0.518998639,1.125631715,0,75,53
11,108,0.613659363,2,1,43.39445961,0.435736389,0,0,74,53
11,109,0.666554754,2,1,34.49164001,0.572441538,0.390470644,0.137592578,73,53
11,110,0.682348344,2,1,21.63848241,0.430544129,0.575601903,0.016233398,72,53
11,111,0.548277596,2,0,91.23725071,0.725659046,4.562375612,0,71,53
11,112,0.967966416,2,1,25.67577039,0.517464388,0,0.013282486,70,53
11,113,1.507644582,2,1,38.42182833,0.575416067,0,0.423518074,69,53
11,114,1.518201101,2,1,32.79686311,0.60536228,0,0.163823897,68,53
11,115,1.463930424,2,1,38.55219342,0.504195101,2.030728442,0.053312354,67,53
11,116,1.61812223,2,0,105.3122879,0.613886885,3.877704293,0,66,53
11,117,1.579456069,2,1,31.0351065,0.39651089,6.755857126,0,65,53
11,118,1.768946469,2,0,98.26947176,0.466193687,3.323987167,0.062176756,64,53
11,119,1.586001741,2,1,29.57665247,0.483246088,0,0,63,53
11,120,1.73375438,2,1,32.56314453,0.485357383,5.249181171,0.220640484,62,53
11,121,1.597795734,2,1,31.95268256,0.621807141,6.172539454,0.329606916,61,53
11,122,1.972586303,2,1,32.99087737,0.376088494,7.909340327,0.054086313,60,53
11,123,1.984622899,2,1,34.78047682,0.630286723,1.463367751,0.089310775,59,53
11,124,2.010239014,2,0,92.43961671,0.543654834,7.294735519,0,58,53
11,125,1.90450967,2,1,36.15843489,0.598563291,5.18212162,0.273602554,57,53
11,126,2.072040402,2,1,30.01184828,0.416085091,2.750462117,0,56,53
11,127,1.760389529,2,1,31.75303146,0.719465305,1.269947324,0.116595873,55,53
11,128,1.999082121,2,1,32.97730201,0.419011961,0,0.041472682,54,53
11,129,1.927130593,2,0,90.46864853,0.783677919,3.300413954,0.25599571,53,53
11,130,1.873306723,2,1,34.53955685,0.649212178,1.548883144,0.205987136,52,53
11,131,2.276064228,2,0,101.8425584,0.408967188,0.524509127,0.108932531,51,53
11,132,1.961355323,2,1,28.14664637,0.674841945,9.239283584,0.025598901,50,53
11,133,2.317636504,2,1,31.74133781,0.611906045,3.664815231,0,49,53
11,134,2.63291706,2,1,28.68624445,0.518251071,0,0.046008002,48,53
11,135,2.564636945,2,1,31.03008551,0.48410592,4.421116016,0,47,53
11,136,2.7895199,2,0,98.67963807,0.579899307,6.155748457,0.103794186,46,53
11,137,2.674988662,2,0,101.3269998,0.582204716,5.154705997,0.071365008,45,53
11,138,2.711524807,2,1,34.10182417,0.377631984,9.495423133,0.177527222,44,53
11,139,2.583317197,2,0,105.452069,0.650112221,5.329394852,0.349877262,43,53
11,140,2.902274936,2,1,34.15657244,0.424187167,7.843055479,0.306225014,42,53
11,141,2.799408577,2,0,95.41681491,0.593149527,7.766740104,0.332171982,41,53
11,142,3.091569393,2,0,92.89588409,0.455242856,2.97099674,0.176123475,40,53
11,143,3.32905476,2,0,100.8871178,0.672395183,2.984191442,0.12517603,39,53
11,144,3.569181678,2,1,25.90066402,0.639243703,10.76530226,0.20834485,38,53
11,145,3.226075864,2,1,24.45312994,0.520825193,6.858237589,0,37,53
11,146,3.275654168,2,1,24.84209302,0.347139796,5.715845683,0.387801536,36,53
11,147,3.424986356,2,1,30.987099,0.658234912,10.4284755,0.049848103,35,53
11,148,3.921566042,2,0,95.49902199,0.51649776,7.979537614,0.355909038,34,53
11,149,3.387543957,2,1,26.48927207,0.383650418,5.949223888,0.237563513,33,53
11,150,3.5647749,2,0,106.3499038,0.380853185,14.14144235,0.305315639,32,53
11,151,3.557834933,2,1,30.62971765,0.522183122,7.500184164,0.516713553,31,53
11,152,3.566740329,2,0,99.01992338,0.594856598,8.617857343,0.370065494,30,53
11,153,3.57220742,2,1,25.22357639,0.582556328,8.758867106,0.480315808,29,53
11,154,3.470307396,2,0,104.9146596,0.570781754,3.24365069,0.256443783,28,53
11,155,3.381916558,2,1,26.48786538,0.40200259,6.623798908,0.348398354,27,53
11,156,4.109690379,2,1,28.36640196,0.508640153,6.024855242,0.653508982,26,53
11,157,3.874327115,2,0,100.8366473,0.576655186,12.89752021,0.582279337,25,53
11,158,4.117737394,2,1,25.61351677,0.491593577,6.477496789,0.32588398,24,53
11,159,3.787341929,2,1,25.22473516,0.606839176,18.04698954,0.557861934,23,53
11,160,4.150196484,2,1,32.81313511,0.704863367,12.42310274,0.439324782,22,53
11,161,4.326941402,2,1,31.42878776,0.588861976,12.67784914,0.384851605,21,53
11,162,4.461931527,2,1,25.4783667,0.368137574,9.343892253,0.598373148,20,53
11,163,4.531475244,2,1,23.54803227,0.594233607,9.798425028,0.208552562,19,53
11,164,5.136097437,2,1,25.9093384,0.530278669,19.92405427,0.730431962,18,53
11,165,5.436170417,2,1,33.42166291,0.404502111,15.01025205,0.813264746,17,53
11,166,5.232023506,2,0,109.803888,0.686170104,14.04927557,0.847843755,16,53
11,167,5.267852395,2,1,26.97304632,0.507963431,9.341606689,0.839973467,15,53
11,168,5.342070272,2,1,33.56846075,0.574246669,19.98499275,0.774359406,14,53
11,169,6.054866882,2,1,30.25259435,0.488573953,18.50058747,0.569266591,13,53
11,170,6.42182762,2,0,96.53439394,0.605297059,22.09684759,1.028020457,12,53
11,171,6.266399199,2,0,101.8223349,0.584807745,18.76715082,0.67358074,11,53
11,172,6.096295917,2,1,19.4596919,0.59346518,17.00008521,1.208275055,10,53
11,173,6.221614021,2,1,34.78404925,0.695306453,13.52438984,1.046120657,9,53
11,174,7.288519086,2,1,33.36545407,0.532857552,27.65629656,1.313737682,8,53
11,175,7.335704667,2,1,32.11198225,0.452722126,18.9698394,1.109849425,7,53
11,176,7.034975528,2,0,106.8803998,0.757163192,21.02047176,1.028416031,6,53
11,177,7.465895345,2,1,32.49954186,0.345904051,29.79661068,1.085278788,5,53
11,178,7.537261075,2,1,32.60772519,0.482121152,25.10873742,1.476710786,4,53
11,179,9.036100844,2,1,29.31883294,0.429576134,27.92783601,2.07105939,3,53
11,180,8.950335494,2,1,36.12599999,0.743014383,36.92712668,2.477778348,2,53
11,181,9.227712744,2,1,29.43447042,0.46314778,32.10843673,2.127719986,1,53
11,182,9.978644617,2,1,34.90514798,0.738032842,0.422112166,0.131442845,0,53
11,182,0,2,1,34.90514798,0.738032842,0.422112166,0.131442845,76,54
11,183,0.421172699,2,0,99.50315327,0.467992219,3.713633957,0.005822287,75,54
11,184,0.185625029,2,1,24.66377557,0.610154566,0,0,74,54
11,185,0.147953154,2,1,30.848689,0.514454965,0,0.140312761,73,54
11,186,0.297321822,2,0,94.80496101,0.534527008,5.400554495,0.119142244,72,54
11,187,0.488485624,2,0,101.9004431,0.646012405,0,0.013861944,71,54
11,188,0.815011453,2,1,30.40664068,0.474485664,5.218532549,0.090205506,70,54
11,189,1.061306863,2,0,101.9036391,0.364532713,0,0,69,54
11,190,1.115215012,2,0,89.76301154,0.59944827,6.094653977,0,68,54
11,191,1.013924455,2,1,35.58672028,0.564583788,0,0.004863012,67,54
11,192,0.922507049,2,0,96.94046425,0.36733055,3.309279311,0.076808347,66,54
11,193,1.187860092,2,1,27.24001096,0.538467681,4.612992269,0,65,54
11,194,0.974217735,2,0,108.7568126,0.419406635,1.155081386,0.191043687,64,54
11,195,1.18601764,2,0,102.5386315,0.474638639,0.992615003,0,63,54
11,196,1.087872017,2,1,35.74429892,0.512211881,7.07347193,0.11159377,62,54
11,197,1.238845459,2,0,98.76664227,0.645098988,3.572413554,0,61,54
11,198,1.23122968,2,1,32.03597847,0.57401463,2.080459894,0,60,54
11,199,1.380296216,2,0,103.1893428,0.370030099,2.059399419,0.218394798,59,54
11,200,1.265997958,2,1,34.0797994,0.492106129,0.474641094,0.002853098,58,54
11,201,1.604792486,2,0,108.8221036,0.544812556,1.932208558,0,57,54
11,202,1.723525791,2,0,82.29329925,0.565026853,4.44342584,0,56,54
11,203,1.922621057,2,1,39.90945338,0.5317588,3.566358003,0,55,54
11,204,2.047691585,2,1,31.84400761,0.61361902,3.495613017,0.171738881,54,54
11,205,1.957277096,2,1,31.43905822,0.617639152,7.917217524,0.03852469,53,54
11,206,1.948540815,2,1,24.30086187,0.604523642,3.595324223,0,52,54
11,207,1.788293306,2,0,106.3901896,0.604314359,7.419957217,0,51,54
11,208,2.059407187,2,0,85.77998924,0.428925496,1.684671988,0.202582215,50,54
11,209,2.07152964,2,1,42.97742795,0.596837953,6.725402005,0.099772852,49,54
11,210,2.203867188,2,1,30.87488396,0.429582794,6.538773141,0.13144853,48,54
11,211,2.253378222,2,1,26.30965754,0.528282181,3.824875188,0.132673851,47,54
11,212,2.344533451,2,0,91.04787584,0.653684349,1.952385009,0.196416385,46,54
11,213,2.680104591,2,0,90.75140688,0.597515931,6.988052042,0.334602388,45,54
11,214,2.591902718,2,1,31.57639789,0.736253152,0.750605931,0.142833263,44,54
11,215,2.33474052,2,0,100.6671145,0.596107326,4.169191212,0.193274918,43,54
11,216,2.761943765,2,1,36.31768201,0.436328685,3.296409071,0,42,54
11,217,2.763165341,2,1,26.12616728,0.54751563,6.869021511,0.315582152,41,54
11,218,3.093849983,2,1,27.39912095,0.491650128,6.825957892,0.191766202,40,54
11,219,3.222713508,2,1,27.08767769,0.49340949,6.848466013,0.340983432,39,54
11,220,3.182431729,2,0,89.77588455,0.526315397,3.316814031,0.454017497,38,54
11,221,3.438277161,2,1,32.0659425,0.437081421,8.559152324,0.1610373,37,54
11,222,3.258632374,2,1,22.2422024,0.420007233,8.718689153,0.206775624,36,54
11,223,3.583881328,2,1,21.54960119,0.475034754,6.68964925,0.23996355,35,54
11,224,3.271708675,2,0,104.4106092,0.49855043,7.631094534,0.26236327,34,54
11,225,3.406456138,2,1,27.91514198,0.504067815,9.119782013,0.227955835,33,54
11,226,3.805638623,2,0,104.3083112,0.486748477,10.24522781,0.378808435,32,54
11,227,3.506260478,2,1,33.07977655,0.421111291,8.396111702,0.401316968,31,54
11,228,4.620608177,2,1,31.20762157,0.546561355,9.971308109,0.3307887,30,54
11,229,4.212926995,2,1,32.72710228,0.534079709,15.94597969,0.45141542,29,54
11,230,4.779558064,2,1,34.61380542,0.510192238,7.114365146,0.446831847,28,54
11,231,5.104194185,2,0,106.7573056,0.526267158,19.30651984,0.445136246,27,54
11,232,5.492149412,2,1,26.47565079,0.348414587,19.33633921,0.479861838,26,54
11,233,5.165487733,2,1,34.87041705,0.526575191,9.778690477,0.729424072,25,54
11,234,5.211484652,2,1,31.3441374,0.543606242,19.52098264,0.769326073,24,54
11,235,5.345000971,2,1,26.51198828,0.444222945,11.63255857,0.779612942,23,54
11,236,5.295964271,2,1,32.43704348,0.670972434,16.2619903,0.466001248,22,54
11,237,5.583939151,2,1,38.38739963,0.476395914,10.37591659,0.740959166,21,54
11,238,5.629297772,2,1,30.0045675,0.552508635,20.9540712,0.827906649,20,54
11,239,6.038949771,2,1,28.24064277,0.616716383,16.36823947,0.807106691,19,54
11,240,6.059154104,2,0,92.35005058,0.437630101,21.02116213,0.938628022,18,54
11,241,6.232722728,2,1,29.87444682,0.449234096,20.29299353,1.215012418,17,54
11,242,5.996540831,2,1,28.61731143,0.669805058,21.40975128,0.773223724,16,54
11,243,6.634705146,2,0,98.26565377,0.487734034,16.81996464,0.516224667,15,54
11,244,6.420260561,2,0,85.90865124,0.65997989,20.76982207,1.124928294,14,54
11,245,7.215866927,2,1,30.81354869,0.564305747,27.9301911,1.129524076,13,54
11,246,7.409325476,2,1,34.60378733,0.389313937,20.87298477,1.242446697,12,54
11,247,7.346045144,2,1,34.22446203,0.446910088,23.6379653,1.545312811,11,54
11,248,7.770245032,2,1,31.39847748,0.569603677,23.70262851,1.229833848,10,54
11,249,7.610934883,2,0,105.6908735,0.632924418,28.7776879,1.369364824,9,54
11,250,7.943596494,2,0,100.0517709,0.692227489,25.27253466,1.328979388,8,54
11,251,7.632870867,2,0,99.28049724,0.499383277,25.26327353,1.289578756,7,54
11,252,8.066091527,2,0,96.1584685,0.523976027,30.8898201,1.800708728,6,54
11,253,8.989054657,2,1,34.80382879,0.460132803,29.9153458,2.251034097,5,54
11,254,8.856073833,2,1,26.67181128,0.582166953,36.8253125,1.81116329,4,54
11,255,9.608257677,2,0,96.09239429,0.497807823,35.26539403,2.076182333,3,54
11,256,9.600156046,2,1,31.58169729,0.458141163,37.61875455,2.311078293,2,54
11,257,9.769300518,2,1,32.11989922,0.534313385,38.27499534,2.547810296,1,54
11,258,10.09218665,2,0,109.2089007,0.601425947,0,0.192462239,0,54
11,258,0,2,0,109.2089007,0.601425947,0,0.192462239,86,55
11,259,0,2,1,23.32583086,0.642607787,0,0,85,55
11,260,0.04179243,2,1,36.98139249,0.717938722,0,0.019854715,84,55
11,261,0.029497822,2,0,90.49415558,0.746293323,0,0,83,55
11,262,0,2,1,25.82797551,0.584664414,2.060954423,0,82,55
11,263,0.799654924,2,0,80.4617827,0.469367151,0.743442362,0.055259776,81,55
11,264,0.557712049,2,1,33.98696511,0.609690731,0,0.153168809,80,55
11,265,0.239902141,2,0,92.7222883,0.395896886,0,0.069765689,79,55
11,266,0.260581055,2,1,30.75201194,0.635277842,0.536544374,0,78,55
11,267,0.601628206,2,0,94.10934592,0.657065508,0.451914149,0,77,55
11,268,0.609966426,2,1,24.85487806,0.575708589,3.146998785,0.259019611,76,55
11,269,0.384650614,2,1,22.84329104,0.516783639,0,0,75,55
11,270,0.248552781,2,1,43.90355727,0.524190012,0.611459933,0,74,55
11,271,0.444713077,2,0,93.23400215,0.536896818,3.098560172,0.017531475,73,55
11,272,0.443934438,2,1,27.95785094,0.415052724,1.551359865,0.143869677,72,55
11,273,0.462912567,2,1,35.38261613,0.499246758,5.683728239,0,71,55
11,274,0.616701894,2,1,31.38422176,0.497632633,0.197260648,0.109810718,70,55
11,275,0.79167377,2,1,23.71403329,0.576164382,5.556864504,0.368781375,69,55
11,276,1.378789097,2,1,27.5823757,0.635013093,5.215113741,0,68,55
11,277,1.291635431,2,1,32.4331683,0.341725459,3.538898124,0.160024576,67,55
11,278,1.595152993,2,0,99.31261229,0.617980482,2.927400236,0.118872001,66,55
11,279,1.741492059,2,0,102.1391057,0.3372299,5.290483742,0,65,55
11,280,1.711197383,2,1,29.98521268,0.678484957,1.142444565,0.056025145,64,55
11,281,1.781241732,2,1,24.27391341,0.592051632,3.245873991,0.203922632,63,55
11,282,2.163098208,2,1,36.00450049,0.689202642,4.388618959,0.421567145,62,55
11,283,2.107152966,2,1,27.84393953,0.329553831,0,0.079847845,61,55
11,284,2.021641859,2,0,101.5896603,0.587399551,7.845484381,0.405063295,60,55
11,285,2.614662427,2,1,26.53832722,0.520201429,8.69660295,0.111565672,59,55
11,286,3.15684475,2,1,27.07679162,0.370404081,11.52514667,0.349033879,58,55
11,287,3.345683298,2,0,109.3674595,0.391911804,1.642085004,0.256032744,57,55
11,288,3.344231559,2,1,29.56901473,0.509894402,9.973143136,0.232175009,56,55
11,289,3.584783484,2,0,82.76213482,0.44230106,7.14418762,0.164588104,55,55
11,290,3.360246414,2,1,33.28789296,0.431741702,9.518764696,0,54,55
11,291,3.417133886,2,1,29.18431936,0.47192047,9.304674534,0.294523318,53,55
11,292,3.375054661,2,0,96.26673385,0.444189851,5.968819271,0.344754012,52,55
11,293,3.271828638,2,1,27.71509826,0.60761184,11.03331942,0.534563092,51,55
11,294,3.518577101,2,0,97.46467197,0.530550417,5.378972526,0.246228188,50,55
11,295,3.568922069,2,0,108.7325627,0.352963746,4.485971862,0.385892434,49,55
11,296,3.711833507,2,1,39.39413482,0.383035467,7.759363009,0.292192714,48,55
11,297,3.78793174,2,0,99.45731987,0.644562344,9.402782701,0.422664012,47,55
11,298,3.769551437,2,1,27.42349436,0.438198224,6.632415528,0.390976076,46,55
11,299,4.275271898,2,1,29.04673998,0.419984727,10.19002747,0.469548464,45,55
11,300,4.28691206,2,1,21.47327742,0.373954698,13.42362311,0.475489122,44,55
11,301,4.466917376,2,1,31.93712239,0.432705794,9.618765594,0.303215987,43,55
11,302,4.373779647,2,0,106.118547,0.636573825,6.930053769,0.293253355,42,55
11,303,4.529860373,2,1,36.09320002,0.662996604,9.263261115,0.604582041,41,55
11,304,4.658801953,2,0,106.462172,0.5402445,11.26865385,0.363295124,40,55
11,305,4.5295176,2,0,94.97494473,0.494834062,13.36995631,0.641784495,39,55
11,306,4.596356779,2,0,98.65267934,0.491961219,11.56311854,0.729071538,38,55
11,307,4.477139645,2,0,97.41405932,0.468336963,13.23522176,0.645141206,37,55
11,308,4.735762969,2,1,20.24423576,0.441332393,9.666168965,0.739205456,36,55
11,309,4.281591425,2,1,29.55522193,0.608222758,11.71640154,0.610560429,35,55
11,310,4.564333259,2,1,30.54073173,0.565876077,4.959106351,0.481388343,34,55
11,311,4.64337197,2,1,30.36407704,0.4190991,14.11731548,0.123683841,33,55
11,312,4.462362219,2,1,27.49705874,0.574584634,13.89803022,0.377063395,32,55
11,313,4.397067414,2,1,26.52562943,0.597589486,13.92282649,0.683422847,31,55
11,314,4.846932695,2,1,29.2456659,0.420150994,14.07951951,0.579878876,30,55
11,315,4.713601176,2,0,100.7668625,0.481089485,16.48955959,0.533102379,29,55
11,316,4.882121762,2,1,30.93281051,0.452195689,9.464758293,0.578112725,28,55
11,317,4.889279049,2,1,34.79569974,0.546018229,11.40122076,0.87626052,27,55
11,318,4.693720079,2,1,26.18917531,0.496233504,12.26728138,0.824691993,26,55
11,319,4.560597576,2,1,34.87777365,0.483673139,16.52861183,0.605106422,25,55
11,320,5.131072374,2,1,33.01850686,0.364590207,13.01865346,0.647927078,24,55
11,321,5.255684804,2,0,101.7679247,0.550062137,16.17272584,0.485253892,23,55
11,322,5.052221908,2,1,27.27609209,0.776794161,17.59033483,0.807840131,22,55
11,323,5.738746566,2,0,101.5204628,0.675994243,15.53224923,0.952793969,21,55
11,324,5.99684264,2,1,34.41138746,0.463557947,23.75441997,1.044876085,20,55
11,325,6.014440537,2,0,106.2081713,0.449365781,19.83523591,1.220180897,19,55
11,326,6.420369456,2,1,29.92063255,0.680112654,16.82973377,1.054496801,18,55
11,327,6.750096105,2,1,30.41693348,0.56668848,14.86001371,1.025824562,17,55
11,328,6.943428311,2,0,101.007074,0.566452816,23.53067785,1.152962045,16,55
11,329,7.063601455,2,0,106.0694876,0.617638133,28.30854676,0.952816587,15,55
11,330,7.483312589,2,1,30.41250787,0.454113264,25.64607911,1.216276164,14,55
11,331,7.385933919,2,1,27.70551666,0.496769547,22.47363455,1.222806349,13,55
11,332,6.90917716,2,1,26.18267254,0.340008326,24.73378878,1.471602316,12,55
11,333,7.390218012,2,1,31.17691316,0.499159757,30.22891677,1.499279185,11,55
11,334,7.256240957,2,0,100.0124227,0.54546454,27.39163769,1.06297964,10,55
11,335,7.483021315,2,1,27.15053239,0.602575979,19.57702082,1.250315533,9,55
11,336,7.424141628,2,1,27.88130226,0.569988908,32.72490136,1.388321962,8,55
11,337,7.537896823,2,0,109.6819587,0.671650428,22.71389238,1.496874947,7,55
11,338,7.940372958,2,1,32.37979404,0.485086266,27.28089865,1.498460516,6,55
11,339,8.262959879,2,0,107.9461196,0.41407301,24.39734463,1.459797372,5,55
11,340,8.021943143,2,1,28.5509665,0.37731711,33.4973466,1.789556612,4,55
11,341,8.659123049,2,1,34.80490945,0.721700834,30.85273707,1.806293136,3,55
11,342,9.280514294,2,1,17.8658124,0.622307651,34.39550362,2.310418472,2,55
11,343,9.535909152,2,1,34.88937339,0.612222311,30.85371538,2.152022795,1,55
11,344,10.33786257,2,0,84.77836953,0.517912846,0,0,0,55
11,344,0,2,0,84.77836953,0.517912846,0,0,87,56
11,345,0,2,1,23.67600714,0.692404778,3.245104702,0,86,56
11,346,0.240396553,2,0,100.4224512,0.420829515,0,0.139460562,85,56
11,347,0.048431672,2,0,94.61054523,0.481212331,0,0,84,56
11,348,0.562277488,2,0,91.27202271,0.587975345,0.596722185,0.329914758,83,56
11,349,0.164784131,2,1,38.97733175,0.473341289,0,0,82,56
11,350,0.770243029,2,1,33.78222199,0.680576562,0,0,81,56
11,351,0.445847713,2,1,23.1743395,0.486755821,0,0.091504812,80,56
11,352,0.665251894,2,0,101.4582547,0.52752067,0,0.194703178,79,56
11,353,0.663338272,2,1,23.24518324,0.692755891,0,0,78,56
11,354,0.990646283,2,1,33.47014812,0.524037906,1.621271699,0.021659237,77,56
11,355,0.705766155,2,1,35.45430783,0.480411188,0,0,76,56
11,356,0.812038681,2,1,33.12309046,0.626200976,3.749213587,0.38328479,75,56
11,357,0.80807977,2,0,97.25117055,0.432710504,2.843081513,0.407890772,74,56
11,358,1.05692843,2,1,27.38394172,0.656946907,0.032868221,0.039149511,73,56
11,359,1.054319954,2,1,32.71533614,0.62551919,0,0,72,56
11,360,0.679106193,2,1,28.37648607,0.469226354,0,0,71,56
11,361,0.700733069,2,1,30.83382512,0.668304365,0.226793819,0.148930083,70,56
11,362,0.892358631,2,1,32.01228181,0.511315012,0.687873354,0.178504792,69,56
11,363,1.018089891,2,0,89.85983225,0.451283072,0,0,68,56
11,364,1.185973393,2,1,30.03431017,0.576135281,0,0,67,56
11,365,1.053042997,2,1,22.51953073,0.538494339,0.60822503,0,66,56
11,366,1.07304963,2,1,33.24439365,0.463889287,0,0.091919374,65,56
11,367,1.151322488,2,0,96.95312813,0.549229669,0,0.237052861,64,56
11,368,1.355966183,2,1,19.99731155,0.479261896,0,0,63,56
11,369,1.096403547,2,1,18.76982071,0.599833369,0,0,62,56
11,370,1.457451997,2,0,104.7319672,0.479974726,0,0,61,56
11,371,1.364906716,2,0,102.0936919,0.584386469,2.013143725,0.135288154,60,56
11,372,1.638368363,2,0,107.6526044,0.681175966,1.64303458,0,59,56
11,373,1.522242218,2,0,98.42688526,0.62169404,6.921220433,0.133980694,58,56
11,374,1.632526682,2,1,33.92343342,0.550776093,3.556492612,0.021194099,57,56
11,375,1.85195608,2,1,29.45778309,0.508159928,0,0,56,56
11,376,1.903280319,2,1,19.56532979,0.667964148,0.288132935,0,55,56
11,377,2.115625587,2,1,27.75330624,0.603740456,4.674019377,0.260145564,54,56
11,378,2.360855835,2,0,103.7395555,0.608480634,8.215839868,0.17503216,53,56
11,379,2.564867443,2,1,24.44110932,0.430490168,0.31685914,0.392493735,52,56
11,380,2.255572463,2,0,98.14854957,0.415134082,2.89141554,0.03850375,51,56
11,381,2.490951192,2,1,18.80260724,0.386184891,10.10437454,0.172423089,50,56
11,382,2.421398824,2,1,30.43121688,0.512604967,7.662124158,0.079992398,49,56
11,383,2.563809832,2,1,28.57497909,0.492436405,7.252347461,0.422926186,48,56
11,384,2.813142884,2,1,40.52149572,0.744595907,6.552402224,0.144399364,47,56
11,385,2.84648793,2,1,32.73865271,0.654072479,4.255663786,0,46,56
11,386,3.060769346,2,1,37.82516504,0.520527383,7.30878126,0.218547329,45,56
11,387,3.142579819,2,0,104.6639475,0.761274383,2.29605155,0.248790034,44,56
11,388,2.875014809,2,0,86.37590146,0.585800214,1.972653528,0.134312256,43,56
11,389,3.453144931,2,1,32.11194801,0.501103765,10.12172648,0.041889795,42,56
11,390,3.250844757,2,0,108.9284602,0.609845452,7.972292133,0.260583016,41,56
11,391,3.838085829,2,1,26.00513116,0.642717565,8.737467418,0.126566967,40,56
11,392,3.918997102,2,0,95.7918027,0.551719169,11.35255103,0.476556876,39,56
11,393,3.83725149,2,0,93.14575411,0.663333873,11.99804876,0.158047822,38,56
11,394,4.676734407,2,1,33.04240602,0.557233842,16.46481032,0.48726913,37,56
11,395,4.352164968,2,1,21.87252031,0.511187698,9.524341399,0.398500977,36,56
11,396,4.501466443,2,1,28.18042205,0.812880148,15.06925112,0.653038528,35,56
11,397,4.684220814,2,1,29.9233015,0.478477934,15.79153546,0.73295091,34,56
11,398,4.656876537,2,0,101.8455735,0.455566381,9.638333972,0.419068304,33,56
11,399,4.594983413,2,0,93.84314155,0.414707714,14.14969411,0.373128636,32,56
11,400,4.770606759,2,0,110.6894015,0.423827318,13.5776759,0.58448556,31,56
11,401,4.686375936,2,1,36.22000444,0.633639816,15.61852139,0.831252568,30,56
11,402,4.897354239,2,1,26.30856981,0.484407067,12.33697632,0.42856345,29,56
11,403,4.867623084,2,0,104.9279887,0.452207921,12.23576235,0.527489833,28,56
11,404,5.024418759,2,1,26.79868944,0.336792987,15.78380954,0.593779624,27,56
11,405,4.613152931,2,1,29.16962281,0.640520573,12.76109827,0.161794692,26,56
11,406,5.073907035,2,1,30.32262437,0.463433002,15.06997751,0.420175324,25,56
11,407,4.79581926,2,0,99.74616999,0.594184999,12.62423727,0.795600652,24,56
11,408,4.811796474,2,1,40.87985264,0.456462761,16.05634112,0.47560278,23,56
11,409,5.051510991,2,1,29.13596179,0.382898848,14.36227966,0.609372647,22,56
11,410,5.194428094,2,1,27.24218836,0.329875395,15.31863133,0.407925715,21,56
11,411,5.090656425,2,1,40.28760352,0.51089709,9.804944157,0.822074461,20,56
11,412,5.168600522,2,1,30.02239042,0.400303862,22.18161176,0.560886021,19,56
11,413,5.283057437,2,1,25.52156001,0.535499521,16.21908139,0.847770865,18,56
11,414,5.627927032,2,1,28.18806056,0.633420268,18.05732462,0.737242739,17,56
11,415,5.920702132,2,1,29.60024635,0.372052583,20.26237895,0.782896459,16,56
11,416,6.12081049,2,1,29.3058862,0.545709053,20.59180406,0.942099782,15,56
11,417,6.121176102,2,0,110.8254941,0.516194527,15.36122721,0.922692163,14,56
11,418,6.289615168,2,0,96.33097918,0.552451951,23.41702286,0.966098289,13,56
11,419,6.377683002,2,1,25.59967644,0.540622024,22.85647358,1.051805784,12,56
11,420,6.445740529,2,1,42.61460696,0.354820285,22.82025957,0.93118399,11,56
11,421,6.652121749,2,1,28.77355331,0.618846591,19.3347919,1.280970766,10,56
11,422,7.165007539,2,1,26.57038748,0.51945572,26.512786,1.239555088,9,56
11,423,7.16059539,2,0,93.88378251,0.485149119,20.88473252,1.243079685,8,56
11,424,7.114664805,2,0,102.9335689,0.428645639,23.70505829,1.252966359,7,56
11,425,7.254900581,2,1,30.00198331,0.435611387,22.13366096,1.225327949,6,56
11,426,8.316710645,2,1,34.42643175,0.630909208,32.04732262,1.870850787,5,56
11,427,8.493021688,2,1,26.65178905,0.28681471,25.1869534,1.972695411,4,56
11,428,8.846828801,2,1,34.73554842,0.660401261,22.75877873,1.846405459,3,56
11,429,8.681170644,2,0,106.31844,0.473088487,35.01940726,1.996430061,2,56
11,430,9.350824383,2,1,36.4674929,0.629109521,43.79934396,2.152191024,1,56
11,431,9.863249939,2,1,26.39752195,0.686497205,0.724027155,0,0,56
12,0,0,2,1,34.45986565,0.515519457,0,0.331338113,73,58
12,1,0.19929032,2,0,103.5942061,0.740279595,0.421349188,0,72,58
12,2,0,2,1,36.77800099,0.648670537,0,0,71,58
12,3,0,2,0,104.0455466,0.666319466,0,0.127792625,70,58
12,4,0.373150485,2,1,26.50688517,0.590616637,0,0.042386733,69,58
12,5,0.057675016,2,1,24.22285944,0.572002054,0,0,68,58
12,6,0.593929456,2,1,38.87833126,0.679447337,0,0.177304041,67,58
12,7,0.635836999,2,0,106.6695247,0.625933782,3.170574715,0,66,58
12,8,1.098574637,2,1,30.14388982,0.595238824,6.539932711,0.01821048,65,58
12,9,1.034056172,2,1,25.07086051,0.329892567,2.468711362,0,64,58
12,10,1.001139469,2,1,23.3684312,0.468479068,0.201296598,0,63,58
12,11,1.11674273,2,1,25.5364417,0.476068458,4.53447874,0.104904194,62,58
12,12,1.136222718,2,1,23.67302994,0.682549067,0,0.051255727,61,58
12,13,0.928046025,2,1,30.47019569,0.759001531,3.447765966,0.119178899,60,58
12,14,1.146551835,2,0,84.12148825,0.558316137,0,0.152896663,59,58
12,15,1.258381952,2,1,34.2646492,0.564470384,2.680325876,0,58,58
12,16,1.545982124,2,1,37.56571014,0.742450267,0,0,57,58
12,17,1.810591727,2,1,19.3175131,0.594212769,9.796653833,0,56,58
12,18,1.818899754,2,1,40.3636489,0.659719576,10.21486936,0.279877749,55,58
12,19,2.045261649,2,1,34.49024158,0.681807145,4.535794478,0.268208627,54,58
12,20,1.904877101,2,1,33.17292998,0.643915427,3.467387397,0.312255843,53,58
12,21,2.437997671,2,0,108.4616999,0.653089572,7.423323561,0.391821952,52,58
12,22,2.457760669,2,0,103.8657012,0.524336144,8.331219382,0.254523268,51,58
12,23,2.440140011,2,1,28.07176115,0.479058398,0,0.383799024,50,58
12,24,2.378192243,2,1,34.27723713,0.617289521,0.026670942,0.270870482,49,58
12,25,2.480604552,2,1,32.813314,0.762186996,11.6268029,0.145085832,48,58
12,26,2.282225806,2,1,37.18993975,0.542737015,2.284377349,0.190472167,47,58
12,27,2.537429568,2,0,101.7806916,0.656235086,8.551150688,0.121302118,46,58
12,28,2.434946972,2,0,94.0981219,0.578764999,4.035503101,0,45,58
12,29,2.667917956,2,1,34.29531569,0.49061404,0.398858928,0.231592841,44,58
12,30,2.707589761,2,1,32.49181388,0.648416977,5.099625912,0.327511885,43,58
12,31,2.635763388,2,1,31.56238764,0.789121634,7.207182221,0.195437928,42,58
12,32,2.913151112,2,0,93.43323154,0.639995104,6.963225458,0.375072689,41,58
12,33,3.063483389,2,1,24.68512802,0.661262867,7.323988794,0.180755497,40,58
12,34,3.167142166,2,1,24.33493774,0.579335136,3.981604941,0.264981443,39,58
12,35,2.930132386,2,0,107.0505984,0.498919242,10.38820546,0.207684341,38,58
12,36,3.174870055,2,1,30.4105567,0.828247604,6.089510254,0.513185022,37,58
12,37,3.236325473,2,1,33.32110186,0.450279076,6.853491603,0.45568105,36,58
12,38,4.047884464,2,1,29.92070063,0.553534151,12.82457472,0.509236383,35,58
12,39,3.888644565,2,1,29.28290793,0.551046545,8.968995636,0.424216853,34,58
12,40,4.24438345,2,0,96.61361533,0.580003094,8.940509646,0.430933603,33,58
12,41,4.147602863,2,0,99.68410482,0.659533908,4.948677019,0.502967362,32,58
12,42,4.564278165,2,1,29.7196442,0.622586712,7.92157895,0.448209939,31,58
12,43,4.533604287,2,1,33.75172353,0.633187187,10.34113833,0.418952531,30,58
12,44,4.734158672,2,0,92.00882019,0.70445683,7.023465534,0.397454493,29,58
12,45,4.893061294,2,1,29.54651571,0.538303934,18.10593295,0.363358424,28,58
12,46,4.942282693,2,1,34.98214625,0.464591867,11.89176959,0.499615273,27,58
12,47,4.834514906,2,1,37.16916531,0.737072978,14.34838451,0.458848847,26,58
12,48,4.674021772,2,0,93.77261909,0.626725699,17.36603894,0.546340758,25,58
12,49,5.403587794,2,1,20.87828563,0.728798419,13.60155264,0.706044048,24,58
12,50,5.393136166,2,1,26.83710452,0.504380658,18.30175636,0.628380854,23,58
12,51,5.807336377,2,0,101.475645,0.828010495,19.02818769,0.9320481,22,58
12,52,5.863004771,2,1,24.83463985,0.674434211,20.03828212,0.827192743,21,58
12,53,6.061842014,2,1,24.73702587,0.659490203,15.12147996,1.070880027,20,58
12,54,6.373662009,2,1,22.74874322,0.537559821,24.7104127,1.276540985,19,58
12,55,6.486870279,2,1,24.74321026,0.559095838,26.73908312,1.00815037,18,58
12,56,6.239644828,2,1,28.64966501,0.520370698,22.73311802,1.171079812,17,58
12,57,6.51812461,2,1,37.91443155,0.69665149,20.26513285,1.101600272,16,58
12,58,6.745270962,2,0,94.24956827,0.61784443,22.68517173,0.96078709,15,58
12,59,6.907552082,2,0,93.32280592,0.656744229,24.48604409,0.910538043,14,58
12,60,6.727894347,2,0,91.38135065,0.431077508,20.24160561,0.766348559,13,58
12,61,6.837094257,2,1,26.64909472,0.804413022,21.74625189,1.117726951,12,58
12,62,7.314673385,2,1,27.00326828,0.891850062,22.40590104,1.162845814,11,58
12,63,7.193616653,2,0,107.2641468,0.627798087,22.14348998,1.509019483,10,58
12,64,7.229822587,2,0,92.42964136,0.622785897,31.55572987,1.420085721,9,58
12,65,7.440101563,2,1,34.46107517,0.609121809,20.18928215,1.398688589,8,58
12,66,7.310277083,2,0,97.53726313,0.628862446,24.05300779,1.328622196,7,58
12,67,7.95926566,2,1,30.47090276,0.697696681,31.10461714,1.549542235,6,58
12,68,8.439977019,2,1,24.74511443,0.742935749,27.00109818,1.797039468,5,58
12,69,8.383062408,2,1,36.86060661,0.718671212,30.43967692,1.731000008,4,58
12,70,8.83853405,2,0,95.42146169,0.753744273,40.45953739,2.125249193,3,58
12,71,9.164330779,2,0,98.94195866,0.518116566,34.4865969,2.222891502,2,58
12,72,9.773588254,2,1,27.43433368,0.71538591,35.48039765,2.392951851,1,58
12,73,10.58145657,2,1,34.99376504,0.583215817,0.600192193,0,0,58
12,73,0,2,1,34.99376504,0.583215817,0.600192193,0,87,59
12,74,0.230079362,2,1,34.68937261,0.672371188,0.561363742,0,86,59
12,75,0.520774596,2,1,26.59706266,0.566189729,0,0,85,59
12,76,0.129003607,2,0,98.61131221,0.597229686,3.72038379,0,84,59
12,77,0.491801666,2,1,33.02649246,0.732522252,0,0,83,59
12,78,1.058130217,2,1,30.10875278,0.740752314,0,0.050325642,82,59
12,79,0.632962346,2,1,29.08181971,0.570188117,0,0,81,59
12,80,1.238389486,2,1,35.7019644,0.764643285,3.413131828,0.028759367,80,59
12,81,0.930529589,2,1,30.29204719,0.666472957,2.762040628,0.072447375,79,59
12,82,0.721479253,2,1,27.48021629,0.599648481,0,0.122618229,78,59
12,83,0.671199065,2,1,32.08206682,0.592947215,3.02254231,0,77,59
12,84,1.151513249,2,1,29.4314855,0.441186832,0.203592148,0,76,59
12,85,1.164869694,2,1,29.33234452,0.637016862,0.179227511,0.083402958,75,59
12,86,1.010058717,2,1,30.28034236,0.42928911,3.67460213,0,74,59
12,87,1.085431323,2,1,29.25051649,0.380344256,0,0,73,59
12,88,1.447820623,2,1,35.51576734,0.726746377,5.882688195,0.348916361,72,59
12,89,1.088058424,2,1,27.06966955,0.536898632,0.188738775,0.090460308,71,59
12,90,1.263821166,2,0,108.0358718,0.890436044,7.459487049,0,70,59
12,91,1.25523603,2,1,21.25885729,0.577446493,0,0,69,59
12,92,1.327542714,2,1,33.31811856,0.716189929,0,0,68,59
12,93,1.196994183,2,1,34.43034732,0.519500204,0,0,67,59
12,94,2.43961305,2,0,105.0270031,0.65217978,5.985644778,0,66,59
12,95,2.459092709,2,1,27.00200191,0.561353694,2.488513611,0,65,59
12,96,2.464659643,2,1,34.6090972,0.481055287,7.907776888,0.527847988,64,59
12,97,2.347281285,2,1,33.01102868,0.640356414,0.145713987,0,63,59
12,98,2.77846671,2,1,29.61446223,0.534905659,0,0,62,59
12,99,2.491316313,2,1,23.61790023,0.637592359,2.379337996,0,61,59
12,100,2.367009995,2,1,26.81330168,0.593423812,3.320866657,0.299605633,60,59
12,101,2.117593811,2,1,30.35438652,0.692830006,1.001691418,0,59,59
12,102,2.447037147,2,1,27.67802194,0.637810944,4.143445224,0.290411994,58,59
12,103,2.677324268,2,1,24.31625162,0.548896678,5.332948484,0.046176854,57,59
12,104,3.169450566,2,1,24.73810705,0.547201428,10.106998,0.268784106,56,59
12,105,3.051152743,2,1,34.88331524,0.618783561,7.769166328,0.413324848,55,59
12,106,3.224722233,2,1,26.78736515,0.629010253,11.22631028,0.437998172,54,59
12,107,3.29878374,2,1,20.91834724,0.61520075,8.840134911,0,53,59
12,108,3.513141391,2,1,31.70583808,0.568775145,5.91413527,0.10575539,52,59
12,109,3.314025809,2,0,91.80984772,0.629203211,5.364314171,0.603459223,51,59
12,110,3.643888959,2,1,33.33179371,0.651177,14.37664268,0.127651711,50,59
12,111,3.606993898,2,1,33.01320378,0.707783323,10.73867071,0.249163912,49,59
12,112,3.859992744,2,1,28.35639254,0.620399255,13.30648765,0.265630449,48,59
12,113,3.812127112,2,1,46.19684503,0.418458131,10.62269971,0.315858974,47,59
12,114,3.903281594,2,1,28.64144308,0.574941349,11.24560258,0.500805994,46,59
12,115,3.954523842,2,1,35.6945385,0.483008345,6.759958217,0.504338682,45,59
12,116,3.779564,2,1,25.06675794,0.670533258,7.87353219,0.343105053,44,59
12,117,3.884667366,2,1,24.98217553,0.593356975,11.09500069,0.399485282,43,59
12,118,4.187135758,2,1,25.18346247,0.564512929,5.75587478,0.375325649,42,59
12,119,4.562943987,2,1,23.5599139,0.684359287,15.15541463,0.512452494,41,59
12,120,4.129173255,2,0,84.79588599,0.619628357,10.34537658,0.741007236,40,59
12,121,4.302232436,2,1,33.4482292,0.604445812,4.637446833,0.555897305,39,59
12,122,4.49081725,2,1,32.66758535,0.482398786,7.012678117,0.55628733,38,59
12,123,4.21522846,2,1,34.5963678,0.729444132,10.94459758,0.391758708,37,59
12,124,4.454918191,2,1,30.43801956,0.628226983,10.36453929,0.289067905,36,59
12,125,4.119465595,2,1,32.95466143,0.658100306,10.85022843,0.180863452,35,59
12,126,4.63694232,2,0,101.534317,0.716115273,8.531950963,0.454895561,34,59
12,127,4.602817553,2,1,31.81153872,0.689644118,11.43437724,0.280378337,33,59
12,128,4.52985354,2,0,97.27358107,0.691014055,13.04644077,0.529479305,32,59
12,129,4.91316759,2,1,31.60589461,0.461909713,10.717957,0.372353987,31,59
12,130,4.71352123,2,0,87.73689413,0.546164118,11.49373966,0.354736469,30,59
12,131,4.733904966,2,0,116.9835697,0.582712421,11.77243163,0.623441621,29,59
12,132,4.928219205,2,1,27.18756241,0.57758089,14.50356528,0.42490492,28,59
12,133,4.574991549,2,1,35.40033141,0.664683167,15.02964096,0.790196657,27,59
12,134,4.829948781,2,1,31.9027401,0.601033469,15.88146585,0.890347926,26,59
12,135,4.964137437,2,0,99.54350368,0.754740747,17.84001145,0.70770861,25,59
12,136,5.184539272,2,1,28.23624115,0.492634832,13.43396087,0.727997244,24,59
12,137,5.42089682,2,1,24.47159674,0.65136976,15.60318425,0.740573576,23,59
12,138,5.43577562,2,1,21.69067406,0.725176565,13.13697679,0.581676121,22,59
12,139,5.544180785,2,1,20.57979893,0.743454679,21.58747088,0.554565235,21,59
12,140,5.462118362,2,0,96.14327399,0.55298105,15.07113171,0.796008152,20,59
12,141,5.80877378,2,0,99.34653172,0.48467757,16.13479085,0.978652372,19,59
12,142,5.817874838,2,1,30.06542497,0.647894481,15.54631901,0.642448549,18,59
12,143,6.104721607,2,1,28.05698249,0.468072462,25.50686756,1.206550338,17,59
12,144,6.01595005,2,1,23.91037924,0.646082673,19.43443191,0.643244096,16,59
12,145,6.211854903,2,1,29.2124622,0.62538027,23.88809055,0.97449463,15,59
12,146,6.324484075,2,1,23.34937624,0.484920606,17.57414092,0.918668517,14,59
12,147,6.312497971,2,1,28.39323901,0.849432764,19.58859046,1.250478093,13,59
12,148,6.581800667,2,1,30.40871729,0.695276758,28.30554918,0.755487304,12,59
12,149,6.293873161,2,1,30.95090063,0.604870428,21.21250685,1.369868121,11,59
12,150,6.430703384,2,1,22.34334478,0.51087338,26.619982,1.023184808,10,59
12,151,7.270537731,2,0,105.9510093,0.762459453,26.95730839,1.084188593,9,59
12,152,7.24392705,2,1,30.65689485,0.473696503,27.722232,1.306694286,8,59
12,153,6.848492995,2,0,104.4278086,0.583280086,21.18588752,1.255670963,7,59
12,154,7.650275091,2,1,31.05806469,0.656969278,28.49696983,1.506890052,6,59
12,155,7.644748389,2,0,110.4778495,0.817602615,28.90202616,1.547749638,5,59
12,156,8.026614256,2,1,29.47330076,0.480817258,34.36866172,1.54430813,4,59
12,157,8.323118642,2,1,36.41931795,0.511235773,27.75075669,1.907101619,3,59
12,158,8.661640915,2,0,111.7244852,0.433553489,34.5036387,1.942303008,2,59
12,159,9.455809652,2,0,104.3707947,0.611443985,32.27427598,2.251462584,1,59
12,160,10.03621224,2,0,102.1654403,0.746841439,0,0,0,59
12,160,0,2,0,102.1654403,0.746841439,0,0,106,60
12,161,0.003737918,2,1,38.17821202,0.70191436,0,0.086656082,105,60
12,162,0.210900741,2,0,100.0572805,0.69874546,0,0,104,60
12,163,0.098766735,2,1,22.24730083,0.495906682,0.443435457,0,103,60
12,164,0.215281592,2,1,30.59761671,0.700935787,0,0,102,60
12,165,0.285308623,2,1,22.8343003,0.613536389,6.374219792,0.209173836,101,60
12,166,0.749119676,2,1,28.35124146,0.623986106,0,0,100,60
12,167,0.856961239,2,1,31.19087801,0.647516738,0,0.019303972,99,60
12,168,0.681615271,2,1,36.47439683,0.521164586,0.966377129,0.166605832,98,60
12,169,0.855161268,2,1,30.39862326,0.67271691,0.80693176,0,97,60
12,170,0.655320267,2,0,92.28896759,0.623503954,9.156932371,0.005054478,96,60
12,171,0.708349494,2,1,35.04045151,0.668833892,1.176100807,0,95,60
12,172,0.75325811,2,1,26.85020852,0.505476941,2.044877645,0.114098865,94,60
12,173,1.059918153,2,1,37.94991502,0.566841907,5.609042086,0,93,60
12,174,0.951936138,2,1,29.17260312,0.606908361,0,0.127199424,92,60
12,175,1.121729238,2,1,36.23597063,0.630923895,0.036007648,0,91,60
12,176,1.171590907,2,0,108.9805045,0.469507234,0,0.169493553,90,60
12,177,1.011988152,2,1,31.35897813,0.512596304,3.629062054,0.022039562,89,60
12,178,1.19981857,2,1,21.69953766,0.560535087,3.471600174,0.021742465,88,60
12,179,1.216417647,2,1,19.61489523,0.57784611,1.69686436,0,87,60
12,180,1.302150307,2,1,28.44615549,0.570384891,5.067297889,0.104646149,86,60
12,181,1.651629344,2,1,25.9565073,0.632117348,0.151480347,0.130132929,85,60
12,182,1.350450475,2,0,109.1699298,0.617185928,2.659738965,0.121559428,84,60
12,183,1.62978618,2,1,40.80610516,0.641549218,0,0.149775864,83,60
12,184,1.545384932,2,1,29.7112858,0.481307817,2.676035657,0.225296554,82,60
12,185,1.711428189,2,1,32.46464683,0.430076497,2.766810315,0.131023711,81,60
12,186,1.938240659,2,1,33.67526306,0.551494264,3.556656231,0.076994221,80,60
12,187,1.763911536,2,1,33.01809212,0.823667451,2.440771671,0.207314014,79,60
12,188,2.025957269,2,1,38.70734786,0.486766982,0,0.135979676,78,60
12,189,1.718290274,2,1,29.95877025,0.398266772,1.626769139,0,77,60
12,190,2.065630303,2,1,26.77305401,0.542744918,1.572594656,0.122442928,76,60
12,191,1.997621912,2,1,19.34018157,0.621661833,7.280540634,0.197107111,75,60
12,192,1.79501633,2,0,102.6372214,0.591035231,0,0,74,60
12,193,2.137968912,2,1,31.91984947,0.619080578,5.918496104,0.142269022,73,60
12,194,1.805305721,2,1,28.21974904,0.732434638,0,0.106493697,72,60
12,195,2.162069071,2,0,92.10546087,0.584519561,5.596663707,0.02232062,71,60
12,196,1.993675513,2,0,106.245808,0.814699421,3.341542032,0.358962569,70,60
12,197,2.055570845,2,1,33.32661086,0.583226251,5.681221185,0.231923647,69,60
12,198,2.217642247,2,1,29.99622183,0.688971954,10.28748042,0.094363572,68,60
12,199,2.279041926,2,1,26.49713091,0.356936532,9.190797943,0.26343065,67,60
12,200,2.229801592,2,1,30.15152366,0.560024626,1.842588087,0.167699252,66,60
12,201,2.189693598,2,0,116.2008962,0.6560962,1.174835415,0,65,60
12,202,2.206461978,2,1,28.39919311,0.559551751,5.541317339,0.026127485,64,60
12,203,2.205487397,2,1,26.48783931,0.548528182,6.450885464,0.303558466,63,60
12,204,2.171142642,2,1,31.03845243,0.584000465,0,0,62,60
12,205,2.257077398,2,1,37.06156803,0.621136145,3.948922156,0.097511393,61,60
12,206,2.285199144,2,1,25.68736306,0.682939649,4.37951187,0.170357628,60,60
12,207,2.401660482,2,1,29.88197373,0.575835621,2.602758273,0.004671991,59,60
12,208,2.315607899,2,1,30.22092969,0.582854877,8.914873748,0,58,60
12,209,2.39448925,2,0,107.0618629,0.679248972,3.208036534,0,57,60
12,210,2.447573684,2,1,30.51689465,0.719005053,6.57792455,0.247184902,56,60
12,211,2.584746355,2,1,36.46545428,0.458080455,8.056846183,0.251919977,55,60
12,212,2.727512874,2,1,26.84330644,0.516548539,6.566754734,0.218932872,54,60
12,213,3.35579548,2,1,30.54640829,0.624740664,7.385489177,0.488740473,53,60
12,214,3.108314562,2,1,32.08281614,0.568521049,8.456984324,0.138096997,52,60
12,215,3.096125127,2,1,33.30737402,0.673952354,11.02623102,0.295227705,51,60
12,216,3.216323656,2,0,85.73811742,0.571274566,10.74074682,0.165019213,50,60
12,217,3.296235668,2,0,79.04934344,0.565491895,4.242074822,0.452921905,49,60
12,218,3.425831781,2,1,25.45979792,0.56339226,10.0314729,0.125184025,48,60
12,219,3.40672703,2,1,38.27052314,0.555276889,11.3901437,0.166380575,47,60
12,220,3.255081499,2,0,99.46958918,0.605716176,9.307394546,0.299356681,46,60
12,221,4.026609395,2,1,29.93113215,0.733764184,10.2607565,0.314165606,45,60
12,222,4.15619284,2,1,28.43292606,0.456563939,9.361073304,0.292738189,44,60
12,223,4.29295508,2,1,30.2029402,0.62653676,11.80324737,0.44449801,43,60
12,224,4.583318644,2,1,32.01014239,0.578539514,15.07303704,0.674343629,42,60
12,225,4.345446507,2,0,106.5722653,0.70411809,11.80630722,0.494781942,41,60
12,226,4.251948595,2,0,88.06699112,0.791952131,10.46778849,0.368613805,40,60
12,227,4.41574014,2,1,16.33476521,0.445450286,11.64958508,0.466406285,39,60
12,228,4.713143551,2,1,32.34401406,0.816772834,12.01808099,0.69313411,38,60
12,229,4.713637301,2,0,98.41794354,0.733246794,10.58038457,0.405410306,37,60
12,230,4.897136785,2,1,31.03675076,0.713114479,14.26684395,0.837702905,36,60
12,231,4.742824103,2,0,98.67236106,0.739005489,13.60626267,0.736201804,35,60
12,232,5.010711724,2,0,101.5627539,0.559294003,13.33469074,0.401816414,34,60
12,233,5.067802508,2,1,35.55461312,0.665503705,9.810187181,0.605042571,33,60
12,234,4.64751948,2,1,35.20014149,0.655056741,8.440300384,0.692850878,32,60
12,235,5.468859751,2,1,36.37778521,0.336051427,11.21690231,0.826693708,31,60
12,236,5.676755828,2,1,21.97382532,0.662595561,16.02662465,0.707761391,30,60
12,237,5.545883344,2,1,30.79957543,0.614558514,17.98516689,0.840447469,29,60
12,238,5.617610808,2,0,95.14700023,0.739352054,14.88998866,0.693388822,28,60
12,239,5.609960535,2,1,27.03943204,0.432212943,15.45814407,0.829940719,27,60
12,240,5.826034339,2,1,31.53646063,0.656231492,18.4654028,0.856259172,26,60
12,241,5.825599272,2,1,32.8167271,0.29557396,16.58949929,0.802300957,25,60
12,242,6.020744419,2,0,105.1560496,0.512721498,17.63679511,0.921411817,24,60
12,243,6.079137263,2,1,27.25167577,0.531944943,18.19195885,0.905039562,23,60
12,244,6.093814138,2,1,27.41271874,0.508797201,17.78508931,0.806931099,22,60
12,245,5.697497791,2,1,26.51580513,0.555940771,16.748216,0.91999811,21,60
12,246,5.737055627,2,1,31.26367757,0.446277257,19.57148114,0.816239947,20,60
12,247,5.834853431,2,0,102.6196415,0.742750486,18.30990635,1.01723865,19,60
12,248,5.743823914,2,0,95.20430351,0.560731669,14.92532829,1.016183964,18,60
12,249,5.877910592,2,0,99.05726117,0.55708262,21.97498161,0.994216118,17,60
12,250,6.158336233,2,1,29.76488072,0.632678673,20.75304382,1.044124237,16,60
12,251,6.277555969,2,1,19.55657807,0.62270762,19.98889981,0.900630057,15,60
12,252,6.510612407,2,1,21.67765708,0.544593011,23.99218677,0.878691542,14,60
12,253,6.400892755,2,1,30.2085072,0.591443035,22.08234998,1.041175799,13,60
12,254,6.708663683,2,0,92.52863699,0.574553287,20.42072956,1.008556832,12,60
12,255,6.600829512,2,0,101.9187003,0.647435019,23.44853402,1.090090206,11,60
12,256,6.916835893,2,1,21.20801412,0.587442106,23.07958166,0.968099831,10,60
12,257,7.146524738,2,1,25.55831823,0.569519732,25.09561601,0.988664604,9,60
12,258,6.70783252,2,1,41.21447743,0.752790507,24.64544854,1.283331077,8,60
12,259,7.083147429,2,0,104.9690295,0.507152361,21.7286493,1.245380322,7,60
12,260,7.163803556,2,0,96.52567482,0.61626124,20.11973645,1.097373124,6,60
12,261,7.301906435,2,1,27.86053317,0.721407119,24.54520073,1.452599616,5,60
12,262,7.487696211,2,0,104.7435348,0.559310147,21.2286101,1.341269811,4,60
12,263,7.922937148,2,1,36.74079737,0.541613759,28.00660489,1.419276215,3,60
12,264,9.156760123,2,0,102.7088297,0.582953551,37.35723434,2.247133087,2,60
12,265,9.590553786,2,1,27.07635529,0.748784713,34.80580578,2.247829046,1,60
12,266,10.22179192,2,1,22.50973887,0.5453882,0,0,0,60
12,266,0,2,1,22.50973887,0.5453882,0,0,81,61
12,267,0.294622528,2,1,30.37179381,0.700246749,0,0.253119877,80,61
12,268,0.490758952,2,0,90.43021801,0.615047865,0,0.3829482,79,61
12,269,0.373395049,2,1,33.17060573,0.775419988,3.944705394,0,78,61
12,270,0.807907878,2,1,24.75253136,0.489643128,7.57079919,0.132181532,77,61
12,271,0.509487964,2,0,105.826999,0.588447236,0,0.143821955,76,61
12,272,1.003720749,2,1,23.60841427,0.671254659,0,0.422242569,75,61
12,273,0.981066833,2,1,28.48270527,0.611760397,1.053731092,0,74,61
12,274,1.463140363,2,1,30.43213048,0.31191177,0,0.052917366,73,61
12,275,1.109578261,2,0,89.32386523,0.524390423,0,0,72,61
12,276,1.262840401,2,1,26.07148405,0.502629096,0,0.378518071,71,61
12,277,1.564485927,2,0,105.1633451,0.494171533,4.016698687,0.13815449,70,61
12,278,1.538895141,2,0,88.10559597,0.603115378,2.147592242,0.062058595,69,61
12,279,1.653407394,2,1,34.73920458,0.546483699,0.25178621,0,68,61
12,280,1.273828158,2,0,100.6302321,0.612149902,1.383337235,0.227660379,67,61
12,281,1.437920597,2,0,107.0173317,0.651821477,6.229713202,0.099649909,66,61
12,282,1.116764105,2,0,103.148449,0.561617256,3.152685601,0,65,61
12,283,1.574892073,2,1,22.35067106,0.668104684,2.521608602,0,64,61
12,284,1.30749924,2,1,32.80483072,0.56733871,1.814516215,0.236631919,63,61
12,285,1.507757852,2,1,34.64504012,0.634794008,0,0.08344202,62,61
12,286,1.568684967,2,1,29.88055563,0.687994326,4.636522166,0.148371683,61,61
12,287,1.99876391,2,1,34.66321725,0.461921528,5.471223449,0.189751775,60,61
12,288,2.144199849,2,1,30.2007048,0.717645484,2.305055659,0.095192222,59,61
12,289,2.209007326,2,1,24.43570973,0.655932235,1.046074199,0,58,61
12,290,1.890599552,2,1,30.06236258,0.6169249,2.56342113,0,57,61
12,291,2.58060751,2,1,31.8152986,0.638658437,0,0.051771811,56,61
12,292,2.906996829,2,0,95.28313455,0.564775184,2.849194092,0.281534834,55,61
12,293,2.596800448,2,1,23.19831803,0.493897288,7.166545404,0.028958584,54,61
12,294,2.607651623,2,1,28.87760392,0.674316933,4.102428008,0.103232621,53,61
12,295,2.451722852,2,1,28.94118383,0.539839415,10.6253624,0.296714021,52,61
12,296,3.030307851,2,1,21.98600159,0.688729662,6.346433833,0.187223632,51,61
12,297,3.192192402,2,1,27.61834393,0.685699359,7.468400272,0.124376561,50,61
12,298,2.912956937,2,1,26.84139718,0.541656792,3.382963436,0.272967011,49,61
12,299,3.015349149,2,1,29.39647216,0.518905988,11.15068836,0.387412003,48,61
12,300,3.045493979,2,0,98.15974369,0.609087629,7.169319073,0.079729003,47,61
12,301,3.503109901,2,1,29.49184815,0.462918951,8.25815755,0.437294285,46,61
12,302,3.0440281,2,1,26.06164012,0.613876676,6.340239183,0.431665303,45,61
12,303,2.986803973,2,1,31.42477194,0.674967788,10.80386848,0.19207304,44,61
12,304,3.251489113,2,0,105.1152158,0.654487137,6.303925696,0.141354253,43,61
12,305,3.85705883,2,0,94.82769661,0.758635319,12.78023015,0.422930838,42,61
12,306,3.885308831,2,1,35.23123673,0.721825893,10.25411818,0.317444951,41,61
12,307,4.13653681,2,0,102.4713387,0.709214466,8.353277249,0.483488916,40,61
12,308,4.178427992,2,1,24.06200687,0.663802588,10.02021296,0.386388427,39,61
12,309,4.321866265,2,1,26.92119318,0.580553244,10.63426864,0.25083688,38,61
12,310,4.444309335,2,0,93.98686799,0.459075164,6.840644497,0.600209921,37,61
12,311,4.738684824,2,1,29.09846797,0.456835888,15.14670213,0.354498017,36,61
12,312,5.039896748,2,1,25.23907201,0.463213893,17.08007566,0.243364471,35,61
12,313,4.519428446,2,1,30.33014355,0.792601506,14.36017245,0.734239551,34,61
12,314,4.948695364,2,1,24.18377669,0.51115286,12.5055424,0.514516426,33,61
12,315,5.447914651,2,0,102.7761201,0.554805904,16.79675182,0.662166559,32,61
12,316,5.397113146,2,1,27.96657332,0.423740908,14.84689613,0.4776964,31,61
12,317,5.685721678,2,1,24.42552299,0.547927047,19.47553646,0.842619938,30,61
12,318,5.737281447,2,1,33.67487193,0.668322636,19.4681606,0.570515701,29,61
12,319,5.758891479,2,0,101.6995609,0.431622722,17.21062008,1.058388912,28,61
12,320,5.627884425,2,0,99.12380454,0.473148535,13.40745672,0.857571978,27,61
12,321,5.6106292,2,1,30.82945904,0.692499429,21.17008674,0.841470625,26,61
12,322,5.87112459,2,0,101.1076381,0.710175599,20.30827152,0.877958605,25,61
12,323,5.976663406,2,1,31.97444056,0.501314167,17.65221158,1.008478171,24,61
12,324,6.011372414,2,1,29.79259325,0.642349856,17.08696061,1.00052693,23,61
12,325,5.9920171,2,0,100.0419173,0.649027816,18.92320064,0.828340032,22,61
12,326,6.133624908,2,1,34.71505575,0.634018931,19.64449042,1.041746473,21,61
12,327,6.364685309,2,0,101.6527326,0.552727153,20.2079345,1.210821011,20,61
12,328,6.517622008,2,1,24.201515,0.422735124,22.45551491,1.100787675,19,61
12,329,6.793439028,2,1,37.7187378,0.740861294,21.9726781,1.146423061,18,61
12,330,6.759619337,2,0,93.37489192,0.60523933,20.70714576,1.004194278,17,61
12,331,6.767032651,2,0,109.7426277,0.631811054,15.65964395,1.210514427,16,61
12,332,6.646523713,2,1,32.5015323,0.656714944,23.87034606,1.297741714,15,61
12,333,6.894077842,2,1,29.86344765,0.542373812,28.08733169,1.241955064,14,61
12,334,6.920680904,2,0,99.20337367,0.739416789,19.44547509,0.990097508,13,61
12,335,7.112499174,2,1,30.41562078,0.603353758,25.76628398,1.334458969,12,61
12,336,7.375559948,2,1,37.10864229,0.703556152,24.31361207,1.252582471,11,61
12,337,7.373401486,2,1,26.83260371,0.545673662,21.86749552,1.636601898,10,61
12,338,8.251379744,2,1,19.99048899,0.821016583,28.67993794,1.568898696,9,61
12,339,7.938540439,2,0,106.204073,0.536230539,23.29242563,1.545179952,8,61
12,340,8.115229948,2,1,33.40176597,0.543110871,29.90332359,1.802966827,7,61
12,341,8.347691208,2,1,24.88644257,0.565287593,33.69630341,1.828906867,6,61
12,342,8.485425392,2,1,28.86645501,0.477536372,30.99927019,1.572070451,5,61
12,343,8.709958722,2,1,29.8629304,0.31097586,34.38645163,1.818126905,4,61
12,344,8.864842627,2,0,100.4477517,0.518136695,34.9433777,2.192732298,3,61
12,345,9.294317288,2,1,19.73514849,0.645923141,41.44379991,2.220981426,2,61
12,346,9.703478728,2,0,98.99075936,0.55501264,40.16174433,2.449871997,1,61
12,347,10.31298473,2,1,34.75992007,0.660163398,0.263948334,0.073763554,0,61
12,347,0,2,1,34.75992007,0.660163398,0.263948334,0.073763554,98,62
12,348,0,2,1,29.37129895,0.61043304,0,0.196277441,97,62
12,349,0.260033271,2,1,33.61670989,0.681269469,0.452937669,0.044945481,96,62
12,350,0.352287918,2,1,33.40002899,0.801357569,0,0.165686409,95,62
12,351,0.427973714,2,1,30.12810739,0.631531634,2.72747282,0,94,62
12,352,0.281956248,2,0,106.4221242,0.702804825,0,0.050088415,93,62
12,353,0.41173115,2,1,27.49915841,0.748432673,0,0,92,62
12,354,0.280077354,2,1,29.31686788,0.690248932,9.203049623,0,91,62
12,355,0.436952642,2,1,30.86112811,0.767572304,0.824619994,0,90,62
12,356,0.343422047,2,1,35.87594561,0.562718009,7.485018961,0.100762224,89,62
12,357,0.649488638,2,0,83.74446576,0.671061826,5.167328999,0.240392162,88,62
12,358,0.794784482,2,1,29.03823001,0.70908478,0,0.352473069,87,62
12,359,1.070648623,2,1,30.9272247,0.699358204,0,0.259199653,86,62
12,360,0.743989605,2,1,19.88336626,0.662854901,2.226624829,0,85,62
12,361,1.273704246,2,0,93.10367277,0.657050955,2.727596915,0.067486219,84,62
12,362,1.074346607,2,0,98.38060593,0.588736897,2.848622715,0,83,62
12,363,1.191612201,2,1,32.01572155,0.590362282,0,0,82,62
12,364,1.492054078,2,0,108.2246783,0.834043173,3.201824077,0.01380479,81,62
12,365,1.418026685,2,0,83.56877477,0.483744122,3.767426023,0.082353688,80,62
12,366,1.451714494,2,0,100.9884494,0.592178688,5.174169322,0,79,62
12,367,1.442275107,2,0,93.62530341,0.65764803,1.201539523,0.35525586,78,62
12,368,1.736324691,2,0,89.85045298,0.5777586,1.769932395,0,77,62
12,369,1.900098975,2,1,32.4428209,0.51168058,0,0.022724066,76,62
12,370,1.892361561,2,1,29.19633113,0.638795882,4.563227354,0,75,62
12,371,2.530093719,2,1,25.07950489,0.556063943,5.998361228,0,74,62
12,372,1.963007302,2,1,21.65328684,0.766035249,5.460218268,0.229603502,73,62
12,373,2.009086916,2,1,34.02228436,0.624294357,2.514947109,0.0588621,72,62
12,374,2.144066087,2,1,40.66143204,0.531190493,4.42892022,0.24449928,71,62
12,375,2.272385167,2,1,35.85018779,0.650192798,4.780134313,0.096496856,70,62
12,376,2.428410015,2,1,31.16015171,0.60327399,6.586083237,0.266128999,69,62
12,377,2.261071529,2,1,38.21454548,0.55736364,5.487449102,0.008914064,68,62
12,378,2.356954778,2,1,36.05191397,0.575767901,4.844108564,0.404237312,67,62
12,379,2.273291862,2,1,29.45618187,0.528098482,4.915449757,0,66,62
12,380,2.6180928,2,0,98.25097746,0.684001855,9.066819042,0.02054956,65,62
12,381,2.631323442,2,1,22.23190428,0.684276155,4.047085815,0.115689412,64,62
12,382,2.71658334,2,1,33.25537767,0.587894543,8.179755643,0.416469753,63,62
12,383,2.892226878,2,0,100.2783125,0.703970245,5.315384531,0.09258826,62,62
12,384,2.883533755,2,1,28.77415992,0.355839023,2.610805718,0.211740629,61,62
12,385,2.828017171,2,1,30.44482137,0.693915868,3.40740513,0.057501507,60,62
12,386,2.838884383,2,1,29.62462205,0.577162105,7.70195457,0.269011497,59,62
12,387,2.595505995,2,0,99.38944101,0.567443728,2.771614475,0,58,62
12,388,2.535879101,2,1,26.2055305,0.687850741,0,0.092705926,57,62
12,389,2.707407269,2,1,23.59280015,0.800207996,7.325986016,0.016088524,56,62
12,390,3.06927258,2,0,96.19687471,0.668723006,5.455228782,0.166351466,55,62
12,391,2.653777654,2,1,28.56223579,0.582004421,0,0,54,62
12,392,2.651914988,2,1,19.88842855,0.761887138,7.51795321,0.126561465,53,62
12,393,2.844940753,2,0,98.37657414,0.516253171,6.963143563,0.051513582,52,62
12,394,2.789830102,2,1,35.42188182,0.702427503,8.741433724,0.295704966,51,62
12,395,2.839164169,2,1,29.45181701,0.628941429,1.203763834,0.241304132,50,62
12,396,2.942173188,2,1,30.27278878,0.66392686,12.06535734,0.282820204,49,62
12,397,3.406234588,2,1,21.16676315,0.729569988,7.102449216,0.350647582,48,62
12,398,3.135971283,2,1,29.21619128,0.618421362,5.6066767,0.217260308,47,62
12,399,3.6502871,2,0,103.1516133,0.527332305,7.882646144,0.349004954,46,62
12,400,3.386911078,2,1,24.17607639,0.648014194,6.252605652,0.538180244,45,62
12,401,3.492081567,2,1,32.93440453,0.907293564,8.579578151,0.16641697,44,62
12,402,3.447999044,2,0,97.22583765,0.659109187,8.01537177,0.419808488,43,62
12,403,3.455615789,2,0,102.729809,0.887179331,8.597940265,0.216014764,42,62
12,404,3.755007567,2,1,33.64019234,0.634060016,1.337299173,0.605789139,41,62
12,405,3.681045582,2,0,99.62616854,0.531019757,3.281111987,0.338974367,40,62
12,406,3.686993045,2,1,39.01993089,0.586408941,8.400528743,0.514246711,39,62
12,407,3.770028301,2,1,25.37793417,0.545715148,7.694686494,0.43585261,38,62
12,408,3.761499874,2,1,27.98581916,0.699734069,12.44188522,0.451133989,37,62
12,409,3.872107569,2,0,93.87104033,0.758373195,14.49608173,0.586237946,36,62
12,410,4.192189832,2,0,106.771717,0.465242427,13.25274202,0.117089128,35,62
12,411,4.103470016,2,0,106.7100206,0.60570522,7.84258906,0.371047083,34,62
12,412,4.157474824,2,1,29.6764053,0.82328156,10.20902227,0.52701254,33,62
12,413,4.707043899,2,0,104.4245656,0.554563556,13.01560271,0.417759351,32,62
12,414,4.964065123,2,1,32.87011274,0.737063195,13.94368106,0.330421374,31,62
12,415,5.004396026,2,0,103.5753667,0.628055985,13.69459548,0.86704617,30,62
12,416,5.193604365,2,0,99.85034527,0.512144774,16.95574724,0.705658297,29,62
12,417,4.965251075,2,1,26.84022027,0.572874943,12.69832391,0.869551592,28,62
12,418,5.121673892,2,0,91.51537965,0.569855148,13.13172206,0.323088536,27,62
12,419,5.263389838,2,1,25.32761788,0.648562972,22.28710449,0.604055455,26,62
12,420,5.134052348,2,1,28.96178918,0.559279162,16.09859939,0.74422417,25,62
12,421,5.431247916,2,0,105.4390875,0.61131706,13.98256375,0.643319007,24,62
12,422,5.253583501,2,1,20.8179003,0.659670512,20.29828206,0.728792352,23,62
12,423,5.320468483,2,1,27.49604944,0.712209375,12.36212497,0.779164667,22,62
12,424,5.578065393,2,1,28.16683775,0.58219752,15.94070212,0.756020392,21,62
12,425,5.636603226,2,1,28.14031267,0.55149828,18.352432,0.893947877,20,62
12,426,5.414141588,2,1,34.36532555,0.533214477,14.39774494,0.876962205,19,62
12,427,5.975713706,2,1,31.89927187,0.583874967,25.45163063,0.529867572,18,62
12,428,6.191176392,2,1,29.5104266,0.421635285,19.47487917,0.717548739,17,62
12,429,6.349577553,2,1,31.27119094,0.606828353,19.32595673,0.997471299,16,62
12,430,6.092004486,2,0,98.46950439,0.694336794,18.74677207,1.093183018,15,62
12,431,6.61064643,2,1,32.02900068,0.657851752,18.58766909,0.975715033,14,62
12,432,6.830646081,2,1,32.15796202,0.369997716,24.44210212,0.910705111,13,62
12,433,6.735415742,2,0,109.6630858,0.812996124,22.80326636,1.152776426,12,62
12,434,6.723583174,2,1,28.97239566,0.474116344,22.47538584,1.11581966,11,62
12,435,6.766329704,2,0,88.13666134,0.548850196,24.55199188,0.950247902,10,62
12,436,7.035966142,2,0,94.55705425,0.645068857,21.37188983,1.139910321,9,62
12,437,7.047274108,2,1,30.67727963,0.743584664,28.5853166,1.307327695,8,62
12,438,7.395261554,2,1,27.50954125,0.536677268,26.65428401,1.218728102,7,62
12,439,8.397941281,2,1,23.29765734,0.570389567,28.26562159,1.709121533,6,62
12,440,8.480018662,2,1,22.58394934,0.658932553,32.78378792,1.845674527,5,62
12,441,8.910984224,2,1,39.85531735,0.57122135,29.9968384,2.005109483,4,62
12,442,9.49473379,2,0,102.3288407,0.599909428,35.56877024,2.410137635,3,62
12,443,9.756958665,2,0,96.70506777,0.717025,42.00989022,2.485517131,2,62
12,444,9.687713168,2,1,28.74456211,0.631671399,35.20015661,2.545998301,1,62
12,445,10.47993156,2,1,29.14516753,0.547509551,0.898585147,0.060429502,0,62
13,0,0,1,1,36.22502081,0.697183739,0,0,95,64
13,1,0.745236491,1,0,109.066311,0.465622498,4.093504303,0,94,64
13,2,0.588074977,1,0,107.5109287,0.48945087,2.416974107,0.212265215,93,64
13,3,1.122829301,1,1,17.32615159,0.492497472,0,0,92,64
13,4,0.934237707,1,0,98.36040221,0.529660336,0,0,91,64
13,5,0.895171683,1,1,35.65930561,0.398792951,1.125561236,0.154545797,90,64
13,6,1.096871018,1,1,34.8962541,0.409030586,0,0,89,64
13,7,0.954013223,1,0,101.7496361,0.488186495,0,0.240800087,88,64
13,8,1.338035817,1,1,37.98500978,0.659869772,2.120005756,0.008333459,87,64
13,9,1.222670912,1,0,97.7169657,0.464619471,2.172291117,0.254033412,86,64
13,10,1.424532568,1,1,30.43144101,0.467433402,0.12937618,0.126112099,85,64
13,11,1.403512959,1,0,93.04900027,0.445460526,3.640307053,0.130898852,84,64
13,12,1.501946991,1,1,25.43869193,0.408533191,7.58701571,0,83,64
13,13,1.573648355,1,1,24.87634677,0.41922667,0.991136305,0,82,64
13,14,1.030296422,1,1,39.31273724,0.521654094,1.129289285,0,81,64
13,15,1.511172196,1,0,98.4077624,0.575111562,7.148729387,0.24666627,80,64
13,16,1.413234227,1,1,30.68408735,0.666641553,0,0,79,64
13,17,1.489234332,1,1,28.57633656,0.494730608,4.04635644,0.094807664,78,64
13,18,1.405144324,1,1,33.43902154,0.488915793,5.139726238,0.100514223,77,64
13,19,1.724485477,1,1,29.64909308,0.461081576,0,0,76,64
13,20,1.886199804,1,0,91.63002996,0.591239441,5.641234058,0.035331559,75,64
13,21,1.93849938,1,1,38.07978704,0.525400006,0,0.176061016,74,64
13,22,1.815981911,1,1,32.4673346,0.390009191,6.421173853,0,73,64
13,23,1.78552138,1,0,101.7661866,0.448617472,0.94038538,0.011555939,72,64
13,24,1.834561616,1,1,32.23363098,0.563114198,6.725953435,0.185888528,71,64
13,25,1.793111092,1,1,32.33488611,0.644200224,0,0.086951255,70,64
13,26,1.944738566,1,1,28.09657011,0.489438742,4.506136162,0,69,64
13,27,2.1393287,1,1,26.88056537,0.398072637,5.417383217,0.209189988,68,64
13,28,1.911886599,1,1,36.19957816,0.536009791,5.940696814,0.057756408,67,64
13,29,2.114258214,1,1,32.31376344,0.522421275,0,0.417531619,66,64
13,30,1.984770668,1,1,36.26272569,0.731173333,0.814625009,0.201797398,65,64
13,31,2.04119193,1,1,26.71529517,0.549621868,9.025967743,0,64,64
13,32,2.114983322,1,0,102.3461235,0.420948997,4.81665524,0,63,64
13,33,1.920903045,1,1,23.5837535,0.62047602,3.961891201,0.048778695,62,64
13,34,1.960961628,1,0,89.53291782,0.338674549,0.154328803,0.105056517,61,64
13,35,2.219497114,1,1,34.54386331,0.487617869,2.494456651,0.175394285,60,64
13,36,2.115533127,1,1,30.64991365,0.52316565,7.135806148,0.286035988,59,64
13,37,2.121401408,1,0,96.24943754,0.421745686,7.075161167,0.158169151,58,64
13,38,2.377478151,1,1,28.55247472,0.494907088,2.348231212,0.428136933,57,64
13,39,2.156888826,1,1,30.85582172,0.397291161,3.897660834,0.18179458,56,64
13,40,2.651903395,1,1,28.60351801,0.519158495,7.271095514,0.057991273,55,64
13,41,3.071169805,1,1,36.93803529,0.524020067,2.947522126,0.109465035,54,64
13,42,2.79236779,1,1,34.46881968,0.511581931,6.748173302,0.179746756,53,64
13,43,3.068479699,1,1,37.89115594,0.530834259,2.324343377,0.084082149,52,64
13,44,2.846569223,1,1,31.95538835,0.531916138,7.347161579,0.1088592,51,64
13,45,2.796691804,1,0,118.0962466,0.410059558,4.346000697,0.355795146,50,64
13,46,2.732403741,1,1,31.12137002,0.530174625,11.57885253,0.27792709,49,64
13,47,3.096018366,1,1,30.22847959,0.360499843,6.918612039,0.281218373,48,64
13,48,3.157366247,1,1,36.42680378,0.506378767,4.48563061,0.195352627,47,64
13,49,3.495056099,1,1,31.13313119,0.511556992,13.19406114,0.25358829,46,64
13,50,3.799153407,1,1,29.39190367,0.400670332,4.875618613,0.15179507,45,64
13,51,4.02994492,1,0,105.8559056,0.594474003,9.662249288,0.181226892,44,64
13,52,3.856342083,1,1,34.82420346,0.536439168,7.741047752,0.46747214,43,64
13,53,3.870461232,1,0,78.60697466,0.464794449,7.836809098,0.311943999,42,64
13,54,4.112971152,1,1,25.79245128,0.597315811,10.32006274,0.668999702,41,64
13,55,4.332156501,1,1,29.62015724,0.512513856,14.13715709,0.360609569,40,64
13,56,4.34488813,1,0,93.87978949,0.519149091,10.17306334,0.24813689,39,64
13,57,4.390898232,1,0,98.89480896,0.543057744,10.01612354,0.339914928,38,64
13,58,4.688073008,1,1,29.75006634,0.533449451,12.43680698,0.660368915,37,64
13,59,4.965134963,1,1,23.39313667,0.58395039,10.47627872,0.558873733,36,64
13,60,4.985199144,1,1,25.87987909,0.415238898,12.19062088,0.642819114,35,64
13,61,5.076929762,1,1,25.53413178,0.724570235,12.68553944,0.569713969,34,64
13,62,5.01526189,1,1,33.8689935,0.494259922,14.41694831,0.730194966,33,64
13,63,5.388873187,1,1,24.07621113,0.564522364,16.13330365,0.652765036,32,64
13,64,5.192873823,1,0,115.3020723,0.420491368,13.06391506,0.669024618,31,64
13,65,4.991142534,1,0,111.5536995,0.504894113,15.00909524,0.597258468,30,64
13,66,5.392392132,1,0,104.7881522,0.541696222,13.68539022,0.670537947,29,64
13,67,5.64415827,1,1,20.52368732,0.574344209,12.06362125,0.737007593,28,64
13,68,5.089005063,1,1,21.28553307,0.438472944,15.63482241,0.297290028,27,64
13,69,5.25052292,1,1,25.27732473,0.461368268,17.12207295,0.617885786,26,64
13,70,5.623159985,1,1,29.01464659,0.642704454,9.929691026,0.874855183,25,64
13,71,5.360032293,1,1,22.06349083,0.54504938,18.16697397,0.842883311,24,64
13,72,5.542244717,1,0,84.57060428,0.448467749,12.74920875,1.066122219,23,64
13,73,5.476620918,1,1,40.28131314,0.410565206,20.86419019,0.458737435,22,64
13,74,5.730798697,1,1,32.60933382,0.473192791,17.56904976,0.909420674,21,64
13,75,5.604671991,1,1,24.57215508,0.551267275,15.32459847,1.048545676,20,64
13,76,5.862110585,1,0,104.0213779,0.621157987,15.11169649,0.840900414,19,64
13,77,6.241570578,1,1,33.57546812,0.459173842,15.84697041,1.178483302,18,64
13,78,5.819941626,1,0,98.97840416,0.701799967,15.39295002,1.063968271,17,64
13,79,5.985158274,1,1,40.02324947,0.389555184,17.52624949,0.974760513,16,64
13,80,6.132193274,1,0,84.47428046,0.318339872,16.64837341,0.925071571,15,64
13,81,6.030947391,1,1,27.77602359,0.44042044,23.65815788,0.834195571,14,64
13,82,6.133883541,1,0,93.24684592,0.527641052,19.78513742,0.876017862,13,64
13,83,6.333157937,1,1,31.60242326,0.5651589,22.1353227,1.115546047,12,64
13,84,6.322312007,1,0,100.1153979,0.425468579,19.70074287,1.317702556,11,64
13,85,6.804914723,1,0,98.77973567,0.539844665,22.99841369,0.958727059,10,64
13,86,6.98711294,1,1,29.33421651,0.355173037,22.45740819,1.005019932,9,64
13,87,7.064296375,1,1,32.40420933,0.595304233,17.45572587,1.32361794,8,64
13,88,7.455122221,1,1,29.07067769,0.477678779,25.20963717,1.181024877,7,64
13,89,7.720909673,1,1,37.69877462,0.512534106,20.9573096,1.410803392,6,64
13,90,7.740720946,1,1,28.68888142,0.654946232,25.67687947,1.803750044,5,64
13,91,8.330429439,1,0,101.8245205,0.395763067,27.31177882,1.51811963,4,64
13,92,8.791577843,1,1,33.11109854,0.486115174,33.15751252,1.71160549,3,64
13,93,9.305768425,1,1,32.07610453,0.378166527,36.22099782,2.086572308,2,64
13,94,9.300770095,1,1,36.35798258,0.404507235,35.50179303,1.890930715,1,64
13,95,10.28463674,1,1,23.84887831,0.562403843,0.911456082,0,0,64
13,95,0,1,1,23.84887831,0.562403843,0.911456082,0,99,65
13,96,0,1,1,35.15462358,0.591084692,4.130127026,0,98,65
13,97,0,1,1,30.29473574,0.444535904,0.038969665,0,97,65
13,98,0.212379667,1,1,25.02864282,0.509538573,0,0,96,65
13,99,0.112165076,1,1,25.9399582,0.508401432,1.160904204,0.062654486,95,65
13,100,0.030913348,1,1,30.48108419,0.468268302,0.500911809,0,94,65
13,101,0.0238732,1,1,24.66446251,0.445788411,0,0.093702148,93,65
13,102,0.062074708,1,1,33.64135115,0.623014537,0,0,92,65
13,103,0.189751827,1,1,27.12941176,0.531534114,0.181012116,0,91,65
13,104,0.253397751,1,1,40.98210644,0.58727612,0,0,90,65
13,105,0.822399741,1,1,30.84079587,0.526674385,0,0.181839296,89,65
13,106,0.468641458,1,0,106.7433483,0.535978038,0,0,88,65
13,107,0.73727137,1,1,33.55012303,0.565356633,1.213089496,0.270606412,87,65
13,108,0.737567906,1,0,116.7087256,0.409819859,0.534851913,0.347641435,86,65
13,109,0.690738346,1,0,95.46561735,0.580048975,0,0.176112167,85,65
13,110,0.812088036,1,0,93.20990609,0.480329839,0.025264465,0,84,65
13,111,1.244832125,1,0,90.64797379,0.482458873,1.816750074,0,83,65
13,112,0.950038565,1,0,87.47409061,0.647934022,0,0.080550078,82,65
13,113,0.864569777,1,1,39.91413399,0.508796475,0,0.050801871,81,65
13,114,1.625537522,1,0,105.805297,0.704784335,0,0,80,65
13,115,1.730649026,1,1,31.78280536,0.487603911,0,0.063401302,79,65
13,116,1.618532078,1,0,97.95125663,0.461614408,0,0.083905291,78,65
13,117,1.748111722,1,1,30.71202447,0.381848516,2.924350553,0.136049499,77,65
13,118,1.844050825,1,0,108.2206831,0.776549244,0,0,76,65
13,119,1.949702208,1,1,29.65762695,0.486457555,2.520655174,0.398321598,75,65
13,120,2.160444909,1,1,29.26479234,0.444632932,2.909439616,0.115202075,74,65
13,121,2.084652102,1,1,29.09343133,0.45211976,0.097948815,0.265489197,73,65
13,122,2.129526493,1,1,30.69533147,0.414397498,5.302565056,0.147887971,72,65
13,123,2.295390233,1,1,31.30793801,0.574190271,5.149404766,0.183645347,71,65
13,124,2.556429569,1,0,96.83042071,0.369783756,3.66812071,0.058661832,70,65
13,125,2.311652691,1,1,34.84639624,0.638666646,6.078593562,0,69,65
13,126,2.581760179,1,1,30.77171354,0.568417484,5.573369317,0,68,65
13,127,2.220829847,1,0,96.58428867,0.670342813,8.338204458,0.315189673,67,65
13,128,2.495726016,1,1,24.88688192,0.57832654,4.780042086,0.10511745,66,65
13,129,2.653188474,1,0,96.79735282,0.417062925,2.230953326,0.165339089,65,65
13,130,2.513542357,1,1,33.40819247,0.565412231,2.471468631,0.07013004,64,65
13,131,2.505318641,1,1,30.9225171,0.388794727,1.821296888,0.176549436,63,65
13,132,2.642420409,1,1,34.067977,0.477917717,4.658314736,0.274487091,62,65
13,133,2.802463579,1,0,97.20624569,0.439228713,4.263060733,0,61,65
13,134,2.492185008,1,1,25.49744792,0.50484687,4.078298249,0.429263677,60,65
13,135,2.99169549,1,0,93.84445369,0.635062263,7.576941887,0.17944506,59,65
13,136,2.616638719,1,1,33.4631629,0.536798234,0.384848263,0,58,65
13,137,2.640041404,1,1,27.3479508,0.506374587,3.731596784,0.260473512,57,65
13,138,2.621497138,1,1,32.91091497,0.427947997,1.834290273,0,56,65
13,139,2.968414562,1,1,28.38409245,0.579868883,12.03772602,0.129239097,55,65
13,140,2.983609781,1,1,34.28751198,0.564599332,5.278388503,0.089717928,54,65
13,141,2.98538007,1,1,17.36824868,0.553333839,6.93708907,0.403547299,53,65
13,142,3.139093096,1,1,38.4813282,0.56780116,8.958311853,0.47516002,52,65
13,143,2.919441167,1,1,24.92236168,0.442887836,10.29431079,0.118801711,51,65
13,144,3.207368123,1,1,35.46714655,0.438857683,7.991113754,0.444751133,50,65
13,145,3.270414699,1,1,24.50447543,0.58511734,7.973874323,0.385499413,49,65
13,146,3.216727487,1,0,98.86317718,0.581109355,16.35814207,0.429073308,48,65
13,147,3.414307637,1,1,38.84908883,0.403252662,7.150744959,0.005915949,47,65
13,148,3.617580047,1,1,32.78670262,0.563455288,6.502654244,0.1985631,46,65
13,149,3.50419844,1,0,99.82702549,0.540963865,12.86062331,0.336852654,45,65
13,150,3.688548829,1,0,93.07952387,0.460205227,8.89178244,0.465543793,44,65
13,151,3.773368186,1,1,33.64479657,0.451876888,11.9668733,0.402744546,43,65
13,152,3.867240327,1,1,30.37170032,0.627901837,7.253420083,0.33912401,42,65
13,153,3.832577231,1,1,24.79062264,0.560428901,9.859774376,0.371413011,41,65
13,154,4.09402904,1,0,104.6859825,0.593625514,10.43218478,0.592876979,40,65
13,155,4.134345096,1,1,31.55469273,0.46758516,5.743636625,0.258760681,39,65
13,156,4.248248002,1,1,29.73863164,0.553092925,13.9074331,0.305928528,38,65
13,157,4.129895481,1,1,31.06028259,0.604912922,12.05415285,0,37,65
13,158,4.205445152,1,1,27.21860842,0.605639975,11.07150133,0.336101744,36,65
13,159,4.259325901,1,1,21.82494512,0.452082411,6.548383947,0.307703221,35,65
13,160,4.311015332,1,1,28.51434885,0.791367046,11.37467435,0.445605879,34,65
13,161,4.296563444,1,1,30.60126938,0.509209884,13.98485759,0.523576129,33,65
13,162,4.01323183,1,0,114.315839,0.555351011,7.202425604,0.318417469,32,65
13,163,4.239459271,1,0,87.10826738,0.469189473,6.989391748,0.683945572,31,65
13,164,4.291050098,1,1,27.78992508,0.53460661,13.69218414,0.462767791,30,65
13,165,4.462286492,1,0,95.13775405,0.520825756,15.14980448,0.050470268,29,65
13,166,4.545304441,1,0,96.43857607,0.5349158,13.1149128,0.279715437,28,65
13,167,4.758873309,1,1,26.42041578,0.575475343,8.684823514,0.688436198,27,65
13,168,4.49280111,1,0,98.45850511,0.316692635,4.117325003,0.694242001,26,65
13,169,4.393354552,1,1,28.36156192,0.489955669,8.599953766,0.695226165,25,65
13,170,4.300761978,1,0,116.4590067,0.526545654,10.68509699,0.523998869,24,65
13,171,4.674080346,1,1,33.67344259,0.548597359,13.81402834,0.528285876,23,65
13,172,4.602681179,1,1,26.25967517,0.446285037,14.4063554,0.479645229,22,65
13,173,4.732289005,1,1,29.59797922,0.495969375,11.98667397,0.423315667,21,65
13,174,5.571827604,1,0,98.54967863,0.366078615,16.25007071,0.630675169,20,65
13,175,5.565879884,1,1,28.28659826,0.370880755,16.3959602,0.850847226,19,65
13,176,5.506359558,1,0,109.5327021,0.608418191,14.69736485,0.783816552,18,65
13,177,5.60565305,1,1,39.71861147,0.608524509,18.6696862,0.74550278,17,65
13,178,5.893439369,1,0,98.42240364,0.366679228,18.106689,0.824343076,16,65
13,179,6.584530306,1,1,30.34238154,0.561276729,25.86908265,1.06584139,15,65
13,180,6.978000319,1,1,31.91863356,0.475698264,25.96639493,1.496481093,14,65
13,181,7.011141854,1,1,28.05485859,0.526363759,23.10821905,1.435598285,13,65
13,182,7.404677797,1,1,35.33717958,0.521085574,24.9858397,1.249606563,12,65
13,183,7.193778517,1,1,35.78785692,0.520385802,16.85482732,1.346658381,11,65
13,184,7.318481263,1,0,106.9959381,0.680731994,24.35819149,1.454951801,10,65
13,185,7.163554037,1,0,100.0222004,0.530512185,23.51133537,1.7157494,9,65
13,186,7.574991545,1,0,96.55984079,0.448762279,28.55341777,1.541308773,8,65
13,187,7.897694213,1,1,35.21126179,0.72148399,28.43036882,1.487127776,7,65
13,188,8.237921445,1,1,26.41447139,0.553073374,24.73003935,2.001901365,6,65
13,189,8.538679655,1,0,103.230602,0.486170441,29.95438971,1.819528514,5,65
13,190,8.53233233,1,1,34.53099062,0.459501354,29.12425851,1.953323178,4,65
13,191,8.47632834,1,1,22.51311066,0.518883268,34.91795244,2.053146304,3,65
13,192,8.947714463,1,0,103.663551,0.695897171,35.60012074,2.069021802,2,65
13,193,9.499973531,1,1,33.98940531,0.488789939,42.50863537,2.535281075,1,65
13,194,10.08643011,1,1,22.15705017,0.571027686,0,0,0,65
13,194,0,1,1,22.15705017,0.571027686,0,0,113,66
13,195,0,1,1,29.07565211,0.489230981,0,0.032663147,112,66
13,196,0.158575125,1,0,95.62576202,0.563062341,0,0,111,66
13,197,0,1,0,97.21290346,0.599422958,0.229405302,0,110,66
13,198,0.13499756,1,0,96.05858021,0.469562445,1.117703121,0,109,66
13,199,0.161041899,1,1,32.57093735,0.536909258,0,0.028052847,108,66
13,200,0.116507914,1,0,97.7992516,0.56880857,1.923085123,0.124213393,107,66
13,201,0.288109486,1,0,91.23921584,0.43753711,0,0,106,66
13,202,0.322268597,1,1,20.99552566,0.467233194,0,0,105,66
13,203,0.356522113,1,1,25.00937846,0.595543152,0,0.273417131,104,66
13,204,0.436854444,1,1,33.48419365,0.432172715,0,0.046780835,103,66
13,205,0.270298308,1,1,25.18270776,0.466599835,0.689169276,0.067361338,102,66
13,206,0.556369282,1,1,28.76425884,0.571922637,0,0.051034722,101,66
13,207,0.373239985,1,1,22.74562328,0.538086978,0,0.060211359,100,66
13,208,0.455376693,1,0,99.67292192,0.53773588,7.032053262,0.179649976,99,66
13,209,0.615779068,1,0,96.07280739,0.410921038,0,0,98,66
13,210,0.745165617,1,1,24.7078606,0.401753396,2.610795848,0,97,66
13,211,0.726976727,1,1,29.88232055,0.591691944,0,0,96,66
13,212,0.930067473,1,0,105.0064101,0.58104743,1.894974267,0.171698121,95,66
13,213,1.190539764,1,1,21.27174679,0.402293744,7.329988326,0,94,66
13,214,0.941537945,1,0,88.53923678,0.489089528,0.692545993,0.138700588,93,66
13,215,0.932785893,1,1,22.33907739,0.571131103,4.311120073,0,92,66
13,216,1.044687227,1,1,25.42643959,0.593697754,0,0.224757047,91,66
13,217,1.130921244,1,1,30.58240423,0.483275851,4.786506263,0,90,66
13,218,0.991908886,1,1,29.18855829,0.675270973,7.51724691,0,89,66
13,219,1.240186508,1,0,91.19058393,0.572468893,0,0.158168843,88,66
13,220,1.190979257,1,1,29.82690528,0.435827566,3.634158041,0.241725405,87,66
13,221,1.331027178,1,1,29.52677087,0.351724137,3.909419929,0,86,66
13,222,1.49325408,1,1,35.19400919,0.470086519,7.640334804,0.04508397,85,66
13,223,1.1244366,1,1,32.94692451,0.613531814,5.607804946,0,84,66
13,224,1.34001719,1,1,33.62555251,0.44787141,0,0.258579706,83,66
13,225,1.437663308,1,1,33.22730756,0.310504211,1.183086803,0.01232713,82,66
13,226,1.154841515,1,1,23.18370935,0.500939547,4.84990754,0,81,66
13,227,1.41635449,1,0,99.36638544,0.615131041,2.061911172,0.311838218,80,66
13,228,1.68971372,1,1,37.67015703,0.35758728,5.97339918,0.03184053,79,66
13,229,1.688765963,1,1,28.47197419,0.681566039,6.972880305,0.07058577,78,66
13,230,1.765951757,1,0,92.05164881,0.335978587,0,0.099632587,77,66
13,231,1.653914684,1,1,25.36017637,0.618609462,0,0,76,66
13,232,1.862664105,1,1,30.15964102,0.376826095,0.859157796,0.013400312,75,66
13,233,1.854323251,1,1,29.66047261,0.437104303,8.743378092,0.057113819,74,66
13,234,2.079499363,1,1,25.30871023,0.59671904,3.712057185,0.04985527,73,66
13,235,2.058439259,1,1,28.29262888,0.740391971,2.090011637,0.178578886,72,66
13,236,2.133149377,1,1,30.26269691,0.452789197,1.843675186,0.393967209,71,66
13,237,2.379518535,1,1,23.20055052,0.329468701,2.788935913,0.014488021,70,66
13,238,1.901565927,1,1,25.292937,0.612508282,0,0.164741474,69,66
13,239,2.171662247,1,1,37.23499076,0.528532209,8.369863279,0.148781945,68,66
13,240,2.261933701,1,0,105.1767503,0.463371367,1.899679304,0.171868523,67,66
13,241,2.336548988,1,0,101.7827113,0.640700845,7.582511222,0,66,66
13,242,2.655437978,1,1,34.36235166,0.498284334,6.255593657,0.119076422,65,66
13,243,2.57360103,1,1,39.3491245,0.575120313,6.706702045,0.040892173,64,66
13,244,2.539898832,1,0,110.0361634,0.504110977,7.146118912,0.133038546,63,66
13,245,2.865353284,1,1,32.77865442,0.449282186,1.201097652,0.128387502,62,66
13,246,2.886636961,1,0,94.30098781,0.637271426,5.564098512,0.364974581,61,66
13,247,2.920315864,1,1,27.76419061,0.494065533,1.169180506,0.274694472,60,66
13,248,2.887924253,1,0,99.92808223,0.612900675,7.227751248,0.190708196,59,66
13,249,2.843579933,1,1,33.09594477,0.503933853,7.10371357,0.197274852,58,66
13,250,3.057570264,1,1,32.58754916,0.655070481,1.151367387,0.058587925,57,66
13,251,3.163748193,1,1,37.30143075,0.426300253,5.803199087,0.372648543,56,66
13,252,3.06213811,1,1,30.60330293,0.484866055,7.227816363,0.272177913,55,66
13,253,2.907162304,1,1,31.948429,0.531301588,9.758449725,0.086788129,54,66
13,254,2.980718667,1,0,82.83710366,0.604872859,7.880101834,0.204397016,53,66
13,255,3.262569545,1,1,20.41695841,0.408863172,10.9194934,0.303416728,52,66
13,256,3.136945152,1,1,44.02041215,0.49493791,6.095696693,0.58209087,51,66
13,257,3.279053573,1,0,105.2166979,0.647261011,9.461375405,0.323040159,50,66
13,258,3.716610173,1,1,30.83136974,0.437341651,10.07289961,0.143810418,49,66
13,259,3.719106291,1,0,103.4243142,0.593620827,10.3240544,0.430358005,48,66
13,260,4.31427481,1,0,101.2466947,0.486308993,8.897926529,0.504901607,47,66
13,261,4.395612492,1,1,31.25819505,0.449490113,15.97181712,0.282768417,46,66
13,262,4.476073635,1,0,104.8573969,0.304229585,5.02997733,0.591853649,45,66
13,263,4.482073717,1,1,27.83275513,0.403352062,12.82433218,0.413030961,44,66
13,264,4.832027788,1,1,27.54371628,0.449386395,12.50145732,0.256074295,43,66
13,265,4.414175577,1,1,33.86849916,0.398895474,9.320078002,0.267405276,42,66
13,266,4.457409474,1,1,18.0926409,0.507044997,17.26347641,0.491229511,41,66
13,267,4.826887656,1,0,105.253902,0.52012539,9.637121269,0.513121685,40,66
13,268,4.864363515,1,0,112.5310831,0.533683884,13.33983911,0.412214492,39,66
13,269,5.058231302,1,1,33.87511583,0.617456003,17.39052891,0.609719041,38,66
13,270,5.608858739,1,1,30.94085837,0.545031121,13.50860026,0.721159932,37,66
13,271,5.218832984,1,1,24.08608263,0.5594924,16.8874938,0.686574856,36,66
13,272,5.487698155,1,0,97.17205309,0.644257441,16.5829947,0.669569314,35,66
13,273,5.773897144,1,0,96.39816379,0.575157305,14.7819153,0.744122576,34,66
13,274,5.82030073,1,1,27.93617385,0.445360979,20.79062334,0.672124127,33,66
13,275,5.921185981,1,1,24.6860982,0.476207366,21.18256715,0.783843881,32,66
13,276,5.637748736,1,1,34.59406491,0.440150239,19.10307919,0.74661102,31,66
13,277,5.865966295,1,0,106.9121132,0.500531659,16.04548293,0.927195933,30,66
13,278,6.038345838,1,1,24.72120145,0.390858416,14.54525865,1.333967617,29,66
13,279,5.867017303,1,0,94.17478607,0.527942818,19.56606973,0.80332145,28,66
13,280,6.269362693,1,1,34.75358878,0.520681207,17.9569775,0.913039501,27,66
13,281,5.870847086,1,1,25.21975028,0.499056301,16.95203245,0.877247341,26,66
13,282,5.893088857,1,1,26.56701534,0.573977723,16.33920061,0.969324328,25,66
13,283,6.157722669,1,1,27.4976322,0.434201075,15.47779358,0.792149562,24,66
13,284,6.111687238,1,1,29.91507582,0.685039712,21.86183625,1.182334541,23,66
13,285,6.316148472,1,1,27.73151341,0.388697997,21.52453869,0.696799932,22,66
13,286,6.295099733,1,1,28.34801253,0.42999472,19.77589826,0.674910192,21,66
13,287,6.333192127,1,1,30.59438202,0.479530688,21.8757136,0.977927323,20,66
13,288,6.358008054,1,1,32.42446376,0.459406043,19.43404423,1.052523912,19,66
13,289,6.045120548,1,0,97.92371457,0.560653807,18.96894547,1.136487654,18,66
13,290,6.47372436,1,1,36.78598586,0.478986635,18.13060794,0.769234319,17,66
13,291,6.340858357,1,1,33.88472196,0.49395229,19.9166513,1.17987945,16,66
13,292,6.657401505,1,1,24.10076496,0.299955414,25.17163133,1.063624411,15,66
13,293,6.851533397,1,0,94.58163022,0.565317769,17.67840842,1.085841613,14,66
13,294,6.796157121,1,0,104.1366766,0.513978893,22.62444894,0.679910834,13,66
13,295,7.205432914,1,1,25.85816081,0.439225311,27.72036529,1.376266396,12,66
13,296,7.787000369,1,1,31.8807366,0.438479233,21.96915909,1.591604285,11,66
13,297,7.685213525,1,1,29.20093164,0.591681704,28.67051078,1.468777601,10,66
13,298,8.11180775,1,1,29.51433024,0.520450446,23.53992268,1.616246134,9,66
13,299,8.196985172,1,1,30.26395648,0.585386835,24.92221154,1.664977838,8,66
13,300,8.562357763,1,1,28.21248308,0.445916661,30.20504228,1.636756685,7,66
13,301,8.56608535,1,1,26.64562601,0.513623507,31.29747607,1.925987096,6,66
13,302,8.757335006,1,0,106.1102992,0.250015426,34.3369072,1.653826029,5,66
13,303,8.633033763,1,1,29.0692718,0.511335312,38.83789431,1.842379002,4,66
13,304,9.181133189,1,1,27.04004827,0.557963837,35.17082706,2.021176018,3,66
13,305,9.291405578,1,1,31.90580449,0.352970738,35.33999098,2.097807322,2,66
13,306,9.777550761,1,0,104.574249,0.525210096,35.16082034,2.27954457,1,66
13,307,10.16414467,1,0,110.7823665,0.597796083,0,0.083293056,0,66
13,307,0,1,0,110.7823665,0.597796083,0,0.083293056,93,67
13,308,0.505269593,1,0,93.77101541,0.58504378,0,0,92,67
13,309,0.183092931,1,0,89.44722203,0.439596498,3.834835265,0.063505009,91,67
13,310,0.299489045,1,0,105.003274,0.528458781,2.304090369,0.02418634,90,67
13,311,0.255405536,1,1,40.7809428,0.58196643,7.190102407,0.074429179,89,67
13,312,0.223203544,1,1,26.97022839,0.477650742,0,0,88,67
13,313,0.104753275,1,0,97.48060025,0.475289715,0,0,87,67
13,314,0.15347096,1,1,45.38002233,0.511355427,3.336882532,0.172859212,86,67
13,315,0.153642571,1,1,30.89017603,0.636905226,0,0.115185462,85,67
13,316,0.357205183,1,1,27.31763284,0.522587363,0,0,84,67
13,317,0.611108847,1,1,33.29009265,0.489376993,0,0,83,67
13,318,0.612836099,1,0,105.8086553,0.629892591,2.353747862,0.410914453,82,67
13,319,0.931391346,1,1,32.4922835,0.458093163,2.004359342,0.089706023,81,67
13,320,0.494422314,1,1,37.77382639,0.581709903,0,0.138534099,80,67
13,321,0.538386257,1,1,37.84082231,0.546118289,0.692929281,0,79,67
13,322,0.657401935,1,0,101.5286774,0.576849898,0,0.117482155,78,67
13,323,0.671941291,1,1,26.51185041,0.498476019,0,0,77,67
13,324,0.839903729,1,0,86.97141021,0.405166739,1.410756168,0.16067445,76,67
13,325,0.756211947,1,0,97.34300028,0.446005427,3.233301552,0.035700173,75,67
13,326,0.613157535,1,1,33.63028187,0.565484828,0.55446062,0,74,67
13,327,0.847916235,1,0,102.5523945,0.544498082,0,0,73,67
13,328,0.920823195,1,0,100.1554416,0.480956968,1.840032504,0.047322834,72,67
13,329,0.645802723,1,0,99.92116992,0.699412279,0.68345221,0.02859105,71,67
13,330,0.82348686,1,1,35.27342733,0.521244299,1.149674596,0,70,67
13,331,1.814087387,1,1,33.41109844,0.604716652,0,0.221818103,69,67
13,332,1.77254968,1,0,120,0.374079107,0.218364182,0,68,67
13,333,1.387823741,1,1,33.12214696,0.674831654,2.060760026,0.081095645,67,67
13,334,1.936366377,1,1,29.88938306,0.515982533,3.387589697,0.159305365,66,67
13,335,2.094911243,1,0,111.9367919,0.571313935,6.111900213,0.392062367,65,67
13,336,1.871567172,1,1,31.11706387,0.547722552,0,0.248487015,64,67
13,337,2.212155311,1,0,84.43777038,0.572612713,0,0.441934575,63,67
13,338,2.151905749,1,1,30.15833879,0.542493949,2.939320715,0.168364415,62,67
13,339,1.969353801,1,1,24.36515527,0.423616712,0,0,61,67
13,340,1.965329942,1,0,95.52583645,0.579159728,9.48674545,0.021356853,60,67
13,341,2.097073118,1,1,21.88323363,0.375850212,7.612846279,0.026927382,59,67
13,342,2.364355651,1,0,100.4694723,0.468943257,3.760892499,0,58,67
13,343,2.469937989,1,1,13.80606339,0.481089809,1.145261513,0.016285066,57,67
13,344,2.399614911,1,1,29.70009927,0.307786777,4.1162431,0.185408059,56,67
13,345,2.674253316,1,1,33.75200117,0.288816131,1.256685315,0.178873248,55,67
13,346,2.706979529,1,1,26.17209559,0.517037416,2.87006788,0,54,67
13,347,2.397851311,1,1,32.41655735,0.584261061,6.977561201,0.040227163,53,67
13,348,2.531961807,1,1,30.78462482,0.386035636,6.085072861,0.237894508,52,67
13,349,2.493759726,1,1,20.68503223,0.508296351,2.540549034,0.179211779,51,67
13,350,2.600267347,1,1,33.921416,0.489665835,5.815461092,0.177793457,50,67
13,351,2.921412901,1,0,104.0725323,0.528513578,4.619085102,0,49,67
13,352,3.127211675,1,1,31.55769088,0.534832551,3.548424566,0.329939354,48,67
13,353,3.157674623,1,1,36.06426685,0.297785022,11.09365589,0.142352245,47,67
13,354,2.838221845,1,1,26.47641341,0.393088868,11.31500436,0.216822063,46,67
13,355,3.229239727,1,1,29.53533486,0.61372714,3.958607325,0.076900744,45,67
13,356,3.584541241,1,0,97.26083613,0.4865674,7.497058065,0.493766613,44,67
13,357,3.800509052,1,1,20.12594133,0.44678442,9.736963515,0.426016994,43,67
13,358,3.538750424,1,1,29.11137152,0.448634317,8.876835967,0.164121793,42,67
13,359,3.593190799,1,1,31.58502924,0.507251997,10.77025938,0.579735121,41,67
13,360,3.769322643,1,1,23.31797223,0.408249374,7.210093994,0.260192769,40,67
13,361,4.579642926,1,1,35.41524819,0.51767112,11.84531126,0.538569995,39,67
13,362,4.564106053,1,1,36.09324092,0.702931675,14.46152497,0.488781386,38,67
13,363,4.713484183,1,0,103.5392103,0.56060751,13.74899896,0.722468882,37,67
13,364,4.870081068,1,0,86.64056453,0.516157912,19.75086215,0.458838735,36,67
13,365,4.873248399,1,1,35.2025622,0.58612864,12.93776733,0.789945466,35,67
13,366,5.244501027,1,1,15.21882295,0.521790014,14.37746137,0.748057235,34,67
13,367,5.058421544,1,1,33.72893077,0.3482792,11.76611631,0.525266891,33,67
13,368,5.300408334,1,1,28.0671221,0.413738606,10.49600991,0.579300227,32,67
13,369,5.142407869,1,1,25.35525785,0.474577559,15.13424346,0.811675971,31,67
13,370,5.119748572,1,0,95.4895424,0.713717122,14.20746352,0.700017743,30,67
13,371,5.464851733,1,1,27.46673808,0.409848537,16.35386459,0.92245338,29,67
13,372,5.329745207,1,1,26.9731286,0.520848619,18.49289677,0.54070659,28,67
13,373,5.324534372,1,1,22.60868782,0.486062834,15.80055139,0.825609157,27,67
13,374,5.538842563,1,0,104.2433301,0.537431415,14.31087666,0.82458456,26,67
13,375,5.662068683,1,1,26.27367518,0.532459383,12.21382439,0.887730374,25,67
13,376,5.456427829,1,0,113.20554,0.543160053,16.59667894,0.497151343,24,67
13,377,5.733661847,1,1,27.08256671,0.586756005,17.30960505,0.751072051,23,67
13,378,5.493835786,1,1,29.00353474,0.518777699,15.80460767,0.664358302,22,67
13,379,5.380338085,1,1,26.39375647,0.508093285,9.974675041,0.760096428,21,67
13,380,5.793703346,1,1,30.59733135,0.788026604,15.66145788,0.530863464,20,67
13,381,5.655744402,1,0,93.81813128,0.432402184,11.49795977,0.896533392,19,67
13,382,5.695872647,1,1,24.78166175,0.450290495,17.2875466,0.706751829,18,67
13,383,5.89969168,1,1,32.43968381,0.640351555,14.8981235,1.244443874,17,67
13,384,6.206852719,1,0,97.47054185,0.478723363,16.47456594,0.55869847,16,67
13,385,6.222993316,1,1,34.00974295,0.433022196,20.88667355,0.850108365,15,67
13,386,6.37107837,1,1,29.28966716,0.312809492,19.89611163,1.107324552,14,67
13,387,6.652594174,1,0,108.0073639,0.427852488,22.60730709,1.134799514,13,67
13,388,6.637154577,1,1,16.87143694,0.497410372,17.06275828,1.115125884,12,67
13,389,6.576342649,1,1,32.20748707,0.511951532,20.45073433,1.119784703,11,67
13,390,6.637102338,1,0,91.4843911,0.267909759,18.94315637,0.940832121,10,67
13,391,6.82458516,1,0,85.52209134,0.592340433,25.16617957,0.995110042,9,67
13,392,6.797709489,1,1,32.69675005,0.475250468,19.70131577,1.111757179,8,67
13,393,7.038671981,1,1,27.25613316,0.421937372,20.73347728,1.192358177,7,67
13,394,7.007218856,1,1,27.47436037,0.433457228,29.72198825,1.005495326,6,67
13,395,7.268638095,1,1,27.46024336,0.527111883,24.08552359,1.32800308,5,67
13,396,8.882949244,1,1,32.30676776,0.575118434,33.92796001,1.861260019,4,67
13,397,9.364285561,1,0,98.8168721,0.45621608,29.20212425,2.258190203,3,67
13,398,9.573701178,1,0,96.10019928,0.515707698,32.48995935,2.301126098,2,67
13,399,9.913946425,1,1,31.64127064,0.73410058,41.59128995,2.541231918,1,67
13,400,10.14572104,1,1,28.52585249,0.643614236,0,0,0,67
14,0,0,0,1,28.4748806,0.812369698,0,0.072065989,130,69
14,1,0.107617609,0,1,30.26605299,0.817367067,0,0.174685003,129,69
14,2,0.277222525,0,1,34.05310816,0.857270696,0,0,128,69
14,3,0.324475803,0,1,38.14573811,0.653565692,4.246351638,0.223423136,127,69
14,4,0.424528405,0,1,32.33077387,0.523401889,4.19846433,0.132387269,126,69
14,5,0.545049809,0,1,30.22277269,0.538064649,0,0,125,69
14,6,0.572587545,0,1,33.3855489,0.634659988,3.069644002,0,124,69
14,7,0.892697247,0,0,102.6287831,0.50961989,5.377102046,0.088294784,123,69
14,8,0.870248745,0,1,36.4490459,0.703632361,0,0,122,69
14,9,0.641291728,0,1,31.21796634,0.841837994,2.092418389,0.103774199,121,69
14,10,0.795969177,0,1,36.41801952,0.771730252,0,0,120,69
14,11,0.659524227,0,1,38.63137006,0.6442041,1.092471975,0.155174722,119,69
14,12,0.906283155,0,1,40.81128231,0.810887407,3.914127411,0.115392669,118,69
14,13,0.779803863,0,1,23.65906511,0.876005692,0.819401777,0,117,69
14,14,1.071352154,0,0,107.5536835,0.508353387,0,0.092329228,116,69
14,15,1.296692027,0,1,19.01288115,0.760468364,0,0,115,69
14,16,1.545423314,0,0,102.6332859,0.581804344,1.284227176,0.093200428,114,69
14,17,1.345472972,0,0,99.86976329,0.507686773,10.23146143,0.019872754,113,69
14,18,1.486929205,0,0,99.28292437,0.529752919,4.065248128,0.049460164,112,69
14,19,1.242317257,0,1,23.59869736,0.600767319,1.177873479,0,111,69
14,20,1.376329644,0,1,21.80496337,0.721012349,2.433739477,0,110,69
14,21,1.4777721,0,1,27.4143191,0.650890284,3.001714031,0,109,69
14,22,1.621109164,0,0,108.149491,0.923240546,4.367052185,0,108,69
14,23,1.54489513,0,1,29.81390561,0.783317686,1.682224557,0,107,69
14,24,1.570652983,0,1,29.43983515,0.689880109,5.128003514,0.099885785,106,69
14,25,1.598123524,0,1,31.19137657,0.537252424,0.553193245,0,105,69
14,26,1.660365791,0,1,38.01595571,0.460732382,2.664546921,0.358786459,104,69
14,27,1.691421126,0,1,25.84246195,0.658124048,0.666269093,0,103,69
14,28,1.798762918,0,1,28.22189049,0.778651203,9.000412578,0.056808516,102,69
14,29,2.001508526,0,1,28.55197581,0.649969161,0.478349906,0,101,69
14,30,1.795463417,0,1,24.97505968,0.732170204,6.921812966,0,100,69
14,31,1.811834888,0,1,34.87932217,0.452886597,3.771162792,0.267303659,99,69
14,32,1.720918419,0,1,39.57740674,0.890804346,3.790337364,0.095889898,98,69
14,33,1.827278012,0,1,26.4793973,0.728203531,2.191591267,0.38589581,97,69
14,34,2.115375364,0,1,35.01353753,0.420220285,2.394588529,0.063122652,96,69
14,35,1.464874373,0,1,31.17232558,0.558125437,0,0.123128766,95,69
14,36,1.921066877,0,1,39.42533597,0.723668683,1.888938631,0,94,69
14,37,2.18841449,0,0,112.600239,0.625063428,6.70666116,0.095102104,93,69
14,38,1.903126464,0,1,25.58808964,0.6000439,5.369932665,0,92,69
14,39,2.286363196,0,0,99.51950562,0.691386685,5.284601344,0.060836115,91,69
14,40,1.882164957,0,0,104.3134921,0.58427911,0,0.288536865,90,69
14,41,2.103351501,0,0,91.78476922,0.777303059,0,0.274344389,89,69
14,42,2.086743792,0,1,28.65829663,0.687206717,1.56474667,0.120314361,88,69
14,43,2.074175586,0,0,96.95432752,0.691201927,3.875125357,0,87,69
14,44,2.203102816,0,1,21.11451191,0.632164015,3.132569708,0.000302725,86,69
14,45,2.490344593,0,0,91.40784099,0.530991816,7.320304458,0.247970219,85,69
14,46,2.356767808,0,1,27.63745089,0.866680009,6.810200418,0.240171109,84,69
14,47,2.83261141,0,0,100.9681846,0.65919988,2.315083711,0.293425884,83,69
14,48,3.029024128,0,1,28.90804785,0.623775797,2.791978979,0.649089173,82,69
14,49,3.246238597,0,1,27.4791615,0.70316713,6.235075391,0.124247145,81,69
14,50,3.252775989,0,1,24.03903554,0.590337321,8.220268351,0,80,69
14,51,3.135147929,0,0,110.2435416,0.732385681,4.445221747,0.099082885,79,69
14,52,3.247599768,0,1,35.19645029,0.482314346,7.856523102,0.183189591,78,69
14,53,3.183234208,0,0,101.0343762,0.908040955,9.322440074,0.524301256,77,69
14,54,3.513214444,0,1,27.75936044,0.693608985,3.739063421,0.584231663,76,69
14,55,3.381370705,0,1,32.30900529,0.621783867,9.461723654,0.383542196,75,69
14,56,3.661600336,0,1,35.11895109,0.549050776,5.510001627,0.069079962,74,69
14,57,3.776840532,0,0,80.01050556,0.532819555,5.52676153,0.290337171,73,69
14,58,3.349360828,0,1,34.14605282,0.869802206,6.859043545,0.252288947,72,69
14,59,3.724191781,0,0,99.40339294,0.754526829,4.05817921,0.16761118,71,69
14,60,3.770774238,0,1,32.83701661,0.60557968,8.760694107,0.226055992,70,69
14,61,3.775217026,0,1,34.5510273,0.727368868,12.48502517,0.27725823,69,69
14,62,4.021950299,0,0,110.1031576,0.518143299,12.37898363,0.577216639,68,69
14,63,4.455415431,0,1,34.02090693,0.619865546,11.1499814,0.624815822,67,69
14,64,4.404118113,0,1,24.75684452,0.688401728,9.225230641,0.427116152,66,69
14,65,4.350592053,0,1,28.75803639,0.470975592,12.846589,0.512913215,65,69
14,66,4.447514235,0,1,21.01640819,0.803665905,13.27489003,0.204600596,64,69
14,67,4.142859477,0,0,103.5991444,0.447697139,11.50258364,0.609688903,63,69
14,68,4.44882684,0,1,23.4905607,0.639489011,9.122424831,0.686424413,62,69
14,69,4.534630935,0,0,95.58006561,0.767347636,16.85814692,0.283076028,61,69
14,70,4.436379788,0,1,35.80973743,0.726246849,11.49124,0.535263106,60,69
14,71,4.372165331,0,1,27.75153569,0.865440384,9.801506722,0.471928807,59,69
14,72,4.777703408,0,0,90.90608895,0.652362136,13.14690379,0.357259797,58,69
14,73,4.628519585,0,0,104.8944581,0.594643449,11.16999432,0.335658657,57,69
14,74,4.656471054,0,1,28.23893412,0.602363137,14.47301123,0.501799592,56,69
14,75,4.638693123,0,0,102.4363282,0.483483696,14.6739145,0.885760776,55,69
14,76,4.696755862,0,0,99.82287735,0.701034903,13.25457396,0.436892994,54,69
14,77,4.807759792,0,1,22.20304263,0.731589062,13.20392559,0.019459543,53,69
14,78,5.007348501,0,0,105.9338917,0.572565294,18.59855832,0.648671912,52,69
14,79,5.262228347,0,1,37.93432754,0.664527027,14.23422525,0.661076403,51,69
14,80,5.218368937,0,1,16.56721862,0.546858254,10.35047769,0.532974085,50,69
14,81,5.158181035,0,0,97.81233275,0.640627555,17.09769697,0.709426668,49,69
14,82,4.96339495,0,1,24.04592436,0.867868643,16.20026927,0.616952836,48,69
14,83,5.061276375,0,0,95.19446989,0.745671916,12.99751387,0.596424573,47,69
14,84,5.224407367,0,0,97.75305603,0.695828064,8.958310991,0.594283615,46,69
14,85,5.088136044,0,1,36.43290877,0.698881776,16.20265391,0.620802519,45,69
14,86,5.160314244,0,1,33.07735512,0.663209846,17.87735026,0.749718865,44,69
14,87,5.29082508,0,1,29.30508676,0.634533939,15.26897245,0.824988222,43,69
14,88,5.258833251,0,0,113.2089897,0.626439687,16.76509922,0.705289887,42,69
14,89,5.469332334,0,0,104.3426906,0.614039782,13.39702964,0.672264475,41,69
14,90,6.050515721,0,0,99.37698258,0.675971406,19.55928002,0.938499026,40,69
14,91,5.846170479,0,0,102.4660572,0.65229285,14.54899108,0.858062828,39,69
14,92,5.943706561,0,1,31.41968266,0.718998646,18.11392238,1.022810491,38,69
14,93,6.176416154,0,1,27.90663362,0.698222558,22.16296794,1.124172783,37,69
14,94,6.156381487,0,0,112.4523297,0.765804593,21.23667154,0.949117564,36,69
14,95,6.074909955,0,1,30.55734706,0.706361131,18.20580968,0.944512329,35,69
14,96,6.29021311,0,1,33.24818401,0.459630966,19.33508973,1.14869267,34,69
14,97,5.911557378,0,0,112.1797821,0.608732241,16.41878451,1.33037907,33,69
14,98,6.341091398,0,1,27.03620211,0.654510529,22.18472446,1.053049361,32,69
14,99,6.079697742,0,1,19.95126095,0.640575994,19.4231934,0.910151533,31,69
14,100,6.469155451,0,0,102.9606712,0.582303649,16.97168899,1.203865703,30,69
14,101,6.256123843,0,0,100.7519718,0.657429778,20.1876248,0.908873962,29,69
14,102,6.455077685,0,1,27.4766419,0.767250653,16.86529729,0.946186726,28,69
14,103,6.482832683,0,1,31.27221975,0.744987184,17.0784177,0.869464233,27,69
14,104,6.788372696,0,1,28.50068621,0.683749887,18.47418349,1.148190075,26,69
14,105,6.808440789,0,0,99.79639186,0.657334747,22.83103162,1.311655476,25,69
14,106,6.878696613,0,1,21.75850701,0.626872083,22.01317661,1.254877468,24,69
14,107,6.923528633,0,1,26.5248334,0.649103154,21.29502658,1.306313775,23,69
14,108,6.792541549,0,1,29.41813899,0.682172946,26.48695186,1.061135096,22,69
14,109,6.860047428,0,1,27.56126178,0.557657736,20.66991448,0.951674489,21,69
14,110,7.047161038,0,1,25.74486665,0.500528583,25.64445734,1.406259537,20,69
14,111,7.014072088,0,1,30.11369679,0.683467434,23.56132664,1.199891508,19,69
14,112,6.844350352,0,1,33.5909247,0.694541056,23.62996551,1.232510676,18,69
14,113,6.997247788,0,0,107.4333604,0.675749385,26.15807627,1.317974787,17,69
14,114,6.98349208,0,0,105.2841653,0.674924277,23.48237881,1.450974226,16,69
14,115,7.016369175,0,1,27.69557098,0.557854669,27.37768039,1.146006708,15,69
14,116,7.434396069,0,1,28.43386,0.466250694,18.55390279,1.314643718,14,69
14,117,7.587140169,0,1,35.83437832,0.658405685,25.04178806,1.554691084,13,69
14,118,7.72395127,0,0,97.17102278,0.664564105,29.64743341,1.534496663,12,69
14,119,7.658619929,0,1,31.30754059,0.619979123,36.94705538,1.482986838,11,69
14,120,7.784317405,0,1,37.13794903,0.713441141,29.73050025,1.680381795,10,69
14,121,7.90151325,0,1,37.28607951,0.545814591,25.83707355,1.43526534,9,69
14,122,8.041020051,0,1,28.14786102,0.678087258,31.49688325,1.724291209,8,69
14,123,8.645705247,0,1,22.29754983,0.656266683,31.88304909,1.724652923,7,69
14,124,8.720499751,0,0,107.0944194,0.761455927,33.28214949,1.797645393,6,69
14,125,8.957130637,0,1,25.02103951,0.706114846,35.9850847,2.30323799,5,69
14,126,9.250176432,0,1,29.69332523,0.682653597,34.48297094,1.991817926,4,69
14,127,9.349115293,0,1,25.27804099,0.530271289,38.04772859,2.468356402,3,69
14,128,9.824968459,0,0,103.5885451,0.671747754,37.49242964,2.531827739,2,69
14,129,10.09899278,0,0,98.10055575,0.602497265,35.4002225,2.422626848,1,69
14,130,10.67688084,0,0,100.4700444,0.551697068,0,0,0,69
14,130,0,0,0,100.4700444,0.551697068,0,0,131,70
14,131,0.215048295,0,0,93.06325499,0.629552813,1.430371987,0.247204072,130,70
14,132,0.060146879,0,0,91.55903689,0.697704102,0,0.036876634,129,70
14,133,0.004792207,0,1,24.8758905,0.74471868,0,0,128,70
14,134,0.223007111,0,0,112.0536875,0.784587909,6.248268191,0,127,70
14,135,0.285220948,0,1,24.3237447,0.576222817,0,0.186786185,126,70
14,136,0.622720538,0,1,38.39848614,0.536016884,1.075160409,0.161796662,125,70
14,137,0.488743416,0,1,22.03967469,0.662265739,0,0,124,70
14,138,0.539800905,0,1,27.59835473,0.77578659,0,0.023007033,123,70
14,139,0.325085172,0,1,32.98784528,0.647992368,0.288055886,0.040131499,122,70
14,140,0.507175411,0,1,28.76344268,0.705377537,0,0,121,70
14,141,0.932746362,0,1,27.05570418,0.566048371,4.690991747,0,120,70
14,142,0.732756327,0,0,94.8815169,0.64721842,0,0,119,70
14,143,0.740405126,0,0,101.6484143,0.720525972,0,0,118,70
14,144,1.075031392,0,1,30.63617066,0.602924064,5.344518576,0.171802462,117,70
14,145,1.040068521,0,1,25.66460077,0.565727057,3.470576196,0.053519906,116,70
14,146,0.92582952,0,1,27.84909117,0.655433059,2.546321464,0.116985337,115,70
14,147,1.039854496,0,1,29.42901719,0.404722819,1.705837021,0.212875377,114,70
14,148,1.494594615,0,1,29.21630647,0.443144971,2.803703938,0.000751718,113,70
14,149,1.629965324,0,1,31.72189518,0.715226703,1.911007757,0.391524528,112,70
14,150,1.148480288,0,0,95.02378093,0.532259854,0,0.196997389,111,70
14,151,1.299739786,0,1,26.30022865,0.466537814,3.577650108,0.295117953,110,70
14,152,1.20441913,0,0,114.287184,0.670346719,2.656089071,0.268458616,109,70
14,153,1.664378698,0,0,100.9477834,0.707439902,0.224326322,0.034450645,108,70
14,154,1.317821603,0,0,96.31427658,0.76611185,3.396765661,0.030141486,107,70
14,155,1.596245177,0,1,27.21556872,0.579260735,0,0,106,70
14,156,1.598308144,0,0,95.3533487,0.763069383,5.162117115,0.062428095,105,70
14,157,1.367193766,0,1,32.46494393,0.610836252,4.364141913,0,104,70
14,158,1.470141931,0,1,24.85822436,0.756430321,4.672511519,0.263927838,103,70
14,159,1.706972636,0,1,36.50632932,0.568031984,0.8694157,0.027895602,102,70
14,160,1.70170217,0,0,108.6711849,0.698237226,0.980954712,0.152525256,101,70
14,161,1.697576654,0,1,25.48451494,0.5093386,5.590772151,0.137933132,100,70
14,162,1.493187615,0,1,36.90528801,0.550112406,2.723821627,0.203204117,99,70
14,163,1.774352125,0,1,35.37335313,0.706736018,8.863532035,0,98,70
14,164,1.539230261,0,1,40.77055383,0.755296822,10.54939365,0,97,70
14,165,1.780252953,0,1,30.17043281,0.516343428,6.657679789,0.050134031,96,70
14,166,1.629304247,0,0,104.9918193,0.526204239,9.225998463,0.128118502,95,70
14,167,1.789856701,0,1,31.04123282,0.535858499,7.070420269,0.334205418,94,70
14,168,1.922713232,0,0,99.86141952,0.707443507,7.150827023,0.080017749,93,70
14,169,1.864626498,0,1,27.94922468,0.642854252,4.096625684,0.263042524,92,70
14,170,2.047742851,0,1,37.24254519,0.704683731,5.48544078,0.320186008,91,70
14,171,2.050241584,0,0,98.71902692,0.765758231,3.659293865,0.101010954,90,70
14,172,2.122830689,0,1,25.97100717,0.746108473,5.406254236,0.100697702,89,70
14,173,2.245406275,0,1,32.90391695,0.581787415,6.431777649,0.282157301,88,70
14,174,2.282966858,0,1,27.89403012,0.557669831,11.1867392,0.176932239,87,70
14,175,1.916648879,0,0,103.287646,0.722622688,3.743834119,0.161227857,86,70
14,176,2.072925243,0,0,87.89791689,0.594278381,5.08457984,0.404364107,85,70
14,177,2.123929987,0,1,27.87880699,0.841156065,3.891315738,0,84,70
14,178,2.134918174,0,1,33.90152323,0.599463363,8.057579633,0.218334058,83,70
14,179,2.398360462,0,1,25.68663269,0.876348085,5.005710632,0.12364174,82,70
14,180,2.687273166,0,1,33.74744771,0.479550802,5.492452958,0.26128553,81,70
14,181,2.59363612,0,1,22.33288487,0.647478923,2.011220337,0.289251193,80,70
14,182,2.298897823,0,1,32.27925676,0.740272634,1.27145382,0.239495081,79,70
14,183,2.327241309,0,1,25.66655839,0.713875768,7.336051684,0.152696313,78,70
14,184,2.131023204,0,1,29.72854562,0.674983385,7.533499377,0,77,70
14,185,2.197626229,0,1,28.39926782,0.686292968,6.75412242,0.151138641,76,70
14,186,2.679311181,0,1,28.85394941,0.732689577,4.268213007,0,75,70
14,187,2.181493248,0,1,29.14112884,0.65788301,3.951235303,0.29878071,74,70
14,188,2.410051185,0,1,26.77438349,0.675921692,7.848921474,0.323206839,73,70
14,189,2.563410943,0,1,34.93445166,0.473063223,9.921842405,0,72,70
14,190,2.52878137,0,1,27.71996683,0.803474579,7.345175653,0.086812738,71,70
14,191,2.554425544,0,1,27.74344216,0.689914132,1.748171854,0,70,70
14,192,2.445721285,0,0,112.5051334,0.752361021,5.961557024,0.36258043,69,70
14,193,2.653639306,0,1,22.67708198,0.685864169,5.846541793,0.389477464,68,70
14,194,2.343454582,0,1,32.91887823,0.726088184,3.862128424,0.138041873,67,70
14,195,2.827893804,0,1,34.57754077,0.363307583,4.96019993,0.200964524,66,70
14,196,3.445595137,0,1,35.58739909,0.607860436,7.819166583,0.593606966,65,70
14,197,3.403773179,0,0,106.2072024,0.534500363,6.975487669,0.253481593,64,70
14,198,3.53643949,0,1,28.01007653,0.669778235,8.326133663,0.416900865,63,70
14,199,3.351908923,0,1,31.11336173,0.834680002,8.285801047,0.029162605,62,70
14,200,3.699417491,0,1,29.08061709,0.454009067,8.20616849,0.388364357,61,70
14,201,3.76276487,0,1,25.95439081,0.660101425,5.929878727,0.3116773,60,70
14,202,3.772511969,0,1,37.26820973,0.716431801,10.47684783,0.422553662,59,70
14,203,3.749109042,0,1,28.49989542,0.678896752,11.82672408,0.326103524,58,70
14,204,4.088943957,0,1,24.19231061,0.611751834,10.88823321,0.518194287,57,70
14,205,3.883478005,0,1,28.51011366,0.744775084,14.76591477,0.378210428,56,70
14,206,4.018546796,0,0,107.6562484,0.599228019,3.854525975,0.020044913,55,70
14,207,4.345776117,0,1,28.59585866,0.426842692,13.53989023,0.44246428,54,70
14,208,4.44229568,0,1,33.75343696,0.811291951,12.67504989,0.221808844,53,70
14,209,4.405776707,0,1,29.17476794,0.710554264,16.70043387,0.462423838,52,70
14,210,4.242732968,0,0,105.9993469,0.732295214,9.748960545,0.49728396,51,70
14,211,4.747000281,0,1,34.84642556,0.596084255,12.89031507,0.496125381,50,70
14,212,4.576212666,0,1,31.19102024,0.704339072,11.32375938,0.400776749,49,70
14,213,4.54837294,0,0,90.78919396,0.55263283,11.1253853,0.604718309,48,70
14,214,4.564169516,0,1,29.12042475,0.610843868,7.826727932,0.587946742,47,70
14,215,4.512010439,0,1,25.60297724,0.770561371,15.65990781,0.521482911,46,70
14,216,4.344881957,0,1,33.57955155,0.672993293,9.999497266,0.489626813,45,70
14,217,4.59052141,0,1,27.42320939,0.730845102,10.02421519,0.386530408,44,70
14,218,4.662578249,0,1,25.57142467,0.560983133,13.40995852,0.574196207,43,70
14,219,4.67670836,0,1,26.91853443,0.601584211,17.43235433,0.420371361,42,70
14,220,4.418779696,0,1,25.62697351,0.707224306,10.8306525,0.889946599,41,70
14,221,4.861694306,0,1,35.51782345,0.746829511,9.173947755,0.335619594,40,70
14,222,4.612572173,0,1,28.69934568,0.800641144,13.24838287,0.374290997,39,70
14,223,4.962240773,0,1,40.0962584,0.821887366,9.082797921,0.658134393,38,70
14,224,4.896835831,0,1,24.42418249,0.618443794,16.63930383,0.654279499,37,70
14,225,4.870042442,0,0,97.5140333,0.636488805,10.67547654,0.723259667,36,70
14,226,5.167013383,0,0,95.43681348,0.763946513,11.1114067,0.724924401,35,70
14,227,5.403298263,0,1,28.12795177,0.666319347,15.24469203,0.754597668,34,70
14,228,5.578719038,0,1,29.11862736,0.612977191,13.41653529,0.709545393,33,70
14,229,5.54372098,0,1,26.72256199,0.714593543,19.92827018,0.890080936,32,70
14,230,5.891395695,0,1,25.12265876,0.646777757,20.3654753,0.772636963,31,70
14,231,5.978285732,0,1,32.74109791,0.658589291,18.01312782,0.928438825,30,70
14,232,6.165566294,0,1,31.87128126,0.40121602,19.82995484,0.955824332,29,70
14,233,5.93654286,0,0,104.7072887,0.770300294,21.1563373,1.094011003,28,70
14,234,5.691550556,0,0,105.5663501,0.497528933,20.63584086,0.954292454,27,70
14,235,5.946497682,0,1,30.41852473,0.843103073,19.65787581,0.942763337,26,70
14,236,5.79142474,0,1,34.43575499,0.775689005,20.48951534,0.743967962,25,70
14,237,5.991643204,0,0,105.5913394,0.817433394,20.19144381,1.282542267,24,70
14,238,6.271736419,0,0,93.17559385,0.532770591,24.56015814,0.926292447,23,70
14,239,5.980383993,0,1,23.98219742,0.847644498,16.99383964,1.016203811,22,70
14,240,6.313889435,0,0,103.019026,0.639507462,18.54300433,0.900104104,21,70
14,241,6.108575468,0,1,34.87308905,0.708012036,21.69367181,0.937148253,20,70
14,242,6.732321918,0,1,38.06009209,0.659745656,18.75627834,0.941979992,19,70
14,243,6.549324981,0,1,30.6118558,0.663624877,26.72300426,0.9583475,18,70
14,244,6.838983095,0,0,101.5658794,0.635056069,20.85148743,1.0974101,17,70
14,245,6.771861496,0,1,31.45944841,0.564886272,21.42215237,1.000934566,16,70
14,246,7.005644984,0,1,27.03211628,0.670954728,29.38704811,0.989718584,15,70
14,247,6.899087623,0,1,22.16204879,0.616481608,27.00331186,1.31776202,14,70
14,248,7.015546127,0,0,103.2202594,0.564390093,29.85855883,0.995605454,13,70
14,249,7.110029443,0,0,87.95709548,0.627901301,26.19577252,1.080930258,12,70
14,250,7.22250908,0,1,39.90264607,0.751318295,26.35652471,1.390669235,11,70
14,251,8.065895432,0,1,33.22370136,0.635222025,29.62886728,1.498813192,10,70
14,252,7.913086299,0,0,107.4169372,0.638475191,27.19812104,1.70616529,9,70
14,253,8.067189834,0,1,29.11837081,0.693781323,29.93266133,1.778935445,8,70
14,254,8.271060982,0,1,25.56048276,0.624959516,28.65871279,1.702796572,7,70
14,255,8.090876883,0,0,98.9667397,0.737300854,28.23199466,2.009007566,6,70
14,256,8.659867689,0,0,97.50678529,0.543038631,29.40030799,1.661574347,5,70
14,257,9.389723824,0,1,26.00413499,0.797385504,39.09189483,2.095251741,4,70
14,258,9.262318581,0,1,32.8953953,0.433087122,31.35503535,2.129579009,3,70
14,259,9.466515135,0,0,103.7923118,0.514435289,36.81139197,2.259395853,2,70
14,260,9.854163094,0,0,107.4693022,0.718654455,42.34039522,2.14993475,1,70
14,261,9.974336286,0,1,33.7130717,0.726544178,0,0.036208509,0,70
14,261,0,0,1,33.7130717,0.726544178,0,0.036208509,102,71
14,262,0,0,1,30.95286399,0.682303475,0,0.253572113,101,71
14,263,0.330249349,0,0,94.61059189,0.481419251,0,0,100,71
14,264,0.283185943,0,0,101.1921874,0.646489505,1.198916234,0,99,71
14,265,0.371788812,0,0,103.1118482,0.573276204,0,0.091680758,98,71
14,266,0.246571068,0,0,102.7761552,0.810976323,0,0.007325312,97,71
14,267,0.255694055,0,1,30.58286447,0.598593844,0.775421982,0.201612647,96,71
14,268,0.61811357,0,1,36.12024519,0.423117619,0,0.011474744,95,71
14,269,0.545998206,0,1,26.17522501,0.615394634,0.71890011,0,94,71
14,270,0.612942416,0,1,30.35711291,0.730689136,8.299726042,0.030045382,93,71
14,271,0.971865724,0,1,35.12849212,0.50534789,3.122967043,0,92,71
14,272,1.160808047,0,0,102.0209948,0.702477838,4.247677181,0.145732528,91,71
14,273,0.740133311,0,1,37.14939262,0.755619022,0,0,90,71
14,274,1.573472415,0,0,120,0.55557268,2.515270707,0.129868494,89,71
14,275,1.585357271,0,1,28.77988115,0.720726379,4.364271298,0.13327621,88,71
14,276,1.741499394,0,1,26.53069643,0.777298989,4.881351976,0.064866389,87,71
14,277,1.370148325,0,0,106.4932762,0.804333372,0,0,86,71
14,278,1.646781529,0,1,25.30330389,0.618848573,0,0.251966652,85,71
14,279,1.843066124,0,1,35.62135253,0.69878411,1.482037316,0.307641568,84,71
14,280,1.755087314,0,1,26.1107292,0.694405717,1.906442035,0.199101828,83,71
14,281,1.541545518,0,1,37.96865456,0.601477508,4.667735187,0.073327227,82,71
14,282,1.473416283,0,1,32.05680631,0.512501384,6.340072615,0,81,71
14,283,1.782034301,0,1,21.35184528,0.507280536,0.809910033,0.326265071,80,71
14,284,1.486670231,0,1,22.41429769,0.674353721,4.503462958,0.14554071,79,71
14,285,1.931932226,0,0,95.301491,0.629755321,6.725515915,0.187532217,78,71
14,286,2.268078387,0,1,31.22145186,0.869435259,0,0.169447714,77,71
14,287,2.306090615,0,1,20.82449485,0.633754473,6.258177736,0.105657433,76,71
14,288,2.224699864,0,1,23.00515148,0.770132219,2.886546131,0.529797575,75,71
14,289,2.090671087,0,0,91.45560359,0.818749093,2.728798179,0.230531893,74,71
14,290,2.427418719,0,0,98.13413308,0.72569331,5.719842032,0.140692108,73,71
14,291,2.42417009,0,1,29.83335103,0.509541794,2.734912236,0.438003914,72,71
14,292,2.343358334,0,1,30.99840633,0.585612548,5.926591449,0.201824743,71,71
14,293,2.622456447,0,1,24.75502261,0.693810707,5.521998659,0.089290577,70,71
14,294,2.821658699,0,0,88.63850201,0.784051908,4.488944661,0.072590553,69,71
14,295,2.627612001,0,0,107.213794,0.684581248,0,0,68,71
14,296,2.66958987,0,1,38.81312236,0.667523531,6.003582238,0.021530272,67,71
14,297,2.380207092,0,1,27.16492643,0.693365589,0.886796617,0.514563162,66,71
14,298,2.675071491,0,1,29.82909948,0.794765166,8.182638577,0.024534591,65,71
14,299,3.209172975,0,1,30.13146936,0.627202863,5.280478087,0.435960989,64,71
14,300,3.108297138,0,0,99.63640827,0.629491283,11.52502058,0.280674405,63,71
14,301,3.218675516,0,0,89.20088758,0.818745964,3.152960858,0.143887746,62,71
14,302,3.20707943,0,1,25.46657698,0.72657392,3.873416314,0.421481673,61,71
14,303,3.287874561,0,1,36.97320621,0.689316386,8.855557369,0.049193472,60,71
14,304,3.393228527,0,1,20.84869517,0.644575793,3.975898819,0.250905559,59,71
14,305,3.333803339,0,0,94.63175078,0.836349798,11.5028944,0.396466333,58,71
14,306,3.652124932,0,1,28.73388685,0.691895367,7.034877608,0.083848397,57,71
14,307,3.626706,0,1,30.0314861,0.672484412,11.32028078,0.309418617,56,71
14,308,3.854908226,0,0,103.8165229,0.673903982,5.419404625,0.621859975,55,71
14,309,3.642106395,0,0,108.4943908,0.640308511,3.369683055,0.498578843,54,71
14,310,3.655226646,0,0,98.43582524,0.61147714,10.01191742,0.450837601,53,71
14,311,3.948065848,0,1,33.34071204,0.66815238,15.45378592,0.168843028,52,71
14,312,3.65591805,0,0,109.9457461,0.733882726,14.641121,0.517817967,51,71
14,313,3.843320327,0,1,28.08170144,0.767518444,10.99053403,0.299638497,50,71
14,314,3.96723213,0,1,37.05805993,0.77878656,10.49013098,0.407875838,49,71
14,315,3.892424704,0,0,104.5374255,0.743309402,10.41603904,0.73247608,48,71
14,316,4.083827004,0,1,32.27433733,0.802305655,6.539678032,0.280043295,47,71
14,317,3.565354844,0,1,31.49666377,0.716995889,9.32043864,0.453465716,46,71
14,318,4.008928676,0,1,26.59293638,0.637928112,7.897644685,0.551503426,45,71
14,319,4.021116956,0,1,39.35917932,0.597511451,8.485722417,0.296226271,44,71
14,320,4.22501812,0,1,35.72256971,0.668012165,12.48086696,0.355213774,43,71
14,321,3.765872978,0,1,29.18641201,0.590839076,8.873153258,0.558328101,42,71
14,322,3.97779458,0,1,31.38553211,0.76445926,8.683369899,0.35560469,41,71
14,323,4.499812451,0,1,25.2802037,0.781491826,6.635320667,0.445481693,40,71
14,324,3.875450002,0,0,95.69771991,0.544992286,11.93930493,0.516779229,39,71
14,325,4.581624364,0,1,25.1308909,0.748621048,7.978436109,0.279960257,38,71
14,326,4.510936745,0,1,36.28605628,0.681852296,11.16248187,0.051411733,37,71
14,327,4.670615039,0,1,35.1931214,0.683037961,8.42113532,0.432082383,36,71
14,328,4.831456148,0,1,34.17507058,0.617877521,13.54655572,0.776233459,35,71
14,329,4.396927743,0,1,27.34362443,0.662897051,14.10731999,0.753613206,34,71
14,330,4.998585038,0,0,113.8998312,0.713926731,10.99246853,0.606730556,33,71
14,331,4.892897454,0,1,35.68344784,0.655831222,13.57701036,0.546353043,32,71
14,332,4.832541506,0,1,26.8656572,0.805509876,8.777114484,0.663095137,31,71
14,333,5.034593249,0,0,96.61405664,0.644622789,14.60700508,0.367349742,30,71
14,334,5.188949798,0,1,23.48196187,0.779288476,16.03207891,0.512762277,29,71
14,335,5.066934475,0,1,32.70652934,0.637417644,11.12464269,0.729301589,28,71
14,336,5.750880157,0,1,23.39844293,0.660983111,16.8591721,0.643169119,27,71
14,337,5.641900081,0,0,98.37537935,0.614277952,12.56148816,0.616512596,26,71
14,338,5.703808884,0,1,25.22582714,0.506301326,20.95325516,0.815180553,25,71
14,339,6.537817803,0,1,29.07219238,0.552134877,19.49633877,1.025565172,24,71
14,340,6.442621527,0,1,27.46969205,0.777109739,21.70993383,1.053472572,23,71
14,341,6.585857321,0,1,17.71020211,0.6733516,19.92819736,1.036166576,22,71
14,342,6.799365216,0,0,88.88891708,0.73304858,25.07178534,1.400043349,21,71
14,343,7.041417735,0,1,27.75921345,0.620322899,21.04421554,1.198696733,20,71
14,344,7.020904236,0,0,92.79511106,0.725706255,27.08512518,1.029160084,19,71
14,345,7.018060297,0,0,99.08083436,0.514010729,21.95257875,1.358952609,18,71
14,346,7.280202878,0,0,87.31801474,0.611955337,26.01620007,1.327582834,17,71
14,347,7.36559446,0,1,28.27976423,0.692627261,23.21343706,1.421077575,16,71
14,348,7.31143181,0,1,33.05941969,0.721107214,28.0283692,1.20923444,15,71
14,349,7.564232649,0,1,26.80519342,0.606700575,27.44768947,1.216228614,14,71
14,350,7.674025293,0,1,16.23476141,0.612160784,31.95981625,1.652696873,13,71
14,351,8.009392941,0,1,23.36826604,0.749623847,21.86543962,1.621826473,12,71
14,352,7.853805822,0,0,98.23831825,0.506566764,26.06677957,1.769282571,11,71
14,353,8.378326313,0,1,25.6621757,0.671815048,30.51415794,1.511467442,10,71
14,354,8.37122022,0,0,107.5570712,0.69000963,24.61519225,1.664278766,9,71
14,355,8.568210494,0,0,98.19420672,0.793066023,29.16085291,1.723369223,8,71
14,356,8.420972469,0,1,28.30885172,0.625687971,29.6591465,2.064213628,7,71
14,357,8.668438897,0,1,30.79651914,0.714200958,30.11120825,1.785777654,6,71
14,358,9.116718965,0,1,27.11768837,0.745690208,34.12359492,2.112772439,5,71
14,359,9.1570129,0,1,28.94796566,0.59736958,34.69786518,1.999373998,4,71
14,360,9.491754031,0,0,100.0409636,0.497462486,41.99978098,2.352891664,3,71
14,361,9.567426521,0,1,28.99889913,0.743218073,33.52434232,2.152683977,2,71
14,362,9.958869701,0,0,88.28818828,0.677284443,42.98074357,2.353194436,1,71
14,363,10.01529705,0,1,32.6072968,0.707332788,1.744910135,0.109255069,0,71
15,0,0,3,0,112.5233,0.619938662,3.702841679,0,82,73
15,1,0,3,1,37.43846892,0.604871296,2.18089599,0.156549146,81,73
15,2,0,3,1,23.31365962,0.544539898,0.803091787,0,80,73
15,3,0,3,0,95.28320767,0.533969215,0,0.052337103,79,73
15,4,0.13224228,3,0,90.56353646,0.653987345,4.800912245,0.061449177,78,73
15,5,0.160470689,3,1,22.21710126,0.49052227,1.653198478,0.001449983,77,73
15,6,0.205010706,3,1,34.84588235,0.59667978,0,0,76,73
15,7,0.270205812,3,1,37.73516022,0.649658396,4.886526045,0.06506547,75,73
15,8,0.103157321,3,1,31.90041176,0.535519122,2.702620507,0,74,73
15,9,0.303634116,3,1,34.89352904,0.568799756,0,0,73,73
15,10,0,3,1,32.67491548,0.622709026,0,0.06603759,72,73
15,11,0.232280172,3,0,94.36290862,0.504037158,0.341458068,0.135775146,71,73
15,12,0.371325256,3,1,30.66146108,0.530035765,0.236115682,0,70,73
15,13,0.517263725,3,1,29.57410733,0.595308401,0,0.126677881,69,73
15,14,0.610279436,3,1,38.6370236,0.47274623,0.384019182,0.114018593,68,73
15,15,0.442676748,3,1,42.16768628,0.675848539,0,0.085631549,67,73
15,16,0.520940074,3,1,28.01996209,0.486219376,3.354019402,0.033627988,66,73
15,17,0.558622749,3,1,26.42505114,0.260701333,0.91044168,0,65,73
15,18,0.748061338,3,1,30.7793159,0.425461698,0,0,64,73
15,19,0.957432466,3,1,21.85213488,0.489305279,6.652833641,0.248485507,63,73
15,20,0.929881512,3,1,34.99843843,0.567443415,0,0.0721018,62,73
15,21,0.852756376,3,1,27.54097246,0.707191291,0.310637334,0.04523408,61,73
15,22,0.784800382,3,1,36.04292125,0.32249213,2.376348812,0.34407432,60,73
15,23,0.955461172,3,1,33.78784777,0.501580361,0,0.23263948,59,73
15,24,0.857474342,3,1,34.01939426,0.625766132,0,0.225178476,58,73
15,25,1.105299938,3,1,31.27361749,0.72459408,2.332264565,0.086858205,57,73
15,26,1.18528218,3,0,102.2792671,0.557394557,3.172452194,0.090341928,56,73
15,27,1.01250033,3,1,31.14577413,0.492672008,0.233777054,0,55,73
15,28,1.123885071,3,1,25.11760192,0.505327084,1.041289924,0,54,73
15,29,1.137971233,3,1,29.57634851,0.593267973,0,0.093633197,53,73
15,30,0.9786389,3,1,28.91476824,0.597733769,0,0,52,73
15,31,1.517867759,3,0,103.3568175,0.441851983,0,0,51,73
15,32,1.53209225,3,1,31.65122723,0.530182082,0.193877505,0.065531499,50,73
15,33,1.654817341,3,0,97.67218485,0.761483914,0,0.199524267,49,73
15,34,1.624866368,3,1,34.4433018,0.60375413,0.549685896,0.058926265,48,73
15,35,1.469763269,3,1,26.94995418,0.646264343,0,0.153774716,47,73
15,36,1.701938589,3,1,34.45862444,0.428364626,5.107788982,0,46,73
15,37,1.643992905,3,1,29.25930072,0.600328222,2.877398209,0.083819123,45,73
15,38,2.106256258,3,0,93.03308985,0.556880749,0,0.047046376,44,73
15,39,1.939830516,3,1,37.06041607,0.528156382,2.708460764,0,43,73
15,40,1.849118423,3,1,35.50179496,0.763173087,2.556277281,0,42,73
15,41,2.078549106,3,1,23.19219442,0.387876716,1.425663455,0,41,73
15,42,2.049090467,3,1,31.62336231,0.490770354,6.367402684,0.247904396,40,73
15,43,2.342382345,3,1,28.28729542,0.430381428,4.244032153,0.197370061,39,73
15,44,2.550284611,3,1,30.51038962,0.601817773,5.014142938,0.390501638,38,73
15,45,2.340360504,3,0,103.0713434,0.696367689,3.724355019,0.061374441,37,73
15,46,2.356273693,3,0,94.76034786,0.701256122,11.28180284,0.183491399,36,73
15,47,3.148176306,3,1,26.91745961,0.406969373,5.599541103,0.343942848,35,73
15,48,3.023531411,3,1,37.41706104,0.657499554,4.518374166,0,34,73
15,49,3.439310307,3,1,31.85253251,0.643799478,6.989574572,0.337537593,33,73
15,50,3.499506423,3,0,94.76991807,0.53859845,4.828063776,0.517207059,32,73
15,51,3.945662443,3,1,37.73678748,0.528166377,3.194493064,0.799591522,31,73
15,52,4.131494484,3,1,32.37259617,0.601900494,10.93840258,0.297081622,30,73
15,53,4.981350844,3,1,37.22754559,0.623023936,15.81068371,0.470952982,29,73
15,54,5.094368493,3,1,35.72762403,0.416306654,10.44938505,0.881745919,28,73
15,55,5.168896319,3,1,23.44548503,0.614570736,9.941928095,0.839458874,27,73
15,56,5.13574753,3,1,23.43393717,0.630262904,12.12858513,0.70533958,26,73
15,57,5.484438392,3,0,89.25430371,0.427420819,18.0861971,0.674927785,25,73
15,58,5.621141403,3,1,28.89451884,0.628256113,20.22058256,0.667950819,24,73
15,59,5.728064086,3,1,30.01545367,0.607129548,19.2274781,0.642361702,23,73
15,60,5.765337578,3,0,97.25713593,0.516405696,17.21895921,0.788862332,22,73
15,61,5.738814906,3,1,29.56319445,0.740097107,16.45133431,0.931069466,21,73
15,62,5.926173222,3,1,23.8417379,0.270804372,13.24857791,0.672538021,20,73
15,63,6.743742693,3,1,33.62270259,0.549189238,17.52893018,1.299502135,19,73
15,64,6.475099352,3,1,32.95199227,0.481444924,16.47840947,1.117982912,18,73
15,65,6.480364526,3,0,108.3317726,0.58631611,26.49898448,0.985513174,17,73
15,66,7.072717605,3,1,21.64912663,0.431699185,29.08986661,1.451348793,16,73
15,67,6.951056956,3,1,26.13351794,0.354624949,25.24018795,1.129473486,15,73
15,68,6.954219157,3,1,23.62351382,0.642217682,26.76695324,1.251622413,14,73
15,69,6.855177423,3,0,99.21070922,0.593913245,22.05898823,1.219676518,13,73
15,70,7.181676453,3,0,101.4116631,0.488568457,28.66173648,1.356129621,12,73
15,71,7.153442333,3,1,35.03642906,0.517129839,25.25745905,1.441154499,11,73
15,72,7.261422782,3,1,31.56158266,0.548265802,22.49983831,1.204518823,10,73
15,73,7.572418561,3,0,101.8730732,0.580760834,26.80757946,1.195997091,9,73
15,74,7.473113058,3,0,99.88715302,0.428358273,28.59156058,1.216442451,8,73
15,75,8.316269682,3,1,16.53454058,0.444981181,29.55236519,1.813698755,7,73
15,76,8.381768249,3,0,96.03689048,0.520736559,31.95427612,1.815811251,6,73
15,77,8.941190962,3,1,36.62401779,0.38931477,33.61691051,2.021120386,5,73
15,78,8.997270206,3,0,100.3308473,0.578921047,36.40908515,2.086882132,4,73
15,79,9.280061479,3,1,31.18906964,0.406633309,37.03796906,1.930517732,3,73
15,80,9.524343517,3,1,32.62134856,0.405079985,32.98110901,2.370757104,2,73
15,81,9.765770169,3,1,26.07171854,0.593836765,38.04648464,2.740316113,1,73
15,82,10.6587981,3,1,37.13912797,0.583098579,0,0.223445717,0,73
15,82,0,3,1,37.13912797,0.583098579,0,0.223445717,80,74
15,83,0,3,0,89.91445838,0.431807472,0,0,79,74
15,84,0,3,0,97.56901625,0.480666173,0,0.121075972,78,74
15,85,0.05527588,3,0,94.14369651,0.499909106,1.602224188,0.107950215,77,74
15,86,0,3,1,28.69182794,0.625716534,0,0.308113589,76,74
15,87,0.14761006,3,1,30.70815781,0.430457324,0,0.154384575,75,74
15,88,0,3,1,18.1593979,0.712734663,0,0,74,74
15,89,0.083860547,3,0,97.39717116,0.488666698,0,0.150268162,73,74
15,90,0.418293976,3,0,111.6356265,0.659569289,0,0.113152536,72,74
15,91,0.095546125,3,1,30.32998294,0.430347887,0,0.018954631,71,74
15,92,0.780123018,3,1,29.88421937,0.697950296,2.080158028,0,70,74
15,93,0.56995924,3,1,27.73984419,0.524336911,0.273605084,0,69,74
15,94,1.575433509,3,0,99.19740938,0.483002771,3.568676235,0.125249799,68,74
15,95,1.850932861,3,0,105.7698915,0.468161461,3.570321688,0.119708222,67,74
15,96,2.114742798,3,1,29.90539828,0.609190029,6.120714428,0.407946801,66,74
15,97,2.040884604,3,1,34.1908938,0.572350788,2.561535614,0,65,74
15,98,2.000771771,3,1,37.56575785,0.690457945,3.48793922,0.236073939,64,74
15,99,2.163291756,3,0,105.3795913,0.380416766,6.498755968,0.188543922,63,74
15,100,2.034992184,3,1,35.59170705,0.59708217,0.030886906,0.301983674,62,74
15,101,2.182907665,3,1,39.8895745,0.535874218,1.054424951,0.050128312,61,74
15,102,2.326635216,3,1,33.06392314,0.588755048,3.188095867,0.073816893,60,74
15,103,2.327363254,3,1,40.06030249,0.497346468,5.321518047,0.183839564,59,74
15,104,2.080816375,3,1,31.54529808,0.60221286,4.172944218,0.050186279,58,74
15,105,2.27354836,3,0,97.06909676,0.582769723,6.492580584,0.241216755,57,74
15,106,2.648278785,3,1,27.90125309,0.451805238,5.595730546,0.319252878,56,74
15,107,2.622897033,3,0,87.87518329,0.501126733,11.59481844,0.187952476,55,74
15,108,2.595505299,3,1,28.14435362,0.400572664,7.238588192,0.298056226,54,74
15,109,2.554146767,3,1,32.18870156,0.340964147,7.593504518,0.199403427,53,74
15,110,2.693745437,3,1,29.95380058,0.598459023,5.765719503,0.38710773,52,74
15,111,2.64694321,3,1,31.19161837,0.575188375,5.419973652,0.510062997,51,74
15,112,2.835007194,3,1,34.76917239,0.661865593,2.945967786,0.190676084,50,74
15,113,2.914121652,3,1,36.5107113,0.596181111,0,0.213817772,49,74
15,114,2.780649115,3,0,101.8163206,0.546003114,5.140217274,0.278668487,48,74
15,115,2.845439716,3,0,93.1048491,0.524050945,4.39586575,0.082583803,47,74
15,116,3.019545799,3,1,24.68281473,0.526776665,11.02068739,0,46,74
15,117,3.166778288,3,0,101.8759791,0.598892321,5.597145239,0.114760674,45,74
15,118,3.06561481,3,1,37.07159784,0.570025903,6.523301003,0.187440546,44,74
15,119,3.228139629,3,0,90.31707068,0.521154393,7.930746354,0,43,74
15,120,3.136263161,3,1,36.02372896,0.53983252,4.240969383,0.143684879,42,74
15,121,3.049597085,3,1,27.89778597,0.519897669,5.037133605,0.181180316,41,74
15,122,3.533062302,3,1,29.15342753,0.477046575,4.87047928,0.156938583,40,74
15,123,3.26150794,3,1,32.56652082,0.661147696,5.103025837,0.145593708,39,74
15,124,3.206605582,3,0,105.5447872,0.613235669,7.256576158,0.293540095,38,74
15,125,3.491361999,3,1,29.11293385,0.340734576,9.798812647,0.089725105,37,74
15,126,3.394661235,3,1,22.83853313,0.481300015,6.376706566,0.205821648,36,74
15,127,3.311492693,3,1,28.62181094,0.616427377,8.134164213,0.428299847,35,74
15,128,3.258177773,3,1,23.61822069,0.581016384,4.376053601,0.385455292,34,74
15,129,3.538475751,3,1,35.0835849,0.480913446,0,0.431612982,33,74
15,130,3.941896619,3,1,27.04831501,0.397505075,14.54338653,0.044935156,32,74
15,131,3.94649208,3,1,36.01951015,0.540319083,7.205466258,0.408429011,31,74
15,132,3.975299486,3,1,30.28916011,0.524694855,11.74214377,0.394862391,30,74
15,133,3.809198746,3,1,24.31479386,0.587323673,5.116234149,0.484898331,29,74
15,134,3.8789655,3,0,105.6690468,0.537040013,9.496144299,0.54469668,28,74
15,135,3.963594364,3,1,31.23737399,0.556199759,10.65057283,0.410873505,27,74
15,136,3.988451606,3,1,24.4660833,0.85868313,8.755619524,0.380204812,26,74
15,137,4.143877789,3,0,98.95913228,0.64000812,11.35676545,0.437475809,25,74
15,138,4.006517224,3,0,105.5773843,0.385081717,7.322242365,0.324246517,24,74
15,139,3.685852617,3,1,30.90061838,0.413439114,11.51336084,0.541019387,23,74
15,140,4.163256652,3,1,25.4449359,0.605046723,13.03657692,0.410748956,22,74
15,141,4.121552506,3,1,27.26369591,0.575592304,17.81944305,0.499421321,21,74
15,142,4.59327929,3,1,29.70049283,0.636548898,14.16269958,0.372797456,20,74
15,143,4.745953581,3,1,33.34600883,0.539648766,14.82898829,0.674642415,19,74
15,144,4.8356574,3,1,26.88030782,0.58346603,20.11296795,0.410841298,18,74
15,145,4.819530172,3,1,22.69758677,0.544000612,14.12229719,0.418515941,17,74
15,146,5.510402523,3,0,97.97461583,0.368100105,15.23429005,1.21279473,16,74
15,147,5.558053942,3,0,99.33479691,0.300494614,17.81813979,0.714565842,15,74
15,148,5.754148296,3,1,31.55842982,0.484597178,10.85893574,0.791345159,14,74
15,149,5.857444679,3,0,94.69384319,0.597215523,22.2966121,0.622107896,13,74
15,150,6.201329421,3,1,31.03226494,0.454037837,14.96135817,0.93265013,12,74
15,151,5.913354221,3,0,94.18985149,0.424498081,20.95759682,0.735226124,11,74
15,152,6.147161984,3,0,93.84929541,0.685727884,17.87921431,0.991279037,10,74
15,153,6.479951574,3,1,32.69041763,0.52787743,20.83497425,0.978904579,9,74
15,154,6.829879153,3,1,28.32980617,0.410876367,23.97604581,1.047767457,8,74
15,155,6.861667656,3,0,92.32708304,0.556161749,22.73155925,1.019694645,7,74
15,156,6.759186091,3,1,34.6403739,0.624990028,23.55454257,0.993915614,6,74
15,157,7.627649466,3,0,104.8954086,0.571914694,27.36959751,1.367689753,5,74
15,158,7.824520543,3,1,33.93882499,0.567239341,25.96143386,1.445940636,4,74
15,159,8.322551194,3,0,104.3475393,0.499910922,27.9864114,1.78399391,3,74
15,160,9.272952196,3,1,33.58024338,0.49067273,36.52010897,1.924508036,2,74
15,161,9.646451266,3,1,26.76491335,0.452572829,41.38213957,2.431409284,1,74
15,162,10.06061559,3,1,25.0784767,0.504717454,3.388517407,0,0,74
15,162,0,3,1,25.0784767,0.504717454,3.388517407,0,85,75
15,163,0.192601921,3,0,104.0803515,0.449544779,0.702514769,0,84,75
15,164,0.135547219,3,1,29.33316346,0.700574755,1.407107326,0,83,75
15,165,0.296942306,3,1,23.4077126,0.303923417,0,0,82,75
15,166,0.660406496,3,1,31.44314237,0.783710215,0,0.138430522,81,75
15,167,0.524311568,3,1,25.72819256,0.543579359,0,0.136372808,80,75
15,168,0.576844423,3,1,33.47768387,0.589142835,2.288501983,0,79,75
15,169,0.94451806,3,1,24.72352244,0.757741834,0.657716255,0,78,75
15,170,0.658727637,3,1,23.54662094,0.466251071,2.691563649,0,77,75
15,171,0.843317306,3,1,34.15409669,0.675935258,6.621169037,0.25232353,76,75
15,172,1.040605006,3,1,30.76603183,0.57338502,0.728561308,0.090045141,75,75
15,173,0.778007123,3,1,35.26666218,0.38386717,4.695639721,0,74,75
15,174,1.128707668,3,1,24.1209107,0.536917039,0,0.255507037,73,75
15,175,0.994693256,3,1,22.48321694,0.526566333,0,0.01429737,72,75
15,176,1.060872122,3,0,98.29395616,0.677645429,4.636859149,0.029553773,71,75
15,177,1.07214937,3,1,18.94348784,0.594915536,0,0.177164615,70,75
15,178,0.999939361,3,0,94.38843927,0.595418146,3.915773133,0.047201658,69,75
15,179,0.785104549,3,1,34.00502301,0.469027369,0.770424725,0,68,75
15,180,0.774919389,3,1,33.70408969,0.564474679,0.678148468,0,67,75
15,181,1.137414301,3,1,28.93273915,0.558936352,1.820181363,0,66,75
15,182,1.132197752,3,1,32.24293439,0.642763599,3.943653415,0.236773113,65,75
15,183,1.112926973,3,1,19.04006122,0.604198509,0,0,64,75
15,184,1.217281927,3,1,33.31879441,0.537508452,0,0.084479236,63,75
15,185,1.2656741,3,0,93.83967425,0.370840622,6.745991936,0.227605122,62,75
15,186,1.128534084,3,1,25.09502444,0.587154346,2.435101865,0.257595417,61,75
15,187,1.404537773,3,0,97.70254925,0.39571673,3.103602689,0,60,75
15,188,1.295870738,3,1,22.10828405,0.629990079,0.160370843,0.099969006,59,75
15,189,1.259413649,3,0,85.77591051,0.541429553,3.832949504,0,58,75
15,190,1.386416572,3,1,36.93222388,0.511518593,0,0.122699732,57,75
15,191,1.96573156,3,1,24.517616,0.605707378,0,0.064011062,56,75
15,192,1.944339651,3,0,94.37094526,0.670443819,4.599761939,0.051151694,55,75
15,193,1.884205412,3,1,31.10046071,0.581955398,3.034728231,0.308933817,54,75
15,194,2.05495779,3,0,102.5200888,0.673652745,0.166159214,0,53,75
15,195,2.158597807,3,0,83.73848517,0.429765986,8.786603945,0,52,75
15,196,2.107492044,3,0,111.1004941,0.50113568,6.540071624,0.218700414,51,75
15,197,2.55146905,3,1,30.26637487,0.53875439,6.715023362,0.091065267,50,75
15,198,2.613047143,3,1,33.30821815,0.474645428,9.645612989,0.404442391,49,75
15,199,2.555223979,3,1,34.85299365,0.57363513,6.604971385,0.115443625,48,75
15,200,2.727563286,3,1,27.13870671,0.45993139,6.019387711,0,47,75
15,201,2.57270812,3,1,26.01371391,0.510163343,4.858598401,0.372052472,46,75
15,202,2.783512612,3,0,113.7426521,0.518600626,12.04911254,0.396945773,45,75
15,203,2.638253555,3,1,29.18003649,0.585502111,5.094528992,0.563319972,44,75
15,204,2.757057788,3,1,28.91124224,0.506025611,6.946730919,0.184931316,43,75
15,205,3.001200091,3,1,40.62801274,0.532238263,4.475192337,0.495312788,42,75
15,206,3.249311453,3,1,32.53020822,0.629951393,10.6639601,0.087880536,41,75
15,207,3.272853575,3,0,105.6209431,0.56096176,5.797047511,0.301892507,40,75
15,208,3.46610141,3,0,90.38814802,0.352649715,17.15751361,0.301332719,39,75
15,209,3.617464034,3,1,23.14840286,0.291547572,9.830972969,0.321395993,38,75
15,210,3.509900711,3,1,38.36327039,0.497430307,7.888707707,0.255027725,37,75
15,211,3.648786838,3,1,33.51216115,0.590814257,17.40464433,0.570840486,36,75
15,212,3.560422491,3,0,99.57066896,0.448381613,10.91390585,0.377907417,35,75
15,213,3.943569276,3,1,30.73332918,0.38449583,4.706290144,0.320516156,34,75
15,214,3.744749306,3,1,32.48737647,0.504621996,5.971472044,0.299453972,33,75
15,215,3.81697155,3,0,91.25599622,0.670651222,6.715897563,0.343151466,32,75
15,216,3.781256095,3,1,22.32487351,0.519979227,8.785682346,0.285861571,31,75
15,217,4.232065053,3,1,26.1865602,0.66663523,7.941025081,0.360129028,30,75
15,218,4.011359646,3,1,31.54585072,0.496611882,7.702350161,0.407317804,29,75
15,219,4.350162736,3,1,39.59202612,0.52135198,10.80103007,0.548943891,28,75
15,220,4.292614274,3,0,100.562851,0.531835174,10.19530661,0.85739053,27,75
15,221,4.620235035,3,1,33.69577461,0.681441916,12.36578145,0.582355777,26,75
15,222,5.06875226,3,1,35.14576894,0.658388548,13.10197901,0.635162014,25,75
15,223,4.954237344,3,1,31.52202524,0.789909954,11.34313693,0.494344985,24,75
15,224,4.90372121,3,1,28.49820775,0.565660639,13.13459491,0.826601302,23,75
15,225,5.030776651,3,1,23.18747424,0.587913484,12.76944501,0.537050021,22,75
15,226,5.034182137,3,1,27.52457974,0.708796289,19.0056743,0.877024842,21,75
15,227,5.210921026,3,1,26.546348,0.560709938,12.61088168,0.695249623,20,75
15,228,5.491833725,3,1,31.44391705,0.537933108,17.77609704,0.718545878,19,75
15,229,6.107902642,3,1,37.95445291,0.41549049,22.15083596,0.701059842,18,75
15,230,6.11788533,3,1,31.55471418,0.424119696,18.37294325,1.140966854,17,75
15,231,6.423869647,3,1,33.16905752,0.534847858,16.72956761,1.31228311,16,75
15,232,6.639218199,3,0,100.4770886,0.603331577,20.54638541,1.063222307,15,75
15,233,6.661404157,3,1,24.83345252,0.681098654,25.64775382,0.912180526,14,75
15,234,6.688606442,3,1,32.43395737,0.441409521,22.30542184,1.37777251,13,75
15,235,6.76516269,3,0,104.1905537,0.533621813,22.20852091,1.304695946,12,75
15,236,6.986474013,3,1,28.298213,0.69504335,20.50732471,1.36063801,11,75
15,237,7.567799208,3,1,26.36621246,0.500118471,25.88664237,1.227486796,10,75
15,238,7.141752651,3,1,29.42643334,0.459643757,26.69369681,1.326455594,9,75
15,239,7.597911494,3,1,30.67753666,0.503004219,26.75658665,1.524480389,8,75
15,240,7.952770983,3,1,22.83392089,0.415056464,26.60899661,1.470672371,7,75
15,241,7.798734097,3,0,91.63037304,0.508426122,34.22120667,1.677505027,6,75
15,242,8.416906717,3,0,106.1793224,0.434493687,33.06866736,1.940635011,5,75
15,243,8.449921555,3,0,92.75920563,0.447241955,25.27450708,1.722818268,4,75
15,244,8.777970937,3,0,95.11671378,0.496394132,28.61494648,1.702501664,3,75
15,245,9.337815673,3,1,30.39287746,0.549441175,32.9737908,2.044737184,2,75
15,246,9.950525948,3,0,97.69866771,0.488619169,40.84685984,2.439246279,1,75
15,247,10.58988493,3,0,83.88293212,0.421897571,0,0,0,75
15,247,0,3,0,83.88293212,0.421897571,0,0,75,76
15,248,0.015337257,3,1,30.18312178,0.450941599,2.053676236,0,74,76
15,249,0.008134561,3,1,28.82433778,0.356204048,0,0,73,76
15,250,0.099430424,3,1,33.84930986,0.558465441,0,0,72,76
15,251,0.078798312,3,0,97.47889399,0.519760307,4.486005627,0,71,76
15,252,0.113748883,3,0,100.8774927,0.587623051,1.207552888,0.222288393,70,76
15,253,0.278637506,3,1,25.3486489,0.598823074,2.360378375,0.055228293,69,76
15,254,0,3,0,108.7573213,0.635796662,1.608820582,0.000428908,68,76
15,255,0.387571369,3,1,29.60560029,0.558352536,0,0,67,76
15,256,0.353065627,3,1,32.07211255,0.574352422,2.803138623,0,66,76
15,257,0.427053479,3,0,105.4584156,0.627474962,0,0.174446939,65,76
15,258,0.153722636,3,1,29.32204192,0.358493731,5.019587925,0.091049048,64,76
15,259,0.180739036,3,1,35.77664373,0.502286239,1.932365662,0,63,76
15,260,0.715428046,3,1,21.37889587,0.487097105,3.495253772,0.272705451,62,76
15,261,0.687381159,3,1,29.85249726,0.272144786,3.042427928,0.082673202,61,76
15,262,0.32609164,3,1,27.38672644,0.650453923,2.011758648,0.061112547,60,76
15,263,0.717271995,3,1,36.49161423,0.495835917,0,0,59,76
15,264,1.004181878,3,1,30.17247422,0.576161965,4.524223997,0.065703711,58,76
15,265,0.888437875,3,0,101.6858871,0.370391884,0,0.284044356,57,76
15,266,0.96980377,3,1,24.45417283,0.645809567,1.817122659,0.262034585,56,76
15,267,1.9211769,3,1,30.918501,0.621834577,2.457135664,0.231121171,55,76
15,268,2.152155057,3,1,27.10230469,0.597218294,1.949135473,0.036703803,54,76
15,269,1.684819381,3,1,19.45463057,0.436589843,4.445626996,0,53,76
15,270,1.911364801,3,0,107.0901677,0.663227587,8.031984519,0,52,76
15,271,1.847386924,3,1,24.80605005,0.632098934,3.453823135,0.186757206,51,76
15,272,2.092764525,3,1,20.31731387,0.607865129,4.444971961,0.028504513,50,76
15,273,2.08768885,3,1,30.21053608,0.52764798,7.936886829,0,49,76
15,274,2.310967658,3,0,104.3785135,0.435601735,3.403138191,0.067059354,48,76
15,275,2.495204609,3,1,31.32154125,0.482471109,0,0.061066768,47,76
15,276,2.614443828,3,1,40.09267366,0.571965201,4.054268554,0.17230289,46,76
15,277,2.79227188,3,1,38.0937991,0.524578404,4.688503413,0.04551353,45,76
15,278,2.7020055,3,1,38.2903847,0.655574606,8.998253785,0.160119147,44,76
15,279,2.855817389,3,1,19.85491941,0.512637314,2.695764108,0.385343022,43,76
15,280,3.09199447,3,0,86.88050599,0.4591015,0.244020611,0.266837483,42,76
15,281,2.847164571,3,0,109.869099,0.561444607,7.731881525,0.398510135,41,76
15,282,3.033930377,3,1,31.54044502,0.475957135,9.27603116,0.246953638,40,76
15,283,2.9409569,3,1,27.93553286,0.679523012,9.61754212,0.062599064,39,76
15,284,3.152635103,3,1,35.10459074,0.565184882,10.29349037,0.506096414,38,76
15,285,3.713869661,3,1,34.28426971,0.430876343,12.60802288,0.578995232,37,76
15,286,3.521881733,3,1,29.44980232,0.809856978,9.381604001,0.394553022,36,76
15,287,3.698782535,3,1,30.1430229,0.557271787,9.590029092,0.525566894,35,76
15,288,3.855428693,3,1,23.81739992,0.533611202,6.252383851,0.6094187,34,76
15,289,3.773840998,3,1,26.62416865,0.656586853,12.76899126,0.60969053,33,76
15,290,4.008119276,3,0,97.87153854,0.504987396,13.20075105,0.307358162,32,76
15,291,3.72702638,3,1,27.23228745,0.594360055,6.67017433,0.298609294,31,76
15,292,4.129402113,3,0,97.51099379,0.573407253,7.566612055,0.430547361,30,76
15,293,4.174980065,3,1,32.87259413,0.499586549,7.965140947,0.364373944,29,76
15,294,4.487192928,3,0,106.4369946,0.544671813,11.73202264,0.183004476,28,76
15,295,5.330597867,3,1,25.84264373,0.525286397,17.7091968,0.505763546,27,76
15,296,5.118671878,3,0,103.6078355,0.531647932,16.8198583,0.460010793,26,76
15,297,5.417823303,3,0,107.215226,0.646675021,16.67317714,0.660341882,25,76
15,298,5.25206737,3,1,18.52758122,0.394181228,14.9045027,0.720027717,24,76
15,299,5.403301384,3,1,25.23795223,0.513361292,15.84887613,0.560467052,23,76
15,300,5.664832489,3,1,30.63132948,0.504506045,17.76505071,0.970054653,22,76
15,301,5.735434515,3,1,36.92206114,0.403832669,18.1889148,1.270251217,21,76
15,302,5.768142979,3,1,34.18595872,0.42475323,15.66871106,0.898283006,20,76
15,303,6.221985997,3,1,37.69493342,0.446665926,19.97784176,1.002302637,19,76
15,304,6.036678415,3,1,28.59880696,0.481600237,22.08649786,1.117156277,18,76
15,305,6.640410807,3,0,93.15032316,0.43142664,30.27342571,1.157684737,17,76
15,306,6.677320043,3,1,29.54960636,0.73526633,25.0376592,1.094473037,16,76
15,307,6.623893255,3,1,29.69715218,0.482975592,19.04285055,0.950576455,15,76
15,308,6.652478289,3,1,28.0308323,0.567978891,26.65778998,0.962563859,14,76
15,309,6.73164016,3,0,110.9557297,0.546870597,23.51750175,1.056542472,13,76
15,310,6.912265042,3,1,36.21033499,0.625698179,25.73639101,1.314812326,12,76
15,311,6.88853519,3,1,25.70512167,0.39275886,18.8276275,1.291665065,11,76
15,312,7.727350006,3,1,33.32563953,0.497647584,22.23658821,1.551350282,10,76
15,313,7.746936916,3,0,102.1336674,0.571465071,25.63808392,1.469335977,9,76
15,314,7.955666467,3,1,31.37018961,0.32864805,28.19262898,1.500877301,8,76
15,315,8.049761302,3,0,120,0.653302506,28.18911689,1.522764072,7,76
15,316,8.300057543,3,1,35.08410032,0.590104748,30.42247461,1.6761604,6,76
15,317,8.705001697,3,1,19.32171586,0.578652326,28.08150162,1.919576877,5,76
15,318,8.952511024,3,1,33.25164354,0.542173538,37.00804685,1.696235954,4,76
15,319,9.228701683,3,1,39.53457427,0.49042898,34.12793973,1.962951465,3,76
15,320,9.819709867,3,1,32.75150541,0.338470625,33.25832885,2.190827681,2,76
15,321,9.991763465,3,1,34.69733369,0.60445418,38.90998025,2.396944448,1,76
15,322,10.0420848,3,1,33.64568381,0.616464562,0.948830373,0.273797009,0,76
15,322,0,3,1,33.64568381,0.616464562,0.948830373,0.273797009,78,77
15,323,0,3,1,32.14569144,0.39542768,1.491155659,0.06107941,77,77
15,324,0,3,1,34.28672529,0.603757162,0,0,76,77
15,325,0,3,1,33.93319779,0.479132575,0.115578567,0,75,77
15,326,0.135960021,3,0,92.26096997,0.717126671,1.114831829,0.033137305,74,77
15,327,0.683256247,3,1,27.41058023,0.555101951,3.746125293,0,73,77
15,328,0.68545183,3,1,29.22554726,0.372235165,0.897014776,0,72,77
15,329,1.049684335,3,1,33.16472836,0.428855661,0.768591141,0,71,77
15,330,1.21331571,3,1,36.99671532,0.569982528,1.828271457,0.103265136,70,77
15,331,1.208873398,3,1,27.84777289,0.50003598,1.72471817,0.079890892,69,77
15,332,1.245738598,3,0,110.6562852,0.44770349,2.505776752,0.251434726,68,77
15,333,1.702510881,3,0,106.1381328,0.368920968,5.166378598,0,67,77
15,334,1.534649853,3,0,104.3748411,0.521343907,6.185471191,0.166941724,66,77
15,335,1.822617078,3,0,100.5208801,0.57000316,0.573926036,0.2861785,65,77
15,336,1.772556928,3,1,18.54490616,0.53258732,0.426545513,0.140371806,64,77
15,337,1.632788201,3,1,32.7873948,0.543792508,0,0.332733222,63,77
15,338,1.730171135,3,1,34.58910087,0.490666791,1.808223355,0.21017756,62,77
15,339,1.84217952,3,1,28.53237957,0.50781794,1.492855408,0.098603999,61,77
15,340,1.706920953,3,1,33.2302486,0.69383501,2.430234341,0,60,77
15,341,1.804247854,3,0,97.35558262,0.700357746,2.660466247,0.278478667,59,77
15,342,1.982911127,3,1,24.53333635,0.462689497,5.195508612,0.014939216,58,77
15,343,1.884099222,3,0,107.2074546,0.543509293,3.34191972,0.218021816,57,77
15,344,2.430219634,3,1,24.48595551,0.608374628,5.77137907,0,56,77
15,345,2.577212265,3,0,102.0832135,0.59907612,0.28193742,0,55,77
15,346,2.259136459,3,1,37.68897967,0.599528236,2.826752317,0,54,77
15,347,2.324759363,3,0,89.90214638,0.285927849,0,0,53,77
15,348,2.288280765,3,0,97.83063057,0.522475026,1.98217926,0.120812585,52,77
15,349,2.685339016,3,1,32.30168219,0.535945803,4.898294257,0.387185841,51,77
15,350,2.497519385,3,1,21.43998719,0.588634289,0.853998515,0,50,77
15,351,2.625105318,3,1,28.41028835,0.484687101,4.11906144,0.035423078,49,77
15,352,2.677342263,3,0,93.15550616,0.568711434,0.307220263,0.155515779,48,77
15,353,2.981221234,3,1,29.03650862,0.619096788,3.791297762,0.128002472,47,77
15,354,3.136931156,3,1,30.35733191,0.577734123,6.541930413,0,46,77
15,355,2.747974191,3,0,97.79550079,0.580140316,6.132424548,0.052891747,45,77
15,356,3.476649446,3,1,36.19464236,0.50525471,5.343121841,0.3655176,44,77
15,357,3.413927486,3,1,34.17801852,0.693641635,6.034898924,0.673487595,43,77
15,358,3.122136531,3,1,26.48878584,0.612905308,10.79876399,0.254854289,42,77
15,359,3.593730776,3,1,29.44456201,0.369589937,5.7076032,0.524708736,41,77
15,360,3.467890842,3,0,105.2399473,0.572930882,7.059817993,0.418633838,40,77
15,361,3.475456675,3,1,34.31008155,0.559772402,5.645999068,0.357032557,39,77
15,362,3.652903288,3,0,112.9251764,0.55918074,8.723487438,0.138544593,38,77
15,363,3.69616354,3,1,32.10065337,0.630799814,3.751052004,0.176015394,37,77
15,364,3.66595693,3,1,27.3080231,0.625369093,5.999818645,0.302752241,36,77
15,365,3.701173501,3,0,92.02112804,0.568601488,9.381231138,0.483025504,35,77
15,366,3.782882207,3,1,36.38710135,0.637129258,12.54370216,0.308561655,34,77
15,367,4.302921484,3,1,32.63574495,0.422868551,10.8750556,0.384055526,33,77
15,368,4.405950584,3,0,98.94367871,0.575089699,10.61597445,0.422876782,32,77
15,369,4.99648393,3,1,29.42230556,0.608986174,9.145336794,0.617366985,31,77
15,370,4.533142508,3,1,39.60456514,0.525484976,10.46108363,0.543313585,30,77
15,371,4.911764523,3,0,107.7562066,0.516567524,10.77114951,0.634559378,29,77
15,372,4.608497375,3,1,33.17052519,0.545536684,11.15672034,0.314114089,28,77
15,373,4.780335555,3,1,30.8610896,0.438403033,8.500068973,0.43788086,27,77
15,374,4.695565557,3,1,37.385703,0.572144822,14.30437757,0.694592521,26,77
15,375,5.029279571,3,1,35.46197324,0.392626578,16.192433,0.610496025,25,77
15,376,4.722888156,3,0,100.4068841,0.539841462,18.01508188,0.509351391,24,77
15,377,4.910806194,3,1,23.17491359,0.625972138,8.560494517,0.477749718,23,77
15,378,4.959456235,3,1,31.69200355,0.601924178,15.19132295,0.549539833,22,77
15,379,5.230172161,3,1,36.92436983,0.590742775,17.73700773,0.621819051,21,77
15,380,5.266486736,3,1,27.71192629,0.558255512,15.92987151,0.638576131,20,77
15,381,5.425804976,3,1,36.59649235,0.427832434,11.19710453,0.637533982,19,77
15,382,5.092202346,3,1,32.17145421,0.555171067,16.09422122,0.75480487,18,77
15,383,5.021262736,3,1,25.80763598,0.597869656,14.7171868,0.738419754,17,77
15,384,5.331817196,3,0,102.1571693,0.526445601,14.77304515,0.818730819,16,77
15,385,5.390329596,3,0,98.91687081,0.540330014,17.80748552,0.933131272,15,77
15,386,5.14150225,3,0,113.5983963,0.814029551,9.973336886,0.886737601,14,77
15,387,5.440383745,3,1,20.13962721,0.382257627,17.3754284,0.919377826,13,77
15,388,5.243273679,3,0,97.76415699,0.561163437,17.55750483,0.58610025,12,77
15,389,6.578191402,3,1,26.35587745,0.486882507,22.67425699,1.260708222,11,77
15,390,6.279084258,3,0,112.1389202,0.474368816,16.94968433,1.45433012,10,77
15,391,6.735403196,3,0,96.30316779,0.553411478,22.5750356,1.556463402,9,77
15,392,7.76469878,3,1,32.05154205,0.526639325,29.59101707,1.383165459,8,77
15,393,7.93372129,3,1,23.17231352,0.544404906,27.77769521,1.710352871,7,77
15,394,8.08332281,3,1,26.80839743,0.409884993,28.43596925,1.499733005,6,77
15,395,8.104780397,3,0,98.05585895,0.575378021,25.64164936,1.639380055,5,77
15,396,8.462707826,3,1,24.14147205,0.536839685,29.73155837,1.756757793,4,77
15,397,8.712191665,3,1,38.5520419,0.547476262,38.13396469,1.820448486,3,77
15,398,9.80859562,3,1,26.87176339,0.657655417,35.91305612,2.35862694,2,77
15,399,9.871314468,3,1,29.12355424,0.789514143,44.02273831,2.494983943,1,77
15,400,11.01854509,3,1,32.74273,0.629840455,0,0,0,77
